tr|A0A7J6GVY7|A0A7J6GVY7_CANSA	Q921H8	56.8	421	1691	424	6.97e-142	437	24.9	96.0
tr|A0A7J6GVY7|A0A7J6GVY7_CANSA	Q8VCH0	57.0	421	1691	424	3.55e-141	435	24.9	96.0
tr|A0A7J6GVY7|A0A7J6GVY7_CANSA	P21775	56.8	421	1691	434	4.99e-141	435	24.9	93.8
tr|A0A7J6GVY7|A0A7J6GVY7_CANSA	P07871	56.8	421	1691	424	1.31e-140	434	24.9	96.0
tr|A0A7J6GVY7|A0A7J6GVY7_CANSA	P09110	56.1	419	1691	424	1.76e-139	431	24.7	94.3
tr|A0A7J6GVY7|A0A7J6GVY7_CANSA	Q2YVF5	40.9	406	1691	393	5.85e-87	282	23.4	98.7
tr|A0A7J6GVY7|A0A7J6GVY7_CANSA	Q5HIU0	40.9	406	1691	393	1.08e-86	281	23.4	98.7
tr|A0A7J6GVY7|A0A7J6GVY7_CANSA	Q6GJW4	40.9	406	1691	393	1.08e-86	281	23.4	98.7
tr|A0A7J6GVY7|A0A7J6GVY7_CANSA	Q2FJQ9	40.6	406	1691	393	3.71e-86	280	23.4	98.7
tr|A0A7J6GVY7|A0A7J6GVY7_CANSA	Q2G124	40.6	406	1691	393	3.71e-86	280	23.4	98.7
tr|A0A7J6GVY7|A0A7J6GVY7_CANSA	Q6GCB8	40.6	406	1691	393	5.05e-86	279	23.4	98.7
tr|A0A7J6GVY7|A0A7J6GVY7_CANSA	Q7A7L2	40.6	406	1691	393	5.05e-86	279	23.4	98.7
tr|A0A7J6GVY7|A0A7J6GVY7_CANSA	Q8NY95	40.6	406	1691	393	5.05e-86	279	23.4	98.7
tr|A0A7J6GVY7|A0A7J6GVY7_CANSA	Q99WM3	40.6	406	1691	393	5.05e-86	279	23.4	98.7
tr|A0A7J6GVY7|A0A7J6GVY7_CANSA	Q9ZHI1	42.5	412	1691	392	1.07e-84	275	23.5	99.5
tr|A0A7J6GVY7|A0A7J6GVY7_CANSA	Q5HS07	41.8	407	1691	394	3.87e-84	274	23.4	98.5
tr|A0A7J6GVY7|A0A7J6GVY7_CANSA	Q8CQN7	41.8	407	1691	394	3.87e-84	274	23.4	98.5
tr|A0A7J6GVY7|A0A7J6GVY7_CANSA	Q9I2A8	42.1	409	1691	393	9.46e-84	273	23.5	99.2
tr|A0A7J6GVY7|A0A7J6GVY7_CANSA	P14611	40.8	412	1691	393	3.26e-81	265	23.5	99.2
tr|A0A7J6GVY7|A0A7J6GVY7_CANSA	P45359	40.3	409	1691	392	4.31e-81	265	23.5	99.2
tr|A0A7J6GVY7|A0A7J6GVY7_CANSA	P44873	39.4	409	1691	393	2.81e-80	263	23.5	99.5
tr|A0A7J6GVY7|A0A7J6GVY7_CANSA	Q46939	40.4	411	1691	393	5.20e-78	256	23.5	99.0
tr|A0A7J6GVY7|A0A7J6GVY7_CANSA	P45363	38.5	410	1691	394	1.83e-77	254	23.7	99.7
tr|A0A7J6GVY7|A0A7J6GVY7_CANSA	P07097	40.2	405	1691	392	2.35e-77	254	23.3	98.2
tr|A0A7J6GVY7|A0A7J6GVY7_CANSA	P76461	40.1	406	1691	394	2.49e-77	254	23.4	98.5
tr|A0A7J6GVY7|A0A7J6GVY7_CANSA	P54810	39.7	406	1691	391	1.44e-76	252	23.4	98.7
tr|A0A7J6GVY7|A0A7J6GVY7_CANSA	Q18AR0	38.1	407	1691	391	1.68e-75	249	23.5	99.5
tr|A0A7J6GVY7|A0A7J6GVY7_CANSA	Q0KBP1	38.4	409	1691	394	4.60e-75	248	23.5	99.0
tr|A0A7J6GVY7|A0A7J6GVY7_CANSA	P45369	36.8	410	1691	394	2.90e-74	245	23.7	99.7
tr|A0A7J6GVY7|A0A7J6GVY7_CANSA	P50174	39.6	407	1691	393	2.41e-73	243	23.4	98.5
tr|A0A7J6GVY7|A0A7J6GVY7_CANSA	Q9BWD1	38.4	414	1691	397	5.81e-72	239	23.7	99.2
tr|A0A7J6GVY7|A0A7J6GVY7_CANSA	P42765	37.4	406	1691	397	9.18e-71	235	23.4	97.7
tr|A0A7J6GVY7|A0A7J6GVY7_CANSA	Q8CAY6	38.9	414	1691	397	9.18e-71	235	23.8	99.5
tr|A0A7J6GVY7|A0A7J6GVY7_CANSA	Q0AVM3	38.0	413	1691	396	3.04e-70	234	23.4	98.7
tr|A0A7J6GVY7|A0A7J6GVY7_CANSA	Q8BWT1	37.5	408	1691	397	1.07e-69	232	23.4	97.7
tr|A0A7J6GVY7|A0A7J6GVY7_CANSA	Q5RES5	36.8	405	1691	397	1.45e-69	232	23.4	97.7
tr|A0A7J6GVY7|A0A7J6GVY7_CANSA	Q5XI22	37.9	414	1691	397	1.97e-69	231	23.8	99.5
tr|A0A7J6GVY7|A0A7J6GVY7_CANSA	P13437	36.8	408	1691	397	2.67e-69	231	23.4	97.7
tr|A0A7J6GVY7|A0A7J6GVY7_CANSA	Q3T0R7	36.5	406	1691	397	2.28e-68	228	23.4	97.7
tr|A0A7J6GVY7|A0A7J6GVY7_CANSA	Q6L8K7	36.8	408	1691	397	1.43e-67	226	23.6	97.0
tr|A0A7J6GVY7|A0A7J6GVY7_CANSA	P45855	38.2	408	1691	393	2.37e-67	225	23.3	98.5
tr|A0A7J6GVY7|A0A7J6GVY7_CANSA	A0R1Y7	35.9	410	1691	388	9.52e-67	223	23.4	100
tr|A0A7J6GVY7|A0A7J6GVY7_CANSA	P46707	38.0	403	1691	393	3.73e-66	222	23.2	98.2
tr|A0A7J6GVY7|A0A7J6GVY7_CANSA	Q8S4Y1	37.5	413	1691	403	9.05e-66	221	23.4	96.8
tr|A0A7J6GVY7|A0A7J6GVY7_CANSA	P9WG69	37.2	406	1691	393	7.96e-65	218	23.4	99.0
tr|A0A7J6GVY7|A0A7J6GVY7_CANSA	P66927	36.9	406	1691	389	1.79e-64	217	23.4	100
tr|A0A7J6GVY7|A0A7J6GVY7_CANSA	P9WG68	36.9	406	1691	389	1.79e-64	217	23.4	100
tr|A0A7J6GVY7|A0A7J6GVY7_CANSA	Q9UQW6	34.3	411	1691	395	9.55e-62	209	23.5	98.7
tr|A0A7J6GVY7|A0A7J6GVY7_CANSA	Q29RZ0	32.8	408	1691	422	1.06e-61	210	23.4	91.0
tr|A0A7J6GVY7|A0A7J6GVY7_CANSA	Q9FIK7	35.9	412	1691	415	1.62e-61	209	23.4	94.0
tr|A0A7J6GVY7|A0A7J6GVY7_CANSA	P17764	32.7	410	1691	424	2.78e-61	209	23.5	91.3
tr|A0A7J6GVY7|A0A7J6GVY7_CANSA	Q86AD9	33.7	410	1691	414	8.34e-60	204	23.5	94.2
tr|A0A7J6GVY7|A0A7J6GVY7_CANSA	Q8QZT1	32.0	410	1691	424	1.98e-59	203	23.5	91.3
tr|A0A7J6GVY7|A0A7J6GVY7_CANSA	P24752	33.7	407	1691	427	1.80e-58	201	23.4	89.7
tr|A0A7J6GVY7|A0A7J6GVY7_CANSA	B0XMC1	34.2	418	1691	433	3.84e-58	200	23.6	90.5
tr|A0A7J6GVY7|A0A7J6GVY7_CANSA	Q4WLA8	34.2	418	1691	433	3.84e-58	200	23.6	90.5
tr|A0A7J6GVY7|A0A7J6GVY7_CANSA	Q6AZA0	31.5	410	1691	420	5.11e-58	199	23.5	92.1
tr|A0A7J6GVY7|A0A7J6GVY7_CANSA	Q8HXY6	33.4	407	1691	427	6.08e-58	199	23.4	89.7
tr|A0A7J6GVY7|A0A7J6GVY7_CANSA	Q5BKN8	32.1	411	1691	420	6.93e-58	199	23.5	92.1
tr|A0A7J6GVY7|A0A7J6GVY7_CANSA	Q6NU46	32.6	411	1691	420	1.27e-57	198	23.5	92.1
tr|A0A7J6GVY7|A0A7J6GVY7_CANSA	I1RY81	33.2	410	1691	396	3.18e-57	196	23.4	97.7
tr|A0A7J6GVY7|A0A7J6GVY7_CANSA	Q6GN02	32.6	411	1691	420	5.84e-57	196	23.5	92.1
tr|A0A7J6GVY7|A0A7J6GVY7_CANSA	I1RMA2	33.2	416	1691	430	2.52e-56	194	23.7	91.6
tr|A0A7J6GVY7|A0A7J6GVY7_CANSA	Q12598	33.6	417	1691	403	4.21e-54	187	23.8	98.8
tr|A0A7J6GVY7|A0A7J6GVY7_CANSA	Q04677	34.2	418	1691	403	7.73e-54	186	23.8	98.8
tr|A0A7J6GVY7|A0A7J6GVY7_CANSA	P41338	33.0	424	1691	398	7.80e-53	183	23.7	99.7
tr|A0A7J6GVY7|A0A7J6GVY7_CANSA	A0A1D8PH52	33.7	415	1691	402	2.91e-52	182	23.6	98.0
tr|A0A7J6GVY7|A0A7J6GVY7_CANSA	P73825	34.1	411	1691	396	6.26e-52	181	23.5	99.2
tr|A0A7J6GVY7|A0A7J6GVY7_CANSA	P10551	32.1	424	1691	398	7.49e-51	177	23.7	99.7
tr|A0A7J6GVY7|A0A7J6GVY7_CANSA	B0YA65	32.6	411	1691	398	2.12e-49	173	23.4	98.0
tr|A0A7J6GVY7|A0A7J6GVY7_CANSA	Q4WCL5	32.6	411	1691	398	2.12e-49	173	23.4	98.0
tr|A0A7J6GVY7|A0A7J6GVY7_CANSA	O26884	24.9	422	1691	383	7.09e-11	57.8	23.3	98.2
tr|A0A7J6DPF0|A0A7J6DPF0_CANSA	Q921H8	54.3	420	1559	424	1.26e-129	402	25.8	95.8
tr|A0A7J6DPF0|A0A7J6DPF0_CANSA	Q8VCH0	54.5	420	1559	424	1.75e-129	402	25.8	95.8
tr|A0A7J6DPF0|A0A7J6DPF0_CANSA	P07871	55.1	412	1559	424	1.23e-128	399	25.3	93.9
tr|A0A7J6DPF0|A0A7J6DPF0_CANSA	P21775	54.0	420	1559	434	2.38e-128	399	25.8	93.5
tr|A0A7J6DPF0|A0A7J6DPF0_CANSA	P09110	57.5	365	1559	424	4.27e-126	392	23.4	83.3
tr|A0A7J6DPF0|A0A7J6DPF0_CANSA	Q2YVF5	39.0	405	1559	393	4.61e-80	262	24.2	98.7
tr|A0A7J6DPF0|A0A7J6DPF0_CANSA	Q9ZHI1	41.6	397	1559	392	6.08e-80	261	24.5	95.9
tr|A0A7J6DPF0|A0A7J6DPF0_CANSA	Q5HIU0	39.0	405	1559	393	8.53e-80	261	24.2	98.7
tr|A0A7J6DPF0|A0A7J6DPF0_CANSA	Q6GJW4	39.0	405	1559	393	8.53e-80	261	24.2	98.7
tr|A0A7J6DPF0|A0A7J6DPF0_CANSA	Q2FJQ9	38.8	405	1559	393	2.92e-79	259	24.2	98.7
tr|A0A7J6DPF0|A0A7J6DPF0_CANSA	Q2G124	38.8	405	1559	393	2.92e-79	259	24.2	98.7
tr|A0A7J6DPF0|A0A7J6DPF0_CANSA	Q6GCB8	38.8	405	1559	393	3.97e-79	259	24.2	98.7
tr|A0A7J6DPF0|A0A7J6DPF0_CANSA	Q7A7L2	38.8	405	1559	393	3.97e-79	259	24.2	98.7
tr|A0A7J6DPF0|A0A7J6DPF0_CANSA	Q8NY95	38.8	405	1559	393	3.97e-79	259	24.2	98.7
tr|A0A7J6DPF0|A0A7J6DPF0_CANSA	Q99WM3	38.8	405	1559	393	3.97e-79	259	24.2	98.7
tr|A0A7J6DPF0|A0A7J6DPF0_CANSA	Q9I2A8	40.9	408	1559	393	5.40e-79	259	24.3	99.2
tr|A0A7J6DPF0|A0A7J6DPF0_CANSA	Q5HS07	39.9	406	1559	394	4.79e-78	256	24.2	98.5
tr|A0A7J6DPF0|A0A7J6DPF0_CANSA	Q8CQN7	39.9	406	1559	394	4.79e-78	256	24.2	98.5
tr|A0A7J6DPF0|A0A7J6DPF0_CANSA	P14611	39.5	397	1559	393	4.68e-76	250	24.5	95.7
tr|A0A7J6DPF0|A0A7J6DPF0_CANSA	P44873	38.2	408	1559	393	6.36e-76	250	24.4	99.5
tr|A0A7J6DPF0|A0A7J6DPF0_CANSA	P45359	39.3	394	1559	392	1.14e-75	249	24.5	95.7
tr|A0A7J6DPF0|A0A7J6DPF0_CANSA	Q46939	39.5	410	1559	393	7.43e-75	247	24.3	99.0
tr|A0A7J6DPF0|A0A7J6DPF0_CANSA	P45363	38.1	407	1559	394	1.92e-74	246	24.4	99.2
tr|A0A7J6DPF0|A0A7J6DPF0_CANSA	Q18AR0	37.9	401	1559	391	3.79e-73	242	25.1	98.2
tr|A0A7J6DPF0|A0A7J6DPF0_CANSA	P76461	38.7	393	1559	394	7.64e-73	241	24.5	95.4
tr|A0A7J6DPF0|A0A7J6DPF0_CANSA	Q0KBP1	38.3	394	1559	394	4.81e-72	239	24.5	95.4
tr|A0A7J6DPF0|A0A7J6DPF0_CANSA	P45369	36.7	392	1559	394	6.54e-72	238	24.5	95.4
tr|A0A7J6DPF0|A0A7J6DPF0_CANSA	P07097	40.7	376	1559	392	1.14e-71	238	23.4	91.1
tr|A0A7J6DPF0|A0A7J6DPF0_CANSA	P54810	38.3	405	1559	391	5.14e-71	236	24.2	98.7
tr|A0A7J6DPF0|A0A7J6DPF0_CANSA	P50174	38.8	394	1559	393	5.41e-69	230	24.6	94.4
tr|A0A7J6DPF0|A0A7J6DPF0_CANSA	Q9BWD1	37.6	410	1559	397	3.25e-67	225	24.4	98.5
tr|A0A7J6DPF0|A0A7J6DPF0_CANSA	Q8CAY6	38.5	410	1559	397	4.41e-67	224	24.4	98.7
tr|A0A7J6DPF0|A0A7J6DPF0_CANSA	P42765	36.0	405	1559	397	5.99e-67	224	24.2	97.7
tr|A0A7J6DPF0|A0A7J6DPF0_CANSA	Q0AVM3	36.9	412	1559	396	2.69e-66	222	24.2	98.7
tr|A0A7J6DPF0|A0A7J6DPF0_CANSA	Q5RES5	35.4	404	1559	397	9.42e-66	221	24.2	97.7
tr|A0A7J6DPF0|A0A7J6DPF0_CANSA	Q8BWT1	36.1	407	1559	397	9.42e-66	221	24.2	97.7
tr|A0A7J6DPF0|A0A7J6DPF0_CANSA	Q5XI22	37.3	410	1559	397	1.28e-65	220	24.4	98.7
tr|A0A7J6DPF0|A0A7J6DPF0_CANSA	P13437	35.4	407	1559	397	2.36e-65	219	24.2	97.7
tr|A0A7J6DPF0|A0A7J6DPF0_CANSA	Q3T0R7	35.6	405	1559	397	2.36e-65	219	24.2	97.7
tr|A0A7J6DPF0|A0A7J6DPF0_CANSA	Q6L8K7	35.9	396	1559	397	1.26e-63	214	24.8	94.2
tr|A0A7J6DPF0|A0A7J6DPF0_CANSA	P45855	36.9	406	1559	393	3.84e-63	213	24.1	98.5
tr|A0A7J6DPF0|A0A7J6DPF0_CANSA	Q8S4Y1	36.5	408	1559	403	3.15e-62	211	24.2	96.8
tr|A0A7J6DPF0|A0A7J6DPF0_CANSA	A0R1Y7	34.2	409	1559	388	6.09e-61	206	24.2	100
tr|A0A7J6DPF0|A0A7J6DPF0_CANSA	P46707	36.1	402	1559	393	1.09e-59	203	24.1	98.2
tr|A0A7J6DPF0|A0A7J6DPF0_CANSA	Q9FIK7	35.3	411	1559	415	4.81e-59	202	24.2	94.0
tr|A0A7J6DPF0|A0A7J6DPF0_CANSA	P9WG69	35.6	405	1559	393	6.81e-59	201	24.2	99.0
tr|A0A7J6DPF0|A0A7J6DPF0_CANSA	P66927	35.3	405	1559	389	1.53e-58	199	24.2	100
tr|A0A7J6DPF0|A0A7J6DPF0_CANSA	P9WG68	35.3	405	1559	389	1.53e-58	199	24.2	100
tr|A0A7J6DPF0|A0A7J6DPF0_CANSA	Q29RZ0	31.9	407	1559	422	8.91e-58	198	24.2	91.0
tr|A0A7J6DPF0|A0A7J6DPF0_CANSA	P17764	31.8	409	1559	424	1.27e-57	198	24.4	91.3
tr|A0A7J6DPF0|A0A7J6DPF0_CANSA	Q9UQW6	33.6	396	1559	395	2.06e-57	196	24.5	95.2
tr|A0A7J6DPF0|A0A7J6DPF0_CANSA	Q86AD9	33.0	409	1559	414	2.82e-56	194	24.4	94.2
tr|A0A7J6DPF0|A0A7J6DPF0_CANSA	Q8QZT1	31.1	409	1559	424	6.63e-56	193	24.4	91.3
tr|A0A7J6DPF0|A0A7J6DPF0_CANSA	P24752	32.8	406	1559	427	4.42e-55	191	24.2	89.7
tr|A0A7J6DPF0|A0A7J6DPF0_CANSA	Q8HXY6	32.8	406	1559	427	4.42e-55	191	24.2	89.7
tr|A0A7J6DPF0|A0A7J6DPF0_CANSA	B0XMC1	33.5	406	1559	433	1.27e-54	189	24.8	88.0
tr|A0A7J6DPF0|A0A7J6DPF0_CANSA	Q4WLA8	33.5	406	1559	433	1.27e-54	189	24.8	88.0
tr|A0A7J6DPF0|A0A7J6DPF0_CANSA	I1RY81	33.2	379	1559	396	3.19e-54	187	23.3	90.2
tr|A0A7J6DPF0|A0A7J6DPF0_CANSA	Q5BKN8	31.2	410	1559	420	1.43e-53	186	24.4	92.1
tr|A0A7J6DPF0|A0A7J6DPF0_CANSA	Q6NU46	31.7	410	1559	420	1.43e-53	186	24.4	92.1
tr|A0A7J6DPF0|A0A7J6DPF0_CANSA	Q6AZA0	30.3	409	1559	420	1.94e-53	186	24.4	92.1
tr|A0A7J6DPF0|A0A7J6DPF0_CANSA	Q6GN02	31.7	410	1559	420	6.54e-53	184	24.4	92.1
tr|A0A7J6DPF0|A0A7J6DPF0_CANSA	I1RMA2	31.9	448	1559	430	1.12e-52	184	27.8	99.1
tr|A0A7J6DPF0|A0A7J6DPF0_CANSA	Q12598	33.7	386	1559	403	7.63e-51	177	23.9	91.3
tr|A0A7J6DPF0|A0A7J6DPF0_CANSA	Q04677	34.4	387	1559	403	1.40e-50	177	23.9	91.3
tr|A0A7J6DPF0|A0A7J6DPF0_CANSA	A0A1D8PH52	33.9	384	1559	402	2.85e-49	173	23.6	90.5
tr|A0A7J6DPF0|A0A7J6DPF0_CANSA	P41338	32.1	420	1559	398	1.19e-48	171	24.3	99.0
tr|A0A7J6DPF0|A0A7J6DPF0_CANSA	P73825	32.9	410	1559	396	1.53e-48	171	24.3	99.2
tr|A0A7J6DPF0|A0A7J6DPF0_CANSA	P10551	32.1	386	1559	398	3.34e-47	167	23.3	90.5
tr|A0A7J6DPF0|A0A7J6DPF0_CANSA	B0YA65	32.9	380	1559	398	1.12e-46	165	23.3	90.5
tr|A0A7J6DPF0|A0A7J6DPF0_CANSA	Q4WCL5	32.9	380	1559	398	1.12e-46	165	23.3	90.5
tr|A0A7J6DPF0|A0A7J6DPF0_CANSA	O26884	25.6	386	1559	383	7.47e-09	51.2	23.0	88.8
tr|A0A7J6DSS6|A0A7J6DSS6_CANSA	Q8S4Y1	85.0	400	406	403	9.74e-245	664	98.5	99.3
tr|A0A7J6DSS6|A0A7J6DSS6_CANSA	Q9FIK7	78.3	400	406	415	1.20e-227	621	98.5	96.4
tr|A0A7J6DSS6|A0A7J6DSS6_CANSA	I1RY81	59.1	391	406	396	3.09e-154	434	96.3	98.2
tr|A0A7J6DSS6|A0A7J6DSS6_CANSA	B0YA65	59.9	392	406	398	1.54e-152	430	96.3	98.5
tr|A0A7J6DSS6|A0A7J6DSS6_CANSA	Q4WCL5	59.9	392	406	398	1.54e-152	430	96.3	98.5
tr|A0A7J6DSS6|A0A7J6DSS6_CANSA	Q9UQW6	58.2	390	406	395	5.26e-150	423	96.1	98.5
tr|A0A7J6DSS6|A0A7J6DSS6_CANSA	Q12598	54.9	390	406	403	1.60e-143	407	95.8	96.8
tr|A0A7J6DSS6|A0A7J6DSS6_CANSA	Q04677	54.9	390	406	403	4.56e-143	406	95.8	96.8
tr|A0A7J6DSS6|A0A7J6DSS6_CANSA	A0A1D8PH52	55.1	390	406	402	1.78e-142	404	95.8	97.0
tr|A0A7J6DSS6|A0A7J6DSS6_CANSA	Q86AD9	55.8	391	406	414	3.06e-141	402	96.3	94.0
tr|A0A7J6DSS6|A0A7J6DSS6_CANSA	P41338	53.9	395	406	398	8.18e-135	385	96.6	99.2
tr|A0A7J6DSS6|A0A7J6DSS6_CANSA	P10551	52.6	397	406	398	8.69e-132	377	97.0	99.7
tr|A0A7J6DSS6|A0A7J6DSS6_CANSA	Q29RZ0	52.3	392	406	422	3.55e-129	371	96.6	91.7
tr|A0A7J6DSS6|A0A7J6DSS6_CANSA	Q6NU46	53.6	392	406	420	2.69e-128	369	96.6	92.1
tr|A0A7J6DSS6|A0A7J6DSS6_CANSA	Q6GN02	53.8	392	406	420	6.15e-127	365	96.6	92.1
tr|A0A7J6DSS6|A0A7J6DSS6_CANSA	P17764	52.3	392	406	424	7.01e-127	365	96.6	91.3
tr|A0A7J6DSS6|A0A7J6DSS6_CANSA	Q5BKN8	53.8	392	406	420	1.75e-126	364	96.6	92.1
tr|A0A7J6DSS6|A0A7J6DSS6_CANSA	Q8QZT1	50.8	392	406	424	4.55e-125	361	96.6	91.3
tr|A0A7J6DSS6|A0A7J6DSS6_CANSA	Q6AZA0	52.6	390	406	420	1.61e-124	359	96.1	91.7
tr|A0A7J6DSS6|A0A7J6DSS6_CANSA	P24752	50.4	393	406	427	2.98e-121	351	96.8	90.9
tr|A0A7J6DSS6|A0A7J6DSS6_CANSA	Q6L8K7	51.7	387	406	397	3.66e-120	347	95.3	95.5
tr|A0A7J6DSS6|A0A7J6DSS6_CANSA	Q8HXY6	49.6	393	406	427	7.73e-119	345	96.8	90.9
tr|A0A7J6DSS6|A0A7J6DSS6_CANSA	I1RMA2	49.7	394	406	430	6.83e-118	343	96.3	90.7
tr|A0A7J6DSS6|A0A7J6DSS6_CANSA	B0XMC1	48.6	405	406	433	3.88e-115	336	98.8	92.6
tr|A0A7J6DSS6|A0A7J6DSS6_CANSA	Q4WLA8	48.6	405	406	433	3.88e-115	336	98.8	92.6
tr|A0A7J6DSS6|A0A7J6DSS6_CANSA	P14611	47.4	390	406	393	1.88e-108	317	96.1	99.0
tr|A0A7J6DSS6|A0A7J6DSS6_CANSA	Q9I2A8	46.4	390	406	393	3.02e-107	314	96.1	99.0
tr|A0A7J6DSS6|A0A7J6DSS6_CANSA	Q9ZHI1	49.0	392	406	392	8.29e-107	313	96.1	99.2
tr|A0A7J6DSS6|A0A7J6DSS6_CANSA	P45359	45.8	391	406	392	2.35e-106	312	96.3	99.2
tr|A0A7J6DSS6|A0A7J6DSS6_CANSA	Q5HIU0	46.4	390	406	393	1.94e-105	310	95.8	98.5
tr|A0A7J6DSS6|A0A7J6DSS6_CANSA	Q2FJQ9	46.2	390	406	393	7.76e-105	308	95.8	98.5
tr|A0A7J6DSS6|A0A7J6DSS6_CANSA	Q2G124	46.2	390	406	393	7.76e-105	308	95.8	98.5
tr|A0A7J6DSS6|A0A7J6DSS6_CANSA	Q6GCB8	46.2	390	406	393	1.10e-104	308	95.8	98.5
tr|A0A7J6DSS6|A0A7J6DSS6_CANSA	Q6GJW4	46.2	390	406	393	1.10e-104	308	95.8	98.5
tr|A0A7J6DSS6|A0A7J6DSS6_CANSA	Q8NY95	46.2	390	406	393	1.10e-104	308	95.8	98.5
tr|A0A7J6DSS6|A0A7J6DSS6_CANSA	Q7A7L2	46.2	390	406	393	4.39e-104	306	95.8	98.5
tr|A0A7J6DSS6|A0A7J6DSS6_CANSA	Q99WM3	46.2	390	406	393	4.39e-104	306	95.8	98.5
tr|A0A7J6DSS6|A0A7J6DSS6_CANSA	Q2YVF5	46.2	390	406	393	6.21e-104	306	95.8	98.5
tr|A0A7J6DSS6|A0A7J6DSS6_CANSA	P44873	48.9	395	406	393	1.76e-103	305	96.6	99.5
tr|A0A7J6DSS6|A0A7J6DSS6_CANSA	Q5HS07	46.2	383	406	394	5.80e-102	301	94.1	96.4
tr|A0A7J6DSS6|A0A7J6DSS6_CANSA	Q8CQN7	46.2	383	406	394	5.80e-102	301	94.1	96.4
tr|A0A7J6DSS6|A0A7J6DSS6_CANSA	Q46939	45.2	394	406	393	7.95e-102	300	96.3	99.0
tr|A0A7J6DSS6|A0A7J6DSS6_CANSA	Q18AR0	45.2	392	406	391	1.49e-101	300	96.3	99.5
tr|A0A7J6DSS6|A0A7J6DSS6_CANSA	P76461	47.6	395	406	394	6.55e-101	298	96.8	99.5
tr|A0A7J6DSS6|A0A7J6DSS6_CANSA	P45369	43.4	392	406	394	1.05e-99	295	96.6	99.2
tr|A0A7J6DSS6|A0A7J6DSS6_CANSA	Q0AVM3	45.5	398	406	396	1.11e-99	295	97.0	99.7
tr|A0A7J6DSS6|A0A7J6DSS6_CANSA	P45855	44.5	393	406	393	4.05e-99	293	96.6	99.5
tr|A0A7J6DSS6|A0A7J6DSS6_CANSA	A0R1Y7	45.6	388	406	388	7.82e-98	290	95.3	99.5
tr|A0A7J6DSS6|A0A7J6DSS6_CANSA	P54810	43.6	390	406	391	1.21e-97	290	95.3	98.2
tr|A0A7J6DSS6|A0A7J6DSS6_CANSA	Q8CAY6	45.3	393	406	397	5.81e-97	288	96.6	98.5
tr|A0A7J6DSS6|A0A7J6DSS6_CANSA	P46707	44.6	388	406	393	1.45e-96	287	95.3	98.2
tr|A0A7J6DSS6|A0A7J6DSS6_CANSA	Q5XI22	44.8	393	406	397	2.32e-96	286	96.6	98.5
tr|A0A7J6DSS6|A0A7J6DSS6_CANSA	Q9BWD1	45.8	393	406	397	4.63e-96	286	96.6	98.5
tr|A0A7J6DSS6|A0A7J6DSS6_CANSA	P45363	43.3	395	406	394	1.19e-95	285	97.0	99.7
tr|A0A7J6DSS6|A0A7J6DSS6_CANSA	P66927	44.3	388	406	389	2.59e-93	278	95.3	99.2
tr|A0A7J6DSS6|A0A7J6DSS6_CANSA	P9WG68	44.3	388	406	389	2.59e-93	278	95.3	99.2
tr|A0A7J6DSS6|A0A7J6DSS6_CANSA	P9WG69	44.3	388	406	393	2.92e-93	278	95.3	98.2
tr|A0A7J6DSS6|A0A7J6DSS6_CANSA	P50174	43.7	394	406	393	1.64e-89	269	96.3	98.7
tr|A0A7J6DSS6|A0A7J6DSS6_CANSA	P07097	42.9	392	406	392	7.07e-88	265	95.8	98.5
tr|A0A7J6DSS6|A0A7J6DSS6_CANSA	P73825	42.2	396	406	396	8.47e-81	246	96.3	99.2
tr|A0A7J6DSS6|A0A7J6DSS6_CANSA	P42765	39.5	392	406	397	1.92e-79	243	96.3	98.2
tr|A0A7J6DSS6|A0A7J6DSS6_CANSA	Q5RES5	39.5	392	406	397	7.58e-79	241	96.3	98.2
tr|A0A7J6DSS6|A0A7J6DSS6_CANSA	Q3T0R7	38.5	392	406	397	1.30e-76	236	96.3	98.2
tr|A0A7J6DSS6|A0A7J6DSS6_CANSA	Q0KBP1	40.0	395	406	394	2.38e-76	235	96.6	99.2
tr|A0A7J6DSS6|A0A7J6DSS6_CANSA	Q8BWT1	38.3	392	406	397	5.66e-75	231	96.3	98.2
tr|A0A7J6DSS6|A0A7J6DSS6_CANSA	P13437	38.0	392	406	397	2.23e-74	230	96.3	98.2
tr|A0A7J6DSS6|A0A7J6DSS6_CANSA	P07871	39.0	410	406	424	1.29e-69	218	99.3	93.6
tr|A0A7J6DSS6|A0A7J6DSS6_CANSA	Q921H8	39.0	413	406	424	1.29e-69	218	99.3	93.6
tr|A0A7J6DSS6|A0A7J6DSS6_CANSA	Q8VCH0	38.6	409	406	424	5.05e-69	217	99.3	93.6
tr|A0A7J6DSS6|A0A7J6DSS6_CANSA	P21775	38.8	410	406	434	9.16e-69	216	99.3	91.5
tr|A0A7J6DSS6|A0A7J6DSS6_CANSA	P09110	37.5	413	406	424	9.66e-65	206	99.3	93.6
tr|A0A7J6DSS6|A0A7J6DSS6_CANSA	Q58944	24.6	443	406	392	2.93e-09	50.1	96.8	98.7
tr|A0A7J6DSS6|A0A7J6DSS6_CANSA	A0A384E138	25.6	438	406	392	3.89e-09	49.7	96.8	98.7
tr|A0A7J6DSS6|A0A7J6DSS6_CANSA	O26884	30.4	125	406	383	3.34e-06	40.4	29.6	30.5
tr|A0A7J6F9D3|A0A7J6F9D3_CANSA	Q8VCH0	54.7	437	455	424	1.66e-148	422	95.8	99.1
tr|A0A7J6F9D3|A0A7J6F9D3_CANSA	P09110	57.5	388	455	424	3.33e-148	422	85.3	90.6
tr|A0A7J6F9D3|A0A7J6F9D3_CANSA	P07871	54.4	436	455	424	4.72e-148	421	95.8	99.1
tr|A0A7J6F9D3|A0A7J6F9D3_CANSA	Q921H8	53.8	437	455	424	4.72e-148	421	95.8	99.1
tr|A0A7J6F9D3|A0A7J6F9D3_CANSA	P21775	54.0	439	455	434	5.34e-147	419	96.3	97.2
tr|A0A7J6F9D3|A0A7J6F9D3_CANSA	Q9ZHI1	44.5	400	455	392	4.77e-99	295	85.5	99.5
tr|A0A7J6F9D3|A0A7J6F9D3_CANSA	Q2YVF5	42.1	404	455	393	6.14e-94	282	85.3	98.7
tr|A0A7J6F9D3|A0A7J6F9D3_CANSA	Q5HIU0	41.8	404	455	393	1.22e-93	281	85.3	98.7
tr|A0A7J6F9D3|A0A7J6F9D3_CANSA	Q6GJW4	41.8	404	455	393	2.44e-93	280	85.3	98.7
tr|A0A7J6F9D3|A0A7J6F9D3_CANSA	Q2FJQ9	41.6	404	455	393	4.86e-93	280	85.3	98.7
tr|A0A7J6F9D3|A0A7J6F9D3_CANSA	Q2G124	41.6	404	455	393	4.86e-93	280	85.3	98.7
tr|A0A7J6F9D3|A0A7J6F9D3_CANSA	Q7A7L2	41.6	404	455	393	4.86e-93	280	85.3	98.7
tr|A0A7J6F9D3|A0A7J6F9D3_CANSA	Q99WM3	41.6	404	455	393	4.86e-93	280	85.3	98.7
tr|A0A7J6F9D3|A0A7J6F9D3_CANSA	Q6GCB8	41.6	404	455	393	6.86e-93	279	85.3	98.7
tr|A0A7J6F9D3|A0A7J6F9D3_CANSA	Q8NY95	41.6	404	455	393	6.86e-93	279	85.3	98.7
tr|A0A7J6F9D3|A0A7J6F9D3_CANSA	P14611	41.9	406	455	393	3.38e-90	272	85.5	99.2
tr|A0A7J6F9D3|A0A7J6F9D3_CANSA	Q0KBP1	40.3	400	455	394	6.94e-90	271	85.5	99.0
tr|A0A7J6F9D3|A0A7J6F9D3_CANSA	Q9I2A8	40.0	400	455	393	2.97e-88	267	85.5	99.2
tr|A0A7J6F9D3|A0A7J6F9D3_CANSA	Q5HS07	39.7	401	455	394	8.58e-88	266	85.3	98.5
tr|A0A7J6F9D3|A0A7J6F9D3_CANSA	Q8CQN7	39.7	401	455	394	8.58e-88	266	85.3	98.5
tr|A0A7J6F9D3|A0A7J6F9D3_CANSA	P76461	41.4	399	455	394	1.21e-87	266	85.1	98.5
tr|A0A7J6F9D3|A0A7J6F9D3_CANSA	P07097	40.9	396	455	392	2.52e-86	262	84.8	98.2
tr|A0A7J6F9D3|A0A7J6F9D3_CANSA	P45359	39.3	400	455	392	7.06e-86	261	85.5	99.2
tr|A0A7J6F9D3|A0A7J6F9D3_CANSA	P45363	40.6	406	455	394	1.06e-85	261	85.7	99.2
tr|A0A7J6F9D3|A0A7J6F9D3_CANSA	P44873	39.1	402	455	393	2.04e-85	260	85.7	99.5
tr|A0A7J6F9D3|A0A7J6F9D3_CANSA	Q18AR0	38.8	405	455	391	1.31e-82	253	85.5	99.5
tr|A0A7J6F9D3|A0A7J6F9D3_CANSA	P50174	39.9	398	455	393	1.39e-82	253	85.3	98.5
tr|A0A7J6F9D3|A0A7J6F9D3_CANSA	P54810	40.1	397	455	391	1.85e-82	252	85.1	98.7
tr|A0A7J6F9D3|A0A7J6F9D3_CANSA	P45369	38.1	404	455	394	4.85e-80	246	85.7	99.2
tr|A0A7J6F9D3|A0A7J6F9D3_CANSA	Q9BWD1	39.3	407	455	397	5.81e-79	243	85.7	98.5
tr|A0A7J6F9D3|A0A7J6F9D3_CANSA	P42765	37.7	398	455	397	2.50e-77	239	85.1	97.7
tr|A0A7J6F9D3|A0A7J6F9D3_CANSA	Q5RES5	37.2	398	455	397	1.38e-76	237	85.1	97.7
tr|A0A7J6F9D3|A0A7J6F9D3_CANSA	Q3T0R7	37.4	398	455	397	2.74e-76	236	85.1	97.7
tr|A0A7J6F9D3|A0A7J6F9D3_CANSA	Q8CAY6	38.3	402	455	397	2.74e-76	236	85.7	98.5
tr|A0A7J6F9D3|A0A7J6F9D3_CANSA	Q46939	37.3	400	455	393	3.45e-76	236	85.5	99.0
tr|A0A7J6F9D3|A0A7J6F9D3_CANSA	Q8BWT1	36.9	407	455	397	5.43e-76	236	85.1	97.7
tr|A0A7J6F9D3|A0A7J6F9D3_CANSA	P13437	36.1	407	455	397	2.13e-75	234	85.1	97.7
tr|A0A7J6F9D3|A0A7J6F9D3_CANSA	Q0AVM3	38.2	403	455	396	2.26e-74	231	85.3	98.7
tr|A0A7J6F9D3|A0A7J6F9D3_CANSA	Q5XI22	38.1	402	455	397	2.32e-74	231	85.7	98.5
tr|A0A7J6F9D3|A0A7J6F9D3_CANSA	Q6L8K7	37.4	396	455	397	1.64e-70	221	84.8	95.7
tr|A0A7J6F9D3|A0A7J6F9D3_CANSA	P45855	37.9	398	455	393	2.24e-69	218	84.8	98.5
tr|A0A7J6F9D3|A0A7J6F9D3_CANSA	A0R1Y7	36.4	398	455	388	2.12e-68	216	85.1	100
tr|A0A7J6F9D3|A0A7J6F9D3_CANSA	P46707	36.5	395	455	393	1.25e-63	203	84.4	98.0
tr|A0A7J6F9D3|A0A7J6F9D3_CANSA	Q8S4Y1	36.9	406	455	403	4.45e-63	202	85.3	96.8
tr|A0A7J6F9D3|A0A7J6F9D3_CANSA	P9WG69	36.2	395	455	393	1.33e-62	201	84.4	98.0
tr|A0A7J6F9D3|A0A7J6F9D3_CANSA	P66927	35.9	395	455	389	3.32e-62	199	84.4	99.0
tr|A0A7J6F9D3|A0A7J6F9D3_CANSA	P9WG68	35.9	395	455	389	3.32e-62	199	84.4	99.0
tr|A0A7J6F9D3|A0A7J6F9D3_CANSA	Q9UQW6	34.1	402	455	395	5.75e-61	196	85.5	98.7
tr|A0A7J6F9D3|A0A7J6F9D3_CANSA	P17764	33.5	400	455	424	8.37e-61	197	85.7	91.3
tr|A0A7J6F9D3|A0A7J6F9D3_CANSA	Q6NU46	33.3	400	455	420	8.00e-60	194	85.7	92.1
tr|A0A7J6F9D3|A0A7J6F9D3_CANSA	Q6AZA0	33.2	401	455	420	3.07e-59	192	85.7	92.1
tr|A0A7J6F9D3|A0A7J6F9D3_CANSA	Q8QZT1	32.5	400	455	424	3.37e-59	192	85.7	91.3
tr|A0A7J6F9D3|A0A7J6F9D3_CANSA	Q29RZ0	32.0	400	455	422	6.29e-59	192	85.7	91.7
tr|A0A7J6F9D3|A0A7J6F9D3_CANSA	Q86AD9	32.8	402	455	414	1.99e-58	190	85.7	94.2
tr|A0A7J6F9D3|A0A7J6F9D3_CANSA	Q9FIK7	34.4	401	455	415	1.53e-57	188	85.3	94.0
tr|A0A7J6F9D3|A0A7J6F9D3_CANSA	Q6GN02	31.8	402	455	420	4.69e-57	187	85.7	92.1
tr|A0A7J6F9D3|A0A7J6F9D3_CANSA	Q5BKN8	31.1	402	455	420	6.56e-57	186	85.7	92.1
tr|A0A7J6F9D3|A0A7J6F9D3_CANSA	P73825	35.1	405	455	396	7.28e-57	186	85.5	99.2
tr|A0A7J6F9D3|A0A7J6F9D3_CANSA	B0XMC1	32.0	409	455	433	1.72e-56	186	86.6	91.2
tr|A0A7J6F9D3|A0A7J6F9D3_CANSA	Q4WLA8	32.0	409	455	433	1.72e-56	186	86.6	91.2
tr|A0A7J6F9D3|A0A7J6F9D3_CANSA	Q8HXY6	31.6	399	455	427	2.93e-56	185	85.5	90.4
tr|A0A7J6F9D3|A0A7J6F9D3_CANSA	P24752	31.6	399	455	427	4.10e-56	184	85.5	90.4
tr|A0A7J6F9D3|A0A7J6F9D3_CANSA	I1RMA2	31.5	406	455	430	4.39e-56	184	85.9	91.2
tr|A0A7J6F9D3|A0A7J6F9D3_CANSA	Q12598	34.7	403	455	403	4.60e-56	184	85.7	97.5
tr|A0A7J6F9D3|A0A7J6F9D3_CANSA	Q04677	34.6	408	455	403	4.79e-55	181	86.8	98.8
tr|A0A7J6F9D3|A0A7J6F9D3_CANSA	I1RY81	32.4	398	455	396	2.16e-54	179	85.1	97.7
tr|A0A7J6F9D3|A0A7J6F9D3_CANSA	A0A1D8PH52	33.3	408	455	402	5.02e-53	176	85.7	97.8
tr|A0A7J6F9D3|A0A7J6F9D3_CANSA	P41338	32.9	404	455	398	6.59e-52	172	85.5	99.0
tr|A0A7J6F9D3|A0A7J6F9D3_CANSA	P10551	32.4	404	455	398	1.31e-50	169	85.5	99.0
tr|A0A7J6F9D3|A0A7J6F9D3_CANSA	B0YA65	33.2	404	455	398	7.03e-49	164	85.1	98.0
tr|A0A7J6F9D3|A0A7J6F9D3_CANSA	Q4WCL5	33.2	404	455	398	7.03e-49	164	85.1	98.0
tr|A0A7J6F9D3|A0A7J6F9D3_CANSA	O26884	22.6	425	455	383	1.98e-09	50.8	84.8	98.2
tr|A0A7J6FJG9|A0A7J6FJG9_CANSA	P09110	57.9	387	454	424	3.02e-151	429	85.2	90.6
tr|A0A7J6FJG9|A0A7J6FJG9_CANSA	P07871	54.0	435	454	424	4.91e-150	426	95.8	99.1
tr|A0A7J6FJG9|A0A7J6FJG9_CANSA	Q921H8	55.0	416	454	424	6.95e-150	426	91.4	96.0
tr|A0A7J6FJG9|A0A7J6FJG9_CANSA	Q8VCH0	55.8	416	454	424	9.85e-150	426	91.4	96.0
tr|A0A7J6FJG9|A0A7J6FJG9_CANSA	P21775	53.4	438	454	434	2.24e-148	422	96.3	97.2
tr|A0A7J6FJG9|A0A7J6FJG9_CANSA	Q9ZHI1	44.6	399	454	392	1.30e-98	294	85.5	99.5
tr|A0A7J6FJG9|A0A7J6FJG9_CANSA	Q2YVF5	41.7	403	454	393	1.68e-93	281	85.2	98.7
tr|A0A7J6FJG9|A0A7J6FJG9_CANSA	Q5HIU0	41.4	403	454	393	3.34e-93	280	85.2	98.7
tr|A0A7J6FJG9|A0A7J6FJG9_CANSA	Q6GJW4	41.4	403	454	393	6.65e-93	279	85.2	98.7
tr|A0A7J6FJG9|A0A7J6FJG9_CANSA	Q2FJQ9	41.2	403	454	393	1.33e-92	278	85.2	98.7
tr|A0A7J6FJG9|A0A7J6FJG9_CANSA	Q2G124	41.2	403	454	393	1.33e-92	278	85.2	98.7
tr|A0A7J6FJG9|A0A7J6FJG9_CANSA	Q7A7L2	41.2	403	454	393	1.33e-92	278	85.2	98.7
tr|A0A7J6FJG9|A0A7J6FJG9_CANSA	Q99WM3	41.2	403	454	393	1.33e-92	278	85.2	98.7
tr|A0A7J6FJG9|A0A7J6FJG9_CANSA	Q6GCB8	41.2	403	454	393	1.87e-92	278	85.2	98.7
tr|A0A7J6FJG9|A0A7J6FJG9_CANSA	Q8NY95	41.2	403	454	393	1.87e-92	278	85.2	98.7
tr|A0A7J6FJG9|A0A7J6FJG9_CANSA	Q0KBP1	40.4	399	454	394	8.53e-91	274	85.5	99.0
tr|A0A7J6FJG9|A0A7J6FJG9_CANSA	P14611	41.5	405	454	393	1.84e-89	270	85.5	99.2
tr|A0A7J6FJG9|A0A7J6FJG9_CANSA	Q9I2A8	40.1	399	454	393	4.06e-88	267	85.5	99.2
tr|A0A7J6FJG9|A0A7J6FJG9_CANSA	Q5HS07	40.0	400	454	394	1.17e-87	266	85.2	98.5
tr|A0A7J6FJG9|A0A7J6FJG9_CANSA	Q8CQN7	40.0	400	454	394	1.17e-87	266	85.2	98.5
tr|A0A7J6FJG9|A0A7J6FJG9_CANSA	P07097	41.0	395	454	392	3.11e-87	265	84.8	98.2
tr|A0A7J6FJG9|A0A7J6FJG9_CANSA	P45359	39.3	399	454	392	8.71e-87	263	85.5	99.2
tr|A0A7J6FJG9|A0A7J6FJG9_CANSA	P76461	41.7	398	454	394	1.30e-86	263	85.0	98.5
tr|A0A7J6FJG9|A0A7J6FJG9_CANSA	P45363	40.5	405	454	394	2.87e-85	259	85.7	99.2
tr|A0A7J6FJG9|A0A7J6FJG9_CANSA	P44873	38.9	401	454	393	7.82e-85	258	85.7	99.5
tr|A0A7J6FJG9|A0A7J6FJG9_CANSA	Q18AR0	38.9	404	454	391	1.62e-83	255	85.5	99.5
tr|A0A7J6FJG9|A0A7J6FJG9_CANSA	P54810	39.9	396	454	391	2.53e-82	252	85.0	98.7
tr|A0A7J6FJG9|A0A7J6FJG9_CANSA	P50174	39.8	397	454	393	5.31e-82	251	85.2	98.5
tr|A0A7J6FJG9|A0A7J6FJG9_CANSA	P45369	38.0	403	454	394	1.32e-79	245	85.7	99.2
tr|A0A7J6FJG9|A0A7J6FJG9_CANSA	Q9BWD1	39.7	406	454	397	1.12e-78	243	85.7	98.5
tr|A0A7J6FJG9|A0A7J6FJG9_CANSA	P42765	38.3	397	454	397	8.72e-78	240	85.0	97.7
tr|A0A7J6FJG9|A0A7J6FJG9_CANSA	Q5RES5	37.8	397	454	397	4.82e-77	238	85.0	97.7
tr|A0A7J6FJG9|A0A7J6FJG9_CANSA	Q46939	37.8	399	454	393	6.07e-77	238	85.5	99.0
tr|A0A7J6FJG9|A0A7J6FJG9_CANSA	Q8BWT1	37.4	406	454	397	1.89e-76	237	85.0	97.7
tr|A0A7J6FJG9|A0A7J6FJG9_CANSA	Q8CAY6	38.7	401	454	397	2.67e-76	236	85.7	98.5
tr|A0A7J6FJG9|A0A7J6FJG9_CANSA	P13437	36.7	406	454	397	7.43e-76	235	85.0	97.7
tr|A0A7J6FJG9|A0A7J6FJG9_CANSA	Q3T0R7	37.5	397	454	397	7.43e-76	235	85.0	97.7
tr|A0A7J6FJG9|A0A7J6FJG9_CANSA	Q0AVM3	38.6	402	454	396	1.02e-75	235	85.2	98.7
tr|A0A7J6FJG9|A0A7J6FJG9_CANSA	Q5XI22	37.9	401	454	397	2.26e-74	231	85.7	98.5
tr|A0A7J6FJG9|A0A7J6FJG9_CANSA	Q6L8K7	37.2	395	454	397	4.43e-70	220	84.8	95.7
tr|A0A7J6FJG9|A0A7J6FJG9_CANSA	P45855	37.9	398	454	393	1.55e-69	219	84.8	98.5
tr|A0A7J6FJG9|A0A7J6FJG9_CANSA	A0R1Y7	36.3	397	454	388	5.71e-68	214	85.0	100
tr|A0A7J6FJG9|A0A7J6FJG9_CANSA	Q8S4Y1	37.0	405	454	403	5.70e-64	204	85.2	96.8
tr|A0A7J6FJG9|A0A7J6FJG9_CANSA	P46707	36.3	394	454	393	3.36e-63	202	84.4	98.0
tr|A0A7J6FJG9|A0A7J6FJG9_CANSA	P9WG69	36.3	394	454	393	6.61e-63	201	84.4	98.0
tr|A0A7J6FJG9|A0A7J6FJG9_CANSA	P66927	36.0	394	454	389	1.64e-62	200	84.4	99.0
tr|A0A7J6FJG9|A0A7J6FJG9_CANSA	P9WG68	36.0	394	454	389	1.64e-62	200	84.4	99.0
tr|A0A7J6FJG9|A0A7J6FJG9_CANSA	Q9UQW6	33.9	401	454	395	1.45e-61	198	85.5	98.7
tr|A0A7J6FJG9|A0A7J6FJG9_CANSA	P17764	33.3	399	454	424	2.24e-60	196	85.7	91.3
tr|A0A7J6FJG9|A0A7J6FJG9_CANSA	Q6NU46	33.3	399	454	420	1.09e-59	194	85.7	92.1
tr|A0A7J6FJG9|A0A7J6FJG9_CANSA	Q9FIK7	34.8	400	454	415	3.72e-59	192	85.2	94.0
tr|A0A7J6FJG9|A0A7J6FJG9_CANSA	Q86AD9	32.9	401	454	414	5.08e-59	192	85.7	94.2
tr|A0A7J6FJG9|A0A7J6FJG9_CANSA	Q6AZA0	33.3	400	454	420	5.86e-59	192	85.7	92.1
tr|A0A7J6FJG9|A0A7J6FJG9_CANSA	Q8QZT1	32.3	399	454	424	9.01e-59	191	85.7	91.3
tr|A0A7J6FJG9|A0A7J6FJG9_CANSA	Q29RZ0	31.8	399	454	422	1.68e-58	191	85.7	91.7
tr|A0A7J6FJG9|A0A7J6FJG9_CANSA	B0XMC1	32.4	408	454	433	5.93e-58	189	86.6	91.2
tr|A0A7J6FJG9|A0A7J6FJG9_CANSA	Q4WLA8	32.4	408	454	433	5.93e-58	189	86.6	91.2
tr|A0A7J6FJG9|A0A7J6FJG9_CANSA	P73825	35.1	404	454	396	1.33e-57	187	85.5	99.2
tr|A0A7J6FJG9|A0A7J6FJG9_CANSA	Q6GN02	31.9	401	454	420	6.40e-57	186	85.7	92.1
tr|A0A7J6FJG9|A0A7J6FJG9_CANSA	Q5BKN8	31.2	401	454	420	8.95e-57	186	85.7	92.1
tr|A0A7J6FJG9|A0A7J6FJG9_CANSA	I1RMA2	31.4	405	454	430	4.28e-56	184	85.9	91.2
tr|A0A7J6FJG9|A0A7J6FJG9_CANSA	Q8HXY6	31.9	398	454	427	5.59e-56	184	85.5	90.4
tr|A0A7J6FJG9|A0A7J6FJG9_CANSA	P24752	31.9	398	454	427	7.81e-56	184	85.5	90.4
tr|A0A7J6FJG9|A0A7J6FJG9_CANSA	Q12598	34.8	402	454	403	1.71e-55	182	85.7	97.5
tr|A0A7J6FJG9|A0A7J6FJG9_CANSA	Q04677	34.6	407	454	403	1.78e-54	179	86.8	98.8
tr|A0A7J6FJG9|A0A7J6FJG9_CANSA	I1RY81	32.5	397	454	396	5.76e-54	178	85.0	97.7
tr|A0A7J6FJG9|A0A7J6FJG9_CANSA	A0A1D8PH52	33.7	407	454	402	2.52e-53	176	85.7	97.8
tr|A0A7J6FJG9|A0A7J6FJG9_CANSA	P41338	32.8	408	454	398	2.44e-51	171	85.5	99.0
tr|A0A7J6FJG9|A0A7J6FJG9_CANSA	P10551	32.4	408	454	398	4.85e-50	167	85.5	99.0
tr|A0A7J6FJG9|A0A7J6FJG9_CANSA	B0YA65	33.3	403	454	398	3.60e-48	162	85.0	98.0
tr|A0A7J6FJG9|A0A7J6FJG9_CANSA	Q4WCL5	33.3	403	454	398	3.60e-48	162	85.0	98.0
tr|A0A7J6FJG9|A0A7J6FJG9_CANSA	O26884	22.6	424	454	383	8.46e-10	52.0	84.8	98.2
tr|A0A7J6G881|A0A7J6G881_CANSA	Q9FIK7	80.0	421	764	415	4.66e-236	657	55.1	100
tr|A0A7J6G881|A0A7J6G881_CANSA	Q8S4Y1	79.8	406	764	403	1.97e-229	639	53.1	99.3
tr|A0A7J6G881|A0A7J6G881_CANSA	I1RY81	58.0	395	764	396	1.32e-150	438	51.7	97.7
tr|A0A7J6G881|A0A7J6G881_CANSA	B0YA65	58.8	400	764	398	3.17e-149	434	52.0	98.5
tr|A0A7J6G881|A0A7J6G881_CANSA	Q4WCL5	58.8	400	764	398	3.17e-149	434	52.0	98.5
tr|A0A7J6G881|A0A7J6G881_CANSA	Q9UQW6	56.3	396	764	395	4.04e-146	426	51.8	98.5
tr|A0A7J6G881|A0A7J6G881_CANSA	Q12598	53.3	396	764	403	1.44e-136	402	51.7	96.8
tr|A0A7J6G881|A0A7J6G881_CANSA	Q04677	53.3	396	764	403	5.72e-136	400	51.7	96.8
tr|A0A7J6G881|A0A7J6G881_CANSA	A0A1D8PH52	53.5	396	764	402	1.10e-135	400	51.7	97.0
tr|A0A7J6G881|A0A7J6G881_CANSA	Q86AD9	54.4	395	764	414	4.50e-132	391	51.7	93.5
tr|A0A7J6G881|A0A7J6G881_CANSA	P41338	52.3	400	764	398	5.82e-131	387	52.0	99.0
tr|A0A7J6G881|A0A7J6G881_CANSA	P10551	51.8	400	764	398	1.81e-129	384	52.0	99.0
tr|A0A7J6G881|A0A7J6G881_CANSA	Q6AZA0	52.0	396	764	420	1.35e-122	367	51.8	91.7
tr|A0A7J6G881|A0A7J6G881_CANSA	Q29RZ0	50.5	396	764	422	4.45e-121	363	51.8	91.2
tr|A0A7J6G881|A0A7J6G881_CANSA	P17764	51.3	396	764	424	4.74e-121	363	51.8	90.8
tr|A0A7J6G881|A0A7J6G881_CANSA	Q8QZT1	50.5	396	764	424	1.87e-120	361	51.8	90.8
tr|A0A7J6G881|A0A7J6G881_CANSA	Q6GN02	52.3	396	764	420	1.28e-119	359	51.8	91.7
tr|A0A7J6G881|A0A7J6G881_CANSA	Q6NU46	51.5	396	764	420	2.54e-119	358	51.8	91.7
tr|A0A7J6G881|A0A7J6G881_CANSA	Q5BKN8	52.0	396	764	420	1.98e-118	356	51.8	91.7
tr|A0A7J6G881|A0A7J6G881_CANSA	Q6L8K7	51.3	396	764	397	1.45e-117	353	51.8	96.2
tr|A0A7J6G881|A0A7J6G881_CANSA	P24752	49.4	397	764	427	3.25e-115	348	52.0	90.4
tr|A0A7J6G881|A0A7J6G881_CANSA	Q8HXY6	48.6	397	764	427	7.66e-113	342	52.0	90.4
tr|A0A7J6G881|A0A7J6G881_CANSA	I1RMA2	49.8	402	764	430	4.64e-112	340	52.2	91.2
tr|A0A7J6G881|A0A7J6G881_CANSA	B0XMC1	49.5	402	764	433	7.80e-111	337	52.2	90.5
tr|A0A7J6G881|A0A7J6G881_CANSA	Q4WLA8	49.5	402	764	433	7.80e-111	337	52.2	90.5
tr|A0A7J6G881|A0A7J6G881_CANSA	Q9ZHI1	47.5	398	764	392	7.43e-104	317	51.8	99.2
tr|A0A7J6G881|A0A7J6G881_CANSA	Q9I2A8	45.2	396	764	393	4.20e-103	315	51.8	99.0
tr|A0A7J6G881|A0A7J6G881_CANSA	P14611	46.0	396	764	393	3.22e-102	313	51.8	99.0
tr|A0A7J6G881|A0A7J6G881_CANSA	P44873	48.5	400	764	393	6.85e-101	309	51.8	99.0
tr|A0A7J6G881|A0A7J6G881_CANSA	P45369	44.3	400	764	394	2.75e-100	308	52.1	99.2
tr|A0A7J6G881|A0A7J6G881_CANSA	Q5HIU0	44.3	395	764	393	3.74e-100	307	51.7	98.5
tr|A0A7J6G881|A0A7J6G881_CANSA	Q18AR0	43.6	397	764	391	9.71e-100	306	52.0	99.5
tr|A0A7J6G881|A0A7J6G881_CANSA	Q2FJQ9	44.1	395	764	393	1.45e-99	306	51.7	98.5
tr|A0A7J6G881|A0A7J6G881_CANSA	Q2G124	44.1	395	764	393	1.45e-99	306	51.7	98.5
tr|A0A7J6G881|A0A7J6G881_CANSA	Q6GCB8	44.1	395	764	393	2.04e-99	305	51.7	98.5
tr|A0A7J6G881|A0A7J6G881_CANSA	Q6GJW4	44.1	395	764	393	2.04e-99	305	51.7	98.5
tr|A0A7J6G881|A0A7J6G881_CANSA	Q8NY95	44.1	395	764	393	2.04e-99	305	51.7	98.5
tr|A0A7J6G881|A0A7J6G881_CANSA	Q7A7L2	44.1	395	764	393	2.86e-99	305	51.7	98.5
tr|A0A7J6G881|A0A7J6G881_CANSA	Q99WM3	44.1	395	764	393	2.86e-99	305	51.7	98.5
tr|A0A7J6G881|A0A7J6G881_CANSA	Q46939	44.4	399	764	393	5.63e-99	304	52.0	99.0
tr|A0A7J6G881|A0A7J6G881_CANSA	P45359	43.4	399	764	392	7.66e-99	304	52.0	99.2
tr|A0A7J6G881|A0A7J6G881_CANSA	Q2YVF5	44.1	395	764	393	7.90e-99	304	51.7	98.5
tr|A0A7J6G881|A0A7J6G881_CANSA	A0R1Y7	45.0	393	764	388	2.81e-97	300	51.4	99.5
tr|A0A7J6G881|A0A7J6G881_CANSA	Q5HS07	44.4	392	764	394	4.75e-97	299	51.3	97.5
tr|A0A7J6G881|A0A7J6G881_CANSA	Q8CQN7	44.4	392	764	394	4.75e-97	299	51.3	97.5
tr|A0A7J6G881|A0A7J6G881_CANSA	P46707	44.8	393	764	393	5.26e-95	294	51.4	98.2
tr|A0A7J6G881|A0A7J6G881_CANSA	P54810	42.7	393	764	391	6.93e-95	293	51.4	98.2
tr|A0A7J6G881|A0A7J6G881_CANSA	Q8CAY6	44.9	390	764	397	6.33e-94	291	50.7	95.7
tr|A0A7J6G881|A0A7J6G881_CANSA	P76461	45.0	404	764	394	1.59e-93	290	52.4	99.7
tr|A0A7J6G881|A0A7J6G881_CANSA	P45363	42.3	395	764	394	2.23e-93	290	51.7	98.5
tr|A0A7J6G881|A0A7J6G881_CANSA	Q5XI22	44.1	390	764	397	6.73e-93	288	50.7	95.7
tr|A0A7J6G881|A0A7J6G881_CANSA	P66927	44.5	393	764	389	2.03e-92	287	51.4	99.2
tr|A0A7J6G881|A0A7J6G881_CANSA	P9WG68	44.5	393	764	389	2.03e-92	287	51.4	99.2
tr|A0A7J6G881|A0A7J6G881_CANSA	P9WG69	44.5	393	764	393	2.30e-92	287	51.4	98.2
tr|A0A7J6G881|A0A7J6G881_CANSA	Q0AVM3	42.9	403	764	396	7.34e-91	283	52.2	99.5
tr|A0A7J6G881|A0A7J6G881_CANSA	Q9BWD1	44.6	390	764	397	2.91e-90	281	50.7	95.7
tr|A0A7J6G881|A0A7J6G881_CANSA	P45855	42.2	398	764	393	9.92e-90	280	52.1	99.5
tr|A0A7J6G881|A0A7J6G881_CANSA	P50174	41.0	395	764	393	1.70e-85	269	51.7	98.2
tr|A0A7J6G881|A0A7J6G881_CANSA	P07097	41.2	393	764	392	3.37e-84	265	51.4	98.0
tr|A0A7J6G881|A0A7J6G881_CANSA	Q8BWT1	39.2	398	764	397	2.48e-78	250	52.0	98.2
tr|A0A7J6G881|A0A7J6G881_CANSA	P13437	39.2	398	764	397	3.46e-78	249	52.0	98.2
tr|A0A7J6G881|A0A7J6G881_CANSA	Q3T0R7	38.7	398	764	397	1.34e-76	245	52.0	98.2
tr|A0A7J6G881|A0A7J6G881_CANSA	P42765	38.7	398	764	397	9.83e-76	243	52.0	98.2
tr|A0A7J6G881|A0A7J6G881_CANSA	P73825	40.6	401	764	396	1.86e-75	242	52.0	99.2
tr|A0A7J6G881|A0A7J6G881_CANSA	Q5RES5	38.7	398	764	397	5.16e-75	241	52.0	98.2
tr|A0A7J6G881|A0A7J6G881_CANSA	Q0KBP1	38.3	400	764	394	1.82e-73	237	52.0	99.0
tr|A0A7J6G881|A0A7J6G881_CANSA	P07871	38.2	401	764	424	3.00e-68	224	51.8	90.6
tr|A0A7J6G881|A0A7J6G881_CANSA	P21775	37.9	401	764	434	3.85e-67	221	51.8	88.5
tr|A0A7J6G881|A0A7J6G881_CANSA	Q8VCH0	37.7	401	764	424	1.52e-66	219	51.8	90.6
tr|A0A7J6G881|A0A7J6G881_CANSA	Q921H8	37.9	401	764	424	5.63e-66	218	51.8	90.6
tr|A0A7J6G881|A0A7J6G881_CANSA	P09110	37.5	405	764	424	2.74e-63	210	51.8	90.6
tr|A0A7J6G881|A0A7J6G881_CANSA	Q58944	22.2	442	764	392	1.06e-09	52.8	52.7	99.7
tr|A0A7J6G881|A0A7J6G881_CANSA	A0A384E138	23.3	443	764	392	1.31e-08	49.3	52.7	99.7
tr|A0A7J6HMD5|A0A7J6HMD5_CANSA	P44873	29.8	121	474	393	1.05e-06	42.4	25.1	27.2
tr|A0A7J6HMD5|A0A7J6HMD5_CANSA	Q5RES5	26.3	118	474	397	1.39e-06	42.0	24.9	26.7
tr|A0A7J6HMD5|A0A7J6HMD5_CANSA	P42765	25.4	118	474	397	1.84e-06	41.6	24.9	26.7
tr|A0A7J6HMD5|A0A7J6HMD5_CANSA	P13437	25.4	118	474	397	9.86e-06	39.3	24.9	26.7
tr|A0A7J6HW56|A0A7J6HW56_CANSA	Q9FIK7	81.7	405	679	415	8.30e-238	658	59.6	97.6
tr|A0A7J6HW56|A0A7J6HW56_CANSA	Q8S4Y1	81.0	400	679	403	1.34e-233	647	58.9	99.3
tr|A0A7J6HW56|A0A7J6HW56_CANSA	I1RY81	58.9	389	679	396	4.90e-155	446	57.3	97.7
tr|A0A7J6HW56|A0A7J6HW56_CANSA	B0YA65	59.6	394	679	398	1.19e-153	443	57.6	98.5
tr|A0A7J6HW56|A0A7J6HW56_CANSA	Q4WCL5	59.6	394	679	398	1.19e-153	443	57.6	98.5
tr|A0A7J6HW56|A0A7J6HW56_CANSA	Q9UQW6	57.2	390	679	395	1.10e-150	435	57.4	98.5
tr|A0A7J6HW56|A0A7J6HW56_CANSA	Q12598	53.8	390	679	403	1.72e-140	409	57.3	96.8
tr|A0A7J6HW56|A0A7J6HW56_CANSA	Q04677	53.8	390	679	403	6.87e-140	408	57.3	96.8
tr|A0A7J6HW56|A0A7J6HW56_CANSA	A0A1D8PH52	54.1	390	679	402	1.33e-139	407	57.3	97.0
tr|A0A7J6HW56|A0A7J6HW56_CANSA	P41338	52.8	394	679	398	1.04e-134	394	57.6	99.0
tr|A0A7J6HW56|A0A7J6HW56_CANSA	Q86AD9	54.2	389	679	414	1.41e-133	392	57.3	93.5
tr|A0A7J6HW56|A0A7J6HW56_CANSA	P10551	52.3	394	679	398	3.30e-133	390	57.6	99.0
tr|A0A7J6HW56|A0A7J6HW56_CANSA	Q6AZA0	52.6	390	679	420	5.31e-126	373	57.4	91.7
tr|A0A7J6HW56|A0A7J6HW56_CANSA	Q6GN02	53.1	390	679	420	4.67e-124	368	57.4	91.7
tr|A0A7J6HW56|A0A7J6HW56_CANSA	Q29RZ0	50.8	390	679	422	4.99e-124	368	57.4	91.2
tr|A0A7J6HW56|A0A7J6HW56_CANSA	P17764	51.5	390	679	424	7.51e-124	367	57.4	90.8
tr|A0A7J6HW56|A0A7J6HW56_CANSA	Q6NU46	52.3	390	679	420	9.31e-124	367	57.4	91.7
tr|A0A7J6HW56|A0A7J6HW56_CANSA	Q8QZT1	50.8	390	679	424	2.98e-123	366	57.4	90.8
tr|A0A7J6HW56|A0A7J6HW56_CANSA	Q5BKN8	52.8	390	679	420	7.34e-123	365	57.4	91.7
tr|A0A7J6HW56|A0A7J6HW56_CANSA	Q6L8K7	51.9	387	679	397	2.39e-120	357	57.0	95.5
tr|A0A7J6HW56|A0A7J6HW56_CANSA	P24752	49.9	391	679	427	3.54e-119	355	57.6	90.4
tr|A0A7J6HW56|A0A7J6HW56_CANSA	Q8HXY6	49.1	391	679	427	8.63e-117	349	57.6	90.4
tr|A0A7J6HW56|A0A7J6HW56_CANSA	B0XMC1	49.7	396	679	433	2.53e-114	343	57.9	90.5
tr|A0A7J6HW56|A0A7J6HW56_CANSA	Q4WLA8	49.7	396	679	433	2.53e-114	343	57.9	90.5
tr|A0A7J6HW56|A0A7J6HW56_CANSA	I1RMA2	49.5	396	679	430	3.25e-114	343	57.9	91.2
tr|A0A7J6HW56|A0A7J6HW56_CANSA	Q9ZHI1	48.0	392	679	392	1.16e-105	319	57.4	99.2
tr|A0A7J6HW56|A0A7J6HW56_CANSA	Q9I2A8	44.6	390	679	393	1.69e-105	319	57.4	99.0
tr|A0A7J6HW56|A0A7J6HW56_CANSA	P14611	46.2	390	679	393	1.31e-104	317	57.4	99.0
tr|A0A7J6HW56|A0A7J6HW56_CANSA	Q5HIU0	44.9	390	679	393	2.22e-102	311	57.3	98.5
tr|A0A7J6HW56|A0A7J6HW56_CANSA	Q2FJQ9	44.6	390	679	393	8.69e-102	309	57.3	98.5
tr|A0A7J6HW56|A0A7J6HW56_CANSA	Q2G124	44.6	390	679	393	8.69e-102	309	57.3	98.5
tr|A0A7J6HW56|A0A7J6HW56_CANSA	Q6GCB8	44.6	390	679	393	1.22e-101	309	57.3	98.5
tr|A0A7J6HW56|A0A7J6HW56_CANSA	Q6GJW4	44.6	390	679	393	1.22e-101	309	57.3	98.5
tr|A0A7J6HW56|A0A7J6HW56_CANSA	Q8NY95	44.6	390	679	393	1.22e-101	309	57.3	98.5
tr|A0A7J6HW56|A0A7J6HW56_CANSA	Q7A7L2	44.6	390	679	393	1.72e-101	308	57.3	98.5
tr|A0A7J6HW56|A0A7J6HW56_CANSA	Q99WM3	44.6	390	679	393	1.72e-101	308	57.3	98.5
tr|A0A7J6HW56|A0A7J6HW56_CANSA	Q2YVF5	44.6	390	679	393	4.79e-101	307	57.3	98.5
tr|A0A7J6HW56|A0A7J6HW56_CANSA	P45369	43.6	392	679	394	4.95e-101	307	57.7	99.2
tr|A0A7J6HW56|A0A7J6HW56_CANSA	P44873	48.3	393	679	393	6.74e-101	307	57.4	99.0
tr|A0A7J6HW56|A0A7J6HW56_CANSA	Q18AR0	43.9	392	679	391	1.25e-100	306	57.6	99.5
tr|A0A7J6HW56|A0A7J6HW56_CANSA	Q46939	44.4	392	679	393	3.72e-100	305	57.6	99.0
tr|A0A7J6HW56|A0A7J6HW56_CANSA	A0R1Y7	45.6	388	679	388	2.46e-99	303	57.0	99.5
tr|A0A7J6HW56|A0A7J6HW56_CANSA	P45359	43.4	392	679	392	2.79e-99	303	57.6	99.2
tr|A0A7J6HW56|A0A7J6HW56_CANSA	Q5HS07	44.6	383	679	394	1.78e-97	298	56.3	96.4
tr|A0A7J6HW56|A0A7J6HW56_CANSA	Q8CQN7	44.6	383	679	394	1.78e-97	298	56.3	96.4
tr|A0A7J6HW56|A0A7J6HW56_CANSA	P54810	43.3	388	679	391	2.28e-97	298	57.0	98.2
tr|A0A7J6HW56|A0A7J6HW56_CANSA	P46707	45.4	388	679	393	2.42e-97	298	57.0	98.2
tr|A0A7J6HW56|A0A7J6HW56_CANSA	P66927	45.1	388	679	389	9.83e-95	291	57.0	99.2
tr|A0A7J6HW56|A0A7J6HW56_CANSA	P9WG68	45.1	388	679	389	9.83e-95	291	57.0	99.2
tr|A0A7J6HW56|A0A7J6HW56_CANSA	P9WG69	45.1	388	679	393	1.11e-94	291	57.0	98.2
tr|A0A7J6HW56|A0A7J6HW56_CANSA	Q8CAY6	44.2	394	679	397	2.48e-94	290	57.3	97.7
tr|A0A7J6HW56|A0A7J6HW56_CANSA	Q0AVM3	43.3	397	679	396	3.38e-94	290	57.9	99.5
tr|A0A7J6HW56|A0A7J6HW56_CANSA	P45363	42.3	390	679	394	6.28e-94	289	57.3	98.5
tr|A0A7J6HW56|A0A7J6HW56_CANSA	P76461	45.2	394	679	394	1.74e-93	288	57.6	99.0
tr|A0A7J6HW56|A0A7J6HW56_CANSA	Q5XI22	43.4	394	679	397	2.68e-93	287	57.3	97.7
tr|A0A7J6HW56|A0A7J6HW56_CANSA	P45855	42.7	393	679	393	2.76e-91	282	57.7	99.5
tr|A0A7J6HW56|A0A7J6HW56_CANSA	Q9BWD1	43.8	390	679	397	1.21e-90	280	57.3	97.7
tr|A0A7J6HW56|A0A7J6HW56_CANSA	P50174	41.5	390	679	393	1.32e-87	272	57.3	98.2
tr|A0A7J6HW56|A0A7J6HW56_CANSA	P07097	41.8	388	679	392	1.93e-86	269	57.0	98.0
tr|A0A7J6HW56|A0A7J6HW56_CANSA	Q8BWT1	39.8	392	679	397	2.28e-80	253	57.6	98.2
tr|A0A7J6HW56|A0A7J6HW56_CANSA	P13437	39.8	392	679	397	3.19e-80	253	57.6	98.2
tr|A0A7J6HW56|A0A7J6HW56_CANSA	Q3T0R7	39.3	392	679	397	1.80e-78	248	57.6	98.2
tr|A0A7J6HW56|A0A7J6HW56_CANSA	P42765	39.3	392	679	397	9.66e-78	246	57.6	98.2
tr|A0A7J6HW56|A0A7J6HW56_CANSA	P73825	40.9	396	679	396	5.03e-77	244	57.6	99.2
tr|A0A7J6HW56|A0A7J6HW56_CANSA	Q5RES5	39.3	392	679	397	5.17e-77	244	57.6	98.2
tr|A0A7J6HW56|A0A7J6HW56_CANSA	Q0KBP1	38.6	394	679	394	2.65e-75	240	57.6	99.0
tr|A0A7J6HW56|A0A7J6HW56_CANSA	P07871	38.1	396	679	424	7.22e-69	224	57.4	90.6
tr|A0A7J6HW56|A0A7J6HW56_CANSA	P21775	37.9	396	679	434	9.50e-68	221	57.4	88.5
tr|A0A7J6HW56|A0A7J6HW56_CANSA	Q8VCH0	37.6	396	679	424	3.84e-67	219	57.4	90.6
tr|A0A7J6HW56|A0A7J6HW56_CANSA	Q921H8	37.9	396	679	424	1.44e-66	218	57.4	90.6
tr|A0A7J6HW56|A0A7J6HW56_CANSA	P09110	37.8	400	679	424	7.59e-64	210	57.4	90.6
tr|A0A7J6HW56|A0A7J6HW56_CANSA	Q58944	21.3	432	679	392	3.67e-09	50.8	57.9	98.7
tr|A0A7J6HW56|A0A7J6HW56_CANSA	A0A384E138	23.5	426	679	392	1.96e-08	48.5	56.6	96.9
tr|A0A7J6DJQ4|A0A7J6DJQ4_CANSA	Q9FIK7	43.3	194	388	415	1.18e-28	108	49.0	40.5
tr|A0A7J6DJQ4|A0A7J6DJQ4_CANSA	Q8S4Y1	42.3	194	388	403	4.92e-28	106	49.0	41.7
tr|A0A7J6DJQ4|A0A7J6DJQ4_CANSA	I1RY81	36.8	190	388	396	4.12e-23	92.0	49.0	42.2
tr|A0A7J6DJQ4|A0A7J6DJQ4_CANSA	Q9UQW6	41.5	94	388	395	8.06e-19	79.3	24.2	21.3
tr|A0A7J6DJQ4|A0A7J6DJQ4_CANSA	B0YA65	32.1	193	388	398	1.99e-18	78.2	49.7	43.0
tr|A0A7J6DJQ4|A0A7J6DJQ4_CANSA	Q4WCL5	32.1	193	388	398	1.99e-18	78.2	49.7	43.0
tr|A0A7J6DJQ4|A0A7J6DJQ4_CANSA	Q12598	43.2	88	388	403	1.19e-17	75.9	22.7	19.4
tr|A0A7J6DJQ4|A0A7J6DJQ4_CANSA	Q04677	43.2	88	388	403	2.13e-17	75.1	22.7	19.4
tr|A0A7J6DJQ4|A0A7J6DJQ4_CANSA	A0A1D8PH52	42.7	89	388	402	3.81e-17	74.3	22.9	19.7
tr|A0A7J6DJQ4|A0A7J6DJQ4_CANSA	P10551	40.4	89	388	398	1.65e-15	69.3	22.7	19.8
tr|A0A7J6DJQ4|A0A7J6DJQ4_CANSA	P41338	40.4	89	388	398	1.65e-15	69.3	22.7	19.8
tr|A0A7J6DJQ4|A0A7J6DJQ4_CANSA	Q86AD9	43.2	88	388	414	1.75e-15	69.3	22.7	18.8
tr|A0A7J6DJQ4|A0A7J6DJQ4_CANSA	Q5BKN8	40.9	88	388	420	3.18e-14	65.5	22.7	18.6
tr|A0A7J6DJQ4|A0A7J6DJQ4_CANSA	Q6NU46	39.8	88	388	420	4.24e-14	65.1	22.7	18.6
tr|A0A7J6DJQ4|A0A7J6DJQ4_CANSA	Q6GN02	40.9	88	388	420	1.00e-13	63.9	22.7	18.6
tr|A0A7J6DJQ4|A0A7J6DJQ4_CANSA	P17764	42.0	81	388	424	5.66e-13	61.6	20.9	16.7
tr|A0A7J6DJQ4|A0A7J6DJQ4_CANSA	Q8QZT1	40.7	81	388	424	7.53e-13	61.2	20.9	16.7
tr|A0A7J6DJQ4|A0A7J6DJQ4_CANSA	Q6AZA0	38.4	86	388	420	9.93e-13	60.8	22.2	18.1
tr|A0A7J6DJQ4|A0A7J6DJQ4_CANSA	Q29RZ0	39.5	81	388	422	1.77e-12	60.1	20.9	16.8
tr|A0A7J6DJQ4|A0A7J6DJQ4_CANSA	Q6L8K7	40.9	88	388	397	9.21e-12	57.8	22.7	19.6
tr|A0A7J6DJQ4|A0A7J6DJQ4_CANSA	I1RMA2	40.7	86	388	430	9.95e-12	57.8	22.2	17.7
tr|A0A7J6DJQ4|A0A7J6DJQ4_CANSA	B0XMC1	38.4	86	388	433	9.73e-11	54.7	22.2	17.6
tr|A0A7J6DJQ4|A0A7J6DJQ4_CANSA	Q4WLA8	38.4	86	388	433	9.73e-11	54.7	22.2	17.6
tr|A0A7J6DJQ4|A0A7J6DJQ4_CANSA	Q8HXY6	35.2	88	388	427	1.28e-10	54.3	22.7	18.3
tr|A0A7J6DJQ4|A0A7J6DJQ4_CANSA	A0R1Y7	42.1	76	388	388	1.56e-10	53.9	19.6	17.0
tr|A0A7J6DJQ4|A0A7J6DJQ4_CANSA	Q9BWD1	35.7	98	388	397	1.60e-10	53.9	25.3	21.4
tr|A0A7J6DJQ4|A0A7J6DJQ4_CANSA	P24752	35.2	88	388	427	2.25e-10	53.5	22.7	18.3
tr|A0A7J6DJQ4|A0A7J6DJQ4_CANSA	Q8CAY6	37.2	86	388	397	3.74e-10	52.8	22.2	19.1
tr|A0A7J6DJQ4|A0A7J6DJQ4_CANSA	Q5XI22	36.0	86	388	397	1.55e-09	50.8	22.2	19.1
tr|A0A7J6DJQ4|A0A7J6DJQ4_CANSA	P45855	37.8	82	388	393	4.78e-09	49.3	21.1	18.3
tr|A0A7J6DJQ4|A0A7J6DJQ4_CANSA	P66927	39.5	76	388	389	6.29e-09	48.9	19.6	17.0
tr|A0A7J6DJQ4|A0A7J6DJQ4_CANSA	P9WG68	39.5	76	388	389	6.29e-09	48.9	19.6	17.0
tr|A0A7J6DJQ4|A0A7J6DJQ4_CANSA	P46707	39.5	76	388	393	6.34e-09	48.9	19.6	16.8
tr|A0A7J6DJQ4|A0A7J6DJQ4_CANSA	P9WG69	39.5	76	388	393	6.34e-09	48.9	19.6	16.8
tr|A0A7J6DJQ4|A0A7J6DJQ4_CANSA	P76461	38.5	91	388	394	8.44e-09	48.5	23.5	20.6
tr|A0A7J6DJQ4|A0A7J6DJQ4_CANSA	Q7A7L2	38.1	84	388	393	1.48e-08	47.8	21.6	18.8
tr|A0A7J6DJQ4|A0A7J6DJQ4_CANSA	Q99WM3	38.1	84	388	393	1.48e-08	47.8	21.6	18.8
tr|A0A7J6DJQ4|A0A7J6DJQ4_CANSA	P07871	39.3	84	388	424	2.07e-08	47.4	21.6	17.5
tr|A0A7J6DJQ4|A0A7J6DJQ4_CANSA	P21775	39.3	84	388	434	2.10e-08	47.4	21.6	17.1
tr|A0A7J6DJQ4|A0A7J6DJQ4_CANSA	Q2FJQ9	36.9	84	388	393	3.47e-08	46.6	21.6	18.8
tr|A0A7J6DJQ4|A0A7J6DJQ4_CANSA	Q2G124	36.9	84	388	393	3.47e-08	46.6	21.6	18.8
tr|A0A7J6DJQ4|A0A7J6DJQ4_CANSA	Q2YVF5	36.9	84	388	393	3.47e-08	46.6	21.6	18.8
tr|A0A7J6DJQ4|A0A7J6DJQ4_CANSA	Q5HIU0	36.9	84	388	393	3.47e-08	46.6	21.6	18.8
tr|A0A7J6DJQ4|A0A7J6DJQ4_CANSA	Q6GCB8	36.9	84	388	393	3.47e-08	46.6	21.6	18.8
tr|A0A7J6DJQ4|A0A7J6DJQ4_CANSA	Q6GJW4	36.9	84	388	393	3.47e-08	46.6	21.6	18.8
tr|A0A7J6DJQ4|A0A7J6DJQ4_CANSA	Q8NY95	36.9	84	388	393	3.47e-08	46.6	21.6	18.8
tr|A0A7J6DJQ4|A0A7J6DJQ4_CANSA	Q8VCH0	38.1	84	388	424	4.83e-08	46.2	21.6	17.5
tr|A0A7J6DJQ4|A0A7J6DJQ4_CANSA	Q921H8	38.1	84	388	424	4.83e-08	46.2	21.6	17.5
tr|A0A7J6DJQ4|A0A7J6DJQ4_CANSA	P44873	31.9	91	388	393	8.09e-08	45.4	23.5	20.6
tr|A0A7J6DJQ4|A0A7J6DJQ4_CANSA	Q9I2A8	33.7	98	388	393	1.42e-07	44.7	25.3	21.6
tr|A0A7J6DJQ4|A0A7J6DJQ4_CANSA	P09110	36.9	84	388	424	1.49e-07	44.7	21.6	17.5
tr|A0A7J6DJQ4|A0A7J6DJQ4_CANSA	Q9ZHI1	35.6	90	388	392	1.88e-07	44.3	23.2	20.4
tr|A0A7J6DJQ4|A0A7J6DJQ4_CANSA	P54810	34.4	90	388	391	4.39e-07	43.1	23.2	19.7
tr|A0A7J6DJQ4|A0A7J6DJQ4_CANSA	P07097	38.5	78	388	392	4.39e-07	43.1	20.1	17.3
tr|A0A7J6DJQ4|A0A7J6DJQ4_CANSA	P50174	37.2	78	388	393	4.40e-07	43.1	20.1	17.3
tr|A0A7J6DJQ4|A0A7J6DJQ4_CANSA	P13437	35.7	84	388	397	7.77e-07	42.4	21.6	18.6
tr|A0A7J6DJQ4|A0A7J6DJQ4_CANSA	Q0AVM3	35.6	87	388	396	1.03e-06	42.0	22.2	19.7
tr|A0A7J6DJQ4|A0A7J6DJQ4_CANSA	Q8BWT1	34.5	84	388	397	1.37e-06	41.6	21.6	18.6
tr|A0A7J6DJQ4|A0A7J6DJQ4_CANSA	P14611	46.4	56	388	393	3.16e-06	40.4	14.4	13.2
tr|A0A7J6DJQ4|A0A7J6DJQ4_CANSA	P45359	33.3	96	388	392	4.18e-06	40.0	24.7	21.2
tr|A0A7J6DJQ4|A0A7J6DJQ4_CANSA	P73825	37.5	80	388	396	5.56e-06	39.7	20.6	18.2
tr|A0A7J6DJQ4|A0A7J6DJQ4_CANSA	Q3T0R7	33.3	84	388	397	7.38e-06	39.3	21.6	18.6
tr|A0A7J6DJQ4|A0A7J6DJQ4_CANSA	Q18AR0	32.9	85	388	391	9.70e-06	38.9	21.6	18.9
tr|A0A7J6DJQ4|A0A7J6DJQ4_CANSA	Q46939	31.0	87	388	393	9.72e-06	38.9	22.4	19.6
tr|A0A7J6DYB7|A0A7J6DYB7_CANSA	Q9FIK7	46.2	173	235	415	3.38e-30	108	70.2	40.2
tr|A0A7J6DYB7|A0A7J6DYB7_CANSA	Q8S4Y1	41.0	210	235	403	1.50e-29	106	84.3	49.9
tr|A0A7J6DYB7|A0A7J6DYB7_CANSA	I1RY81	37.3	169	235	396	2.34e-22	86.7	70.2	41.9
tr|A0A7J6DYB7|A0A7J6DYB7_CANSA	Q9UQW6	49.4	79	235	395	2.23e-19	78.2	31.9	19.2
tr|A0A7J6DYB7|A0A7J6DYB7_CANSA	B0YA65	53.8	80	235	398	3.08e-19	77.8	32.3	19.3
tr|A0A7J6DYB7|A0A7J6DYB7_CANSA	Q4WCL5	53.8	80	235	398	3.08e-19	77.8	32.3	19.3
tr|A0A7J6DYB7|A0A7J6DYB7_CANSA	Q04677	48.8	82	235	403	4.99e-18	74.3	33.2	19.6
tr|A0A7J6DYB7|A0A7J6DYB7_CANSA	Q12598	50.0	82	235	403	4.99e-18	74.3	33.2	19.6
tr|A0A7J6DYB7|A0A7J6DYB7_CANSA	A0A1D8PH52	48.9	88	235	402	1.69e-17	72.8	35.3	21.1
tr|A0A7J6DYB7|A0A7J6DYB7_CANSA	P41338	31.0	184	235	398	3.52e-16	68.9	73.2	44.2
tr|A0A7J6DYB7|A0A7J6DYB7_CANSA	P10551	44.9	89	235	398	4.78e-16	68.6	35.3	21.6
tr|A0A7J6DYB7|A0A7J6DYB7_CANSA	Q86AD9	49.4	77	235	414	6.70e-16	68.2	31.1	17.9
tr|A0A7J6DYB7|A0A7J6DYB7_CANSA	P17764	44.0	84	235	424	1.88e-14	63.9	34.0	19.1
tr|A0A7J6DYB7|A0A7J6DYB7_CANSA	Q29RZ0	35.1	114	235	422	2.53e-14	63.5	46.8	24.2
tr|A0A7J6DYB7|A0A7J6DYB7_CANSA	Q8QZT1	45.3	75	235	424	8.43e-14	62.0	30.2	17.0
tr|A0A7J6DYB7|A0A7J6DYB7_CANSA	Q6NU46	47.3	74	235	420	2.06e-13	60.8	29.8	16.9
tr|A0A7J6DYB7|A0A7J6DYB7_CANSA	Q5BKN8	44.0	84	235	420	2.78e-13	60.5	34.0	19.3
tr|A0A7J6DYB7|A0A7J6DYB7_CANSA	Q6GN02	48.6	74	235	420	5.05e-13	59.7	29.8	16.9
tr|A0A7J6DYB7|A0A7J6DYB7_CANSA	Q6AZA0	44.6	74	235	420	9.18e-13	58.9	29.8	16.9
tr|A0A7J6DYB7|A0A7J6DYB7_CANSA	Q6L8K7	39.8	103	235	397	2.93e-12	57.4	42.1	22.9
tr|A0A7J6DYB7|A0A7J6DYB7_CANSA	B0XMC1	35.0	117	235	433	5.58e-12	56.6	46.8	24.2
tr|A0A7J6DYB7|A0A7J6DYB7_CANSA	Q4WLA8	35.0	117	235	433	5.58e-12	56.6	46.8	24.2
tr|A0A7J6DYB7|A0A7J6DYB7_CANSA	I1RMA2	41.0	78	235	430	2.46e-11	54.7	31.5	17.4
tr|A0A7J6DYB7|A0A7J6DYB7_CANSA	P76461	36.5	104	235	394	7.69e-11	53.1	43.8	24.9
tr|A0A7J6DYB7|A0A7J6DYB7_CANSA	Q9BWD1	42.1	76	235	397	1.04e-10	52.8	30.6	18.4
tr|A0A7J6DYB7|A0A7J6DYB7_CANSA	Q8CAY6	40.8	76	235	397	1.88e-10	52.0	30.6	18.4
tr|A0A7J6DYB7|A0A7J6DYB7_CANSA	Q8HXY6	31.6	114	235	427	2.62e-10	51.6	46.8	23.9
tr|A0A7J6DYB7|A0A7J6DYB7_CANSA	P24752	31.6	114	235	427	4.73e-10	50.8	46.8	23.9
tr|A0A7J6DYB7|A0A7J6DYB7_CANSA	Q5XI22	39.5	76	235	397	8.24e-10	50.1	30.6	18.4
tr|A0A7J6DYB7|A0A7J6DYB7_CANSA	P45855	38.7	75	235	393	1.10e-09	49.7	30.2	18.3
tr|A0A7J6DYB7|A0A7J6DYB7_CANSA	Q7A7L2	40.8	76	235	393	1.48e-09	49.3	30.6	18.6
tr|A0A7J6DYB7|A0A7J6DYB7_CANSA	Q99WM3	40.8	76	235	393	1.48e-09	49.3	30.6	18.6
tr|A0A7J6DYB7|A0A7J6DYB7_CANSA	P07871	41.9	74	235	424	3.71e-09	48.1	30.6	17.2
tr|A0A7J6DYB7|A0A7J6DYB7_CANSA	P21775	41.9	74	235	434	3.75e-09	48.1	30.6	16.8
tr|A0A7J6DYB7|A0A7J6DYB7_CANSA	A0R1Y7	40.6	69	235	388	6.40e-09	47.4	27.7	17.0
tr|A0A7J6DYB7|A0A7J6DYB7_CANSA	P46707	40.6	69	235	393	6.44e-09	47.4	27.7	16.8
tr|A0A7J6DYB7|A0A7J6DYB7_CANSA	Q2FJQ9	39.5	76	235	393	6.44e-09	47.4	30.6	18.6
tr|A0A7J6DYB7|A0A7J6DYB7_CANSA	Q2G124	39.5	76	235	393	6.44e-09	47.4	30.6	18.6
tr|A0A7J6DYB7|A0A7J6DYB7_CANSA	Q2YVF5	39.5	76	235	393	6.44e-09	47.4	30.6	18.6
tr|A0A7J6DYB7|A0A7J6DYB7_CANSA	Q5HIU0	39.5	76	235	393	6.44e-09	47.4	30.6	18.6
tr|A0A7J6DYB7|A0A7J6DYB7_CANSA	Q6GCB8	39.5	76	235	393	6.44e-09	47.4	30.6	18.6
tr|A0A7J6DYB7|A0A7J6DYB7_CANSA	Q6GJW4	39.5	76	235	393	6.44e-09	47.4	30.6	18.6
tr|A0A7J6DYB7|A0A7J6DYB7_CANSA	Q8NY95	39.5	76	235	393	6.44e-09	47.4	30.6	18.6
tr|A0A7J6DYB7|A0A7J6DYB7_CANSA	Q8VCH0	40.5	74	235	424	8.95e-09	47.0	30.6	17.2
tr|A0A7J6DYB7|A0A7J6DYB7_CANSA	Q921H8	40.5	74	235	424	8.95e-09	47.0	30.6	17.2
tr|A0A7J6DYB7|A0A7J6DYB7_CANSA	P44873	33.9	109	235	393	1.16e-08	46.6	43.8	24.9
tr|A0A7J6DYB7|A0A7J6DYB7_CANSA	P66927	39.1	69	235	389	1.55e-08	46.2	27.7	17.0
tr|A0A7J6DYB7|A0A7J6DYB7_CANSA	P9WG68	39.1	69	235	389	1.55e-08	46.2	27.7	17.0
tr|A0A7J6DYB7|A0A7J6DYB7_CANSA	P9WG69	39.1	69	235	393	1.55e-08	46.2	27.7	16.8
tr|A0A7J6DYB7|A0A7J6DYB7_CANSA	P09110	39.5	76	235	424	1.61e-08	46.2	30.6	17.2
tr|A0A7J6DYB7|A0A7J6DYB7_CANSA	Q9I2A8	30.2	106	235	393	2.08e-08	45.8	44.7	25.4
tr|A0A7J6DYB7|A0A7J6DYB7_CANSA	Q46939	28.3	106	235	393	9.01e-08	43.9	44.7	25.4
tr|A0A7J6DYB7|A0A7J6DYB7_CANSA	Q0AVM3	36.0	75	235	396	1.62e-07	43.1	30.6	18.9
tr|A0A7J6DYB7|A0A7J6DYB7_CANSA	Q9ZHI1	35.0	80	235	392	2.16e-07	42.7	32.3	19.6
tr|A0A7J6DYB7|A0A7J6DYB7_CANSA	Q5HS07	32.9	73	235	394	3.88e-07	42.0	30.6	18.5
tr|A0A7J6DYB7|A0A7J6DYB7_CANSA	Q8CQN7	32.9	73	235	394	3.88e-07	42.0	30.6	18.5
tr|A0A7J6DYB7|A0A7J6DYB7_CANSA	P73825	50.0	46	235	396	5.20e-07	41.6	19.6	10.9
tr|A0A7J6DYB7|A0A7J6DYB7_CANSA	P45359	35.2	71	235	392	9.26e-07	40.8	29.8	18.1
tr|A0A7J6DYB7|A0A7J6DYB7_CANSA	P07097	38.2	68	235	392	1.24e-06	40.4	27.2	16.6
tr|A0A7J6DYB7|A0A7J6DYB7_CANSA	P50174	36.8	68	235	393	1.24e-06	40.4	27.2	16.5
tr|A0A7J6DYB7|A0A7J6DYB7_CANSA	P13437	33.3	93	235	397	2.23e-06	39.7	34.9	22.7
tr|A0A7J6DYB7|A0A7J6DYB7_CANSA	Q18AR0	32.4	71	235	391	3.95e-06	38.9	29.8	18.2
tr|A0A7J6DYB7|A0A7J6DYB7_CANSA	P45363	61.5	26	235	394	3.96e-06	38.9	11.1	6.6
tr|A0A7J6DYB7|A0A7J6DYB7_CANSA	P45369	61.5	26	235	394	3.96e-06	38.9	11.1	6.6
tr|A0A7J6DYB7|A0A7J6DYB7_CANSA	Q8BWT1	32.3	93	235	397	5.31e-06	38.5	34.9	22.7
tr|A0A7J6DYB7|A0A7J6DYB7_CANSA	P54810	33.8	68	235	391	7.05e-06	38.1	27.2	16.6
tr|A0A7J6DYB7|A0A7J6DYB7_CANSA	P14611	61.5	26	235	393	9.43e-06	37.7	11.1	6.6
tr|A0A7J6GNH8|A0A7J6GNH8_CANSA	Q8S4Y1	32.1	168	181	403	6.90e-14	60.8	56.4	41.7
tr|A0A7J6GNH8|A0A7J6GNH8_CANSA	I1RY81	28.6	168	181	396	5.57e-11	52.4	56.4	42.2
tr|A0A7J6GNH8|A0A7J6GNH8_CANSA	Q9FIK7	55.2	58	181	415	1.41e-10	51.2	31.5	13.7
tr|A0A7J6GNH8|A0A7J6GNH8_CANSA	Q9BWD1	41.0	61	181	397	2.54e-10	50.4	33.7	14.6
tr|A0A7J6GNH8|A0A7J6GNH8_CANSA	Q04677	39.7	78	181	403	2.55e-10	50.4	26.0	19.4
tr|A0A7J6GNH8|A0A7J6GNH8_CANSA	Q12598	39.7	78	181	403	2.55e-10	50.4	26.0	19.4
tr|A0A7J6GNH8|A0A7J6GNH8_CANSA	A0A1D8PH52	39.2	79	181	402	3.45e-10	50.1	26.5	19.7
tr|A0A7J6GNH8|A0A7J6GNH8_CANSA	Q8CAY6	41.0	61	181	397	3.85e-09	47.0	33.7	14.6
tr|A0A7J6GNH8|A0A7J6GNH8_CANSA	P76461	48.0	50	181	394	7.01e-09	46.2	27.1	12.7
tr|A0A7J6GNH8|A0A7J6GNH8_CANSA	B0YA65	37.2	78	181	398	7.04e-09	46.2	26.0	19.6
tr|A0A7J6GNH8|A0A7J6GNH8_CANSA	Q4WCL5	37.2	78	181	398	7.04e-09	46.2	26.0	19.6
tr|A0A7J6GNH8|A0A7J6GNH8_CANSA	Q5XI22	39.3	61	181	397	1.73e-08	45.1	33.7	14.6
tr|A0A7J6GNH8|A0A7J6GNH8_CANSA	P44873	51.3	39	181	393	2.33e-08	44.7	21.5	9.9
tr|A0A7J6GNH8|A0A7J6GNH8_CANSA	P73825	39.3	61	181	396	4.27e-08	43.9	33.7	14.6
tr|A0A7J6GNH8|A0A7J6GNH8_CANSA	P45359	42.1	57	181	392	7.75e-08	43.1	30.9	13.8
tr|A0A7J6GNH8|A0A7J6GNH8_CANSA	Q9I2A8	48.9	45	181	393	7.76e-08	43.1	24.9	10.7
tr|A0A7J6GNH8|A0A7J6GNH8_CANSA	P10551	55.9	34	181	398	7.79e-08	43.1	18.8	8.5
tr|A0A7J6GNH8|A0A7J6GNH8_CANSA	P41338	55.9	34	181	398	7.79e-08	43.1	18.8	8.5
tr|A0A7J6GNH8|A0A7J6GNH8_CANSA	P17764	42.9	49	181	424	1.95e-07	42.0	27.1	11.6
tr|A0A7J6GNH8|A0A7J6GNH8_CANSA	Q2FJQ9	48.8	43	181	393	2.57e-07	41.6	23.2	10.9
tr|A0A7J6GNH8|A0A7J6GNH8_CANSA	Q2G124	48.8	43	181	393	2.57e-07	41.6	23.2	10.9
tr|A0A7J6GNH8|A0A7J6GNH8_CANSA	Q2YVF5	48.8	43	181	393	2.57e-07	41.6	23.2	10.9
tr|A0A7J6GNH8|A0A7J6GNH8_CANSA	Q5HIU0	48.8	43	181	393	2.57e-07	41.6	23.2	10.9
tr|A0A7J6GNH8|A0A7J6GNH8_CANSA	Q6GCB8	48.8	43	181	393	2.57e-07	41.6	23.2	10.9
tr|A0A7J6GNH8|A0A7J6GNH8_CANSA	Q6GJW4	48.8	43	181	393	2.57e-07	41.6	23.2	10.9
tr|A0A7J6GNH8|A0A7J6GNH8_CANSA	Q8NY95	48.8	43	181	393	2.57e-07	41.6	23.2	10.9
tr|A0A7J6GNH8|A0A7J6GNH8_CANSA	Q18AR0	42.3	52	181	391	3.46e-07	41.2	28.7	13.3
tr|A0A7J6GNH8|A0A7J6GNH8_CANSA	Q9ZHI1	46.7	45	181	392	3.46e-07	41.2	24.3	11.5
tr|A0A7J6GNH8|A0A7J6GNH8_CANSA	Q0AVM3	61.3	31	181	396	3.48e-07	41.2	17.1	7.8
tr|A0A7J6GNH8|A0A7J6GNH8_CANSA	P14611	51.2	41	181	393	4.67e-07	40.8	22.7	9.7
tr|A0A7J6GNH8|A0A7J6GNH8_CANSA	Q7A7L2	59.4	32	181	393	4.67e-07	40.8	17.7	8.1
tr|A0A7J6GNH8|A0A7J6GNH8_CANSA	Q99WM3	59.4	32	181	393	4.67e-07	40.8	17.7	8.1
tr|A0A7J6GNH8|A0A7J6GNH8_CANSA	Q8QZT1	38.8	49	181	424	4.79e-07	40.8	27.1	11.6
tr|A0A7J6GNH8|A0A7J6GNH8_CANSA	P45363	48.8	41	181	394	6.31e-07	40.4	22.7	9.6
tr|A0A7J6GNH8|A0A7J6GNH8_CANSA	P45369	48.8	41	181	394	6.31e-07	40.4	22.7	9.6
tr|A0A7J6GNH8|A0A7J6GNH8_CANSA	P45855	60.7	28	181	393	2.08e-06	38.9	15.5	7.1
tr|A0A7J6GNH8|A0A7J6GNH8_CANSA	Q9UQW6	32.8	61	181	395	2.08e-06	38.9	33.7	15.4
tr|A0A7J6GNH8|A0A7J6GNH8_CANSA	Q29RZ0	38.8	49	181	422	2.12e-06	38.9	27.1	11.6
tr|A0A7J6GNH8|A0A7J6GNH8_CANSA	Q86AD9	58.6	29	181	414	2.84e-06	38.5	16.0	7.0
tr|A0A7J6GNH8|A0A7J6GNH8_CANSA	B0XMC1	66.7	27	181	433	3.87e-06	38.1	14.9	6.2
tr|A0A7J6GNH8|A0A7J6GNH8_CANSA	Q4WLA8	66.7	27	181	433	3.87e-06	38.1	14.9	6.2
tr|A0A7J6GNH8|A0A7J6GNH8_CANSA	Q46939	53.3	30	181	393	5.07e-06	37.7	16.6	7.6
tr|A0A7J6GNH8|A0A7J6GNH8_CANSA	I1RMA2	27.3	110	181	430	5.20e-06	37.7	60.8	24.0
tr|A0A7J6GNH8|A0A7J6GNH8_CANSA	P54810	48.8	41	181	391	6.81e-06	37.4	22.7	9.7
tr|A0A7J6GNH8|A0A7J6GNH8_CANSA	Q5HS07	53.1	32	181	394	6.83e-06	37.4	17.7	8.1
tr|A0A7J6GNH8|A0A7J6GNH8_CANSA	Q8CQN7	53.1	32	181	394	6.83e-06	37.4	17.7	8.1
tr|A0A7J6GNH8|A0A7J6GNH8_CANSA	P09110	44.7	47	181	424	6.97e-06	37.4	26.0	11.1
tr|A0A7J6GNH8|A0A7J6GNH8_CANSA	P07097	58.6	29	181	392	9.17e-06	37.0	16.0	7.4
