tr|A0A7J6E2E8|A0A7J6E2E8_CANSA	A0A2U7XUH7	27.4	212	892	214	1.14e-18	76.6	23.3	91.6
tr|A0A7J6I409|A0A7J6I409_CANSA	Q4AE12	73.2	194	346	237	1.15e-95	276	56.1	79.7
tr|A0A7J6I409|A0A7J6I409_CANSA	Q4AE11	72.2	194	346	237	2.66e-94	272	56.1	79.7
tr|A0A7J6I409|A0A7J6I409_CANSA	A5HBK6	72.8	180	346	219	1.09e-91	265	52.0	82.2
tr|A0A7J6I409|A0A7J6I409_CANSA	Q9ZWR1	75.0	180	346	222	1.38e-90	262	52.0	80.6
tr|A0A7J6I409|A0A7J6I409_CANSA	Q45QI7	70.3	182	346	230	1.03e-89	260	52.6	79.1
tr|A0A7J6I409|A0A7J6I409_CANSA	O65333	71.0	183	346	256	1.95e-88	258	52.9	71.5
tr|A0A7J6I409|A0A7J6I409_CANSA	A2IBF8	70.9	182	346	227	3.02e-88	256	52.6	80.2
tr|A0A7J6I409|A0A7J6I409_CANSA	P41088	60.9	233	346	246	3.22e-87	254	67.1	89.8
tr|A0A7J6I409|A0A7J6I409_CANSA	Q9LKC3	70.5	183	346	244	4.27e-87	254	52.9	75.0
tr|A0A7J6I409|A0A7J6I409_CANSA	A1E261	68.3	180	346	235	3.62e-86	251	52.0	76.6
tr|A0A7J6I409|A0A7J6I409_CANSA	A1E260	67.8	180	346	235	1.03e-85	250	52.0	76.6
tr|A0A7J6I409|A0A7J6I409_CANSA	P51117	68.9	180	346	234	2.82e-85	249	52.0	76.9
tr|A0A7J6I409|A0A7J6I409_CANSA	A5ANT9	68.9	180	346	234	4.00e-85	249	52.0	76.9
tr|A0A7J6I409|A0A7J6I409_CANSA	A4F1Q8	69.6	181	346	219	1.39e-84	247	52.3	80.8
tr|A0A7J6I409|A0A7J6I409_CANSA	P11650	66.5	182	346	241	1.43e-84	248	52.6	75.5
tr|A0A7J6I409|A0A7J6I409_CANSA	O22651	63.9	202	346	247	3.48e-84	247	58.4	81.8
tr|A0A7J6I409|A0A7J6I409_CANSA	Q8H0G1	68.5	181	346	221	5.95e-84	245	52.3	81.9
tr|A0A7J6I409|A0A7J6I409_CANSA	Q8LKP9	59.4	202	346	232	1.71e-83	244	58.4	84.9
tr|A0A7J6I409|A0A7J6I409_CANSA	Q9M5B3	65.4	182	346	241	3.26e-83	244	52.6	75.5
tr|A0A7J6I409|A0A7J6I409_CANSA	Q2PF16	67.0	182	346	222	4.95e-83	243	52.6	82.0
tr|A0A7J6I409|A0A7J6I409_CANSA	A7ISP6	68.7	182	346	226	8.00e-83	243	52.6	80.5
tr|A0A7J6I409|A0A7J6I409_CANSA	Q53B74	68.1	182	346	226	1.13e-82	242	52.6	80.5
tr|A0A7J6I409|A0A7J6I409_CANSA	Q33DL3	67.6	182	346	244	8.19e-82	241	52.6	74.6
tr|A0A7J6I409|A0A7J6I409_CANSA	Q43754	63.7	182	346	221	5.00e-80	235	52.6	82.4
tr|A0A7J6I409|A0A7J6I409_CANSA	P11651	65.2	181	346	220	9.70e-80	234	52.3	82.3
tr|A0A7J6I409|A0A7J6I409_CANSA	Q8S911	65.7	181	346	243	1.45e-79	235	52.3	74.5
tr|A0A7J6I409|A0A7J6I409_CANSA	Q565D8	63.3	180	346	221	1.61e-78	231	52.0	81.0
tr|A0A7J6I409|A0A7J6I409_CANSA	Q6QHK0	62.1	182	346	226	1.90e-78	231	52.6	80.5
tr|A0A7J6I409|A0A7J6I409_CANSA	O22604	65.6	180	346	241	2.18e-78	232	52.0	74.7
tr|A0A7J6I409|A0A7J6I409_CANSA	Q08704	59.3	189	346	231	7.18e-77	228	54.6	81.8
tr|A0A7J6I409|A0A7J6I409_CANSA	Q6BEH3	59.4	180	346	217	1.83e-76	226	52.0	82.5
tr|A0A7J6I409|A0A7J6I409_CANSA	A2XNF0	59.2	196	346	233	7.88e-74	220	55.8	83.3
tr|A0A7J6I409|A0A7J6I409_CANSA	Q84T92	59.2	196	346	233	7.88e-74	220	55.8	83.3
tr|A0A7J6I409|A0A7J6I409_CANSA	Q8S3X0	58.8	182	346	231	1.67e-72	216	52.3	78.8
tr|A0A7J6I409|A0A7J6I409_CANSA	Q3Y4F4	60.1	183	346	226	1.45e-69	209	52.6	81.0
tr|A0A7J6I409|A0A7J6I409_CANSA	Q93XE6	55.0	180	346	218	3.22e-66	200	52.0	82.6
tr|A0A7J6I409|A0A7J6I409_CANSA	Q43056	53.9	180	346	224	2.19e-65	198	52.0	80.4
tr|A0A7J6I409|A0A7J6I409_CANSA	P28012	53.8	182	346	222	3.26e-64	195	52.6	82.0
tr|A0A7J6I409|A0A7J6I409_CANSA	Q9FKW3	58.0	174	346	223	3.36e-64	195	50.3	78.0
tr|A0A7J6I409|A0A7J6I409_CANSA	Q53B70	52.7	182	346	226	8.25e-63	191	52.6	80.5
tr|A0A7J6I409|A0A7J6I409_CANSA	Q53B75	52.7	182	346	226	8.25e-63	191	52.6	80.5
tr|A0A7J6I409|A0A7J6I409_CANSA	P14298	52.8	180	346	221	1.12e-61	188	52.0	81.4
tr|A0A7J6I409|A0A7J6I409_CANSA	A7ISP5	51.9	183	346	227	1.50e-60	186	52.6	80.6
tr|A0A7J6I409|A0A7J6I409_CANSA	Q8H0G2	50.0	182	346	226	3.59e-58	179	52.6	80.5
tr|A0A7J6I409|A0A7J6I409_CANSA	Q8H0F6	48.9	182	346	225	4.92e-58	179	52.6	80.9
tr|A0A7J6I409|A0A7J6I409_CANSA	P41089	46.7	182	346	223	2.84e-45	146	52.6	81.2
tr|A0A7J6I409|A0A7J6I409_CANSA	A0A2U7XUE3	30.5	187	346	209	1.66e-20	79.7	52.6	86.6
tr|A0A7J6I409|A0A7J6I409_CANSA	Q8VZW3	28.7	181	346	209	5.90e-17	69.7	52.0	86.1
tr|A0A7J6DUS9|A0A7J6DUS9_CANSA	A0A2U7XUE3	64.3	207	148	209	1.34e-85	241	96.6	99.0
tr|A0A7J6DUS9|A0A7J6DUS9_CANSA	Q8VZW3	50.0	204	148	209	1.59e-60	177	93.9	97.6
tr|A0A7J6DUS9|A0A7J6DUS9_CANSA	O65333	41.0	100	148	256	7.18e-21	77.0	64.9	39.1
tr|A0A7J6DUS9|A0A7J6DUS9_CANSA	Q2PF16	38.9	108	148	222	2.28e-20	75.1	70.3	47.7
tr|A0A7J6DUS9|A0A7J6DUS9_CANSA	A7ISP6	35.0	100	148	226	2.52e-19	72.4	64.9	44.2
tr|A0A7J6DUS9|A0A7J6DUS9_CANSA	Q53B74	34.0	100	148	226	3.52e-19	72.0	64.9	44.2
tr|A0A7J6DUS9|A0A7J6DUS9_CANSA	Q45QI7	39.0	100	148	230	3.73e-19	72.0	64.9	43.5
tr|A0A7J6DUS9|A0A7J6DUS9_CANSA	Q43754	37.0	108	148	221	4.55e-19	71.6	70.3	48.0
tr|A0A7J6DUS9|A0A7J6DUS9_CANSA	A5ANT9	39.0	100	148	234	5.51e-19	71.6	64.9	42.7
tr|A0A7J6DUS9|A0A7J6DUS9_CANSA	P51117	39.0	100	148	234	7.68e-19	71.2	64.9	42.7
tr|A0A7J6DUS9|A0A7J6DUS9_CANSA	Q4AE12	36.9	111	148	237	2.16e-18	70.1	72.3	45.1
tr|A0A7J6DUS9|A0A7J6DUS9_CANSA	Q6BEH3	39.0	100	148	217	2.27e-18	69.7	64.9	46.1
tr|A0A7J6DUS9|A0A7J6DUS9_CANSA	Q565D8	38.0	100	148	221	2.41e-18	69.7	64.9	45.2
tr|A0A7J6DUS9|A0A7J6DUS9_CANSA	A5HBK6	35.1	114	148	219	4.54e-18	68.9	74.3	50.2
tr|A0A7J6DUS9|A0A7J6DUS9_CANSA	Q4AE11	33.9	118	148	237	5.83e-18	68.9	77.0	48.1
tr|A0A7J6DUS9|A0A7J6DUS9_CANSA	Q3Y4F4	35.2	122	148	226	7.00e-18	68.6	79.7	50.9
tr|A0A7J6DUS9|A0A7J6DUS9_CANSA	A2IBF8	37.7	114	148	227	7.10e-18	68.6	74.3	48.5
tr|A0A7J6DUS9|A0A7J6DUS9_CANSA	Q8LKP9	34.3	137	148	232	7.59e-18	68.6	88.5	55.6
tr|A0A7J6DUS9|A0A7J6DUS9_CANSA	A1E260	35.1	131	148	235	2.12e-17	67.4	84.5	52.3
tr|A0A7J6DUS9|A0A7J6DUS9_CANSA	A1E261	35.1	131	148	235	2.12e-17	67.4	84.5	52.3
tr|A0A7J6DUS9|A0A7J6DUS9_CANSA	Q9ZWR1	40.5	84	148	222	2.49e-17	67.0	56.1	37.8
tr|A0A7J6DUS9|A0A7J6DUS9_CANSA	O22604	36.0	125	148	241	3.18e-17	67.0	81.8	49.0
tr|A0A7J6DUS9|A0A7J6DUS9_CANSA	Q8S911	36.0	125	148	243	3.25e-17	67.0	81.8	48.6
tr|A0A7J6DUS9|A0A7J6DUS9_CANSA	A4F1Q8	31.9	116	148	219	6.45e-17	65.9	75.7	51.1
tr|A0A7J6DUS9|A0A7J6DUS9_CANSA	P11650	38.1	84	148	241	8.50e-17	65.9	56.1	34.9
tr|A0A7J6DUS9|A0A7J6DUS9_CANSA	P11651	36.0	100	148	220	9.10e-17	65.5	64.9	45.5
tr|A0A7J6DUS9|A0A7J6DUS9_CANSA	Q9M5B3	38.1	84	148	241	1.18e-16	65.5	56.1	34.9
tr|A0A7J6DUS9|A0A7J6DUS9_CANSA	Q6QHK0	39.3	84	148	226	5.10e-16	63.5	56.1	37.2
tr|A0A7J6DUS9|A0A7J6DUS9_CANSA	Q33DL3	38.1	84	148	244	6.24e-16	63.5	56.1	34.4
tr|A0A7J6DUS9|A0A7J6DUS9_CANSA	Q8H0G2	33.8	130	148	226	1.89e-15	62.0	85.1	54.4
tr|A0A7J6DUS9|A0A7J6DUS9_CANSA	P28012	39.0	100	148	222	2.51e-15	61.6	64.9	45.0
tr|A0A7J6DUS9|A0A7J6DUS9_CANSA	Q8H0G1	34.8	115	148	221	3.44e-15	61.2	74.3	50.2
tr|A0A7J6DUS9|A0A7J6DUS9_CANSA	P14298	40.0	100	148	221	9.17e-15	60.1	64.9	45.2
tr|A0A7J6DUS9|A0A7J6DUS9_CANSA	Q8S3X0	41.8	79	148	231	1.02e-14	60.1	52.0	34.2
tr|A0A7J6DUS9|A0A7J6DUS9_CANSA	Q8H0F6	35.0	100	148	225	1.84e-14	59.3	64.9	44.4
tr|A0A7J6DUS9|A0A7J6DUS9_CANSA	Q08704	40.8	76	148	231	1.96e-14	59.3	50.7	32.9
tr|A0A7J6DUS9|A0A7J6DUS9_CANSA	A2XNF0	40.5	79	148	233	1.99e-14	59.3	52.0	33.9
tr|A0A7J6DUS9|A0A7J6DUS9_CANSA	Q84T92	40.5	79	148	233	1.99e-14	59.3	52.0	33.9
tr|A0A7J6DUS9|A0A7J6DUS9_CANSA	Q53B70	35.4	99	148	226	6.81e-14	57.8	64.2	43.8
tr|A0A7J6DUS9|A0A7J6DUS9_CANSA	Q53B75	34.3	99	148	226	9.42e-14	57.4	64.2	43.8
tr|A0A7J6DUS9|A0A7J6DUS9_CANSA	A7ISP5	34.3	99	148	227	9.51e-14	57.4	64.2	43.6
tr|A0A7J6DUS9|A0A7J6DUS9_CANSA	Q43056	38.2	102	148	224	1.77e-13	56.6	64.9	44.6
tr|A0A7J6DUS9|A0A7J6DUS9_CANSA	P41089	40.0	95	148	223	2.42e-13	56.2	62.8	42.2
tr|A0A7J6E1C3|A0A7J6E1C3_CANSA	A0A2U7XUH7	34.6	208	296	214	6.48e-37	122	68.6	95.3
tr|A0A7J6E1C3|A0A7J6E1C3_CANSA	A2IBF8	27.4	186	296	227	2.42e-09	47.4	60.1	80.2
tr|A0A7J6FRD2|A0A7J6FRD2_CANSA	A0A2U7XUH7	62.3	215	197	214	2.32e-86	245	100	100
tr|A0A7J6GTT8|A0A7J6GTT8_CANSA	A0A2U7XUH7	27.2	213	425	214	7.43e-19	75.9	49.2	92.1
tr|A0A7J6GV83|A0A7J6GV83_CANSA	A0A2U7XUE3	29.9	187	221	209	2.22e-21	79.7	81.9	88.5
tr|A0A7J6GV83|A0A7J6GV83_CANSA	Q2PF16	24.4	209	221	222	2.79e-18	71.6	92.3	94.1
tr|A0A7J6GV83|A0A7J6GV83_CANSA	Q8VZW3	26.8	190	221	209	1.16e-17	69.7	83.3	90.4
tr|A0A7J6GV83|A0A7J6GV83_CANSA	Q8S911	25.0	200	221	243	2.48e-16	66.6	88.2	82.3
tr|A0A7J6GV83|A0A7J6GV83_CANSA	Q53B74	25.7	202	221	226	2.76e-16	66.2	89.1	89.4
tr|A0A7J6GV83|A0A7J6GV83_CANSA	O22604	26.7	191	221	241	3.33e-16	66.2	84.2	79.3
tr|A0A7J6GV83|A0A7J6GV83_CANSA	A7ISP6	25.7	202	221	226	3.80e-16	65.9	89.1	89.4
tr|A0A7J6GV83|A0A7J6GV83_CANSA	Q9ZWR1	25.9	212	221	222	4.97e-16	65.5	93.7	95.0
tr|A0A7J6GV83|A0A7J6GV83_CANSA	Q8LKP9	22.9	201	221	232	7.80e-16	65.1	88.7	86.6
tr|A0A7J6GV83|A0A7J6GV83_CANSA	A5HBK6	25.1	199	221	219	1.72e-15	63.9	87.8	90.9
tr|A0A7J6GV83|A0A7J6GV83_CANSA	A4F1Q8	25.4	201	221	219	6.20e-15	62.4	89.1	90.4
tr|A0A7J6GV83|A0A7J6GV83_CANSA	A5ANT9	25.5	216	221	234	1.02e-14	62.0	95.5	91.5
tr|A0A7J6GV83|A0A7J6GV83_CANSA	P51117	25.5	216	221	234	1.40e-14	61.6	95.5	91.5
tr|A0A7J6GV83|A0A7J6GV83_CANSA	O65333	24.5	208	221	256	2.12e-13	58.5	91.9	81.3
tr|A0A7J6GV83|A0A7J6GV83_CANSA	Q08704	22.5	204	221	231	2.07e-12	55.5	90.0	88.3
tr|A0A7J6GV83|A0A7J6GV83_CANSA	Q43056	21.9	201	221	224	6.80e-10	48.1	88.7	89.7
tr|A0A7J6GV83|A0A7J6GV83_CANSA	Q93XE6	20.9	201	221	218	1.36e-08	44.3	88.7	92.2
tr|A0A7J6GV83|A0A7J6GV83_CANSA	P14298	21.6	199	221	221	4.61e-08	42.7	87.8	90.0
tr|A0A7J6HRJ5|A0A7J6HRJ5_CANSA	A0A2U7XUH7	63.3	215	197	214	2.84e-87	248	100	100
