tr|A0A7J6FR64|A0A7J6FR64_CANSA	P49299	87.7	506	1075	516	1.85e-312	868	47.0	97.9
tr|A0A7J6FR64|A0A7J6FR64_CANSA	Q9LXS6	82.8	505	1075	514	3.59e-299	835	46.6	97.9
tr|A0A7J6FR64|A0A7J6FR64_CANSA	Q9SJH7	81.7	507	1075	509	1.58e-296	828	47.0	98.8
tr|A0A7J6FR64|A0A7J6FR64_CANSA	Q9LXS7	74.6	476	1075	480	1.60e-251	712	44.3	97.9
tr|A0A7J6FR64|A0A7J6FR64_CANSA	Q8MQU6	55.2	495	1075	492	2.13e-185	543	46.0	99.4
tr|A0A7J6FR64|A0A7J6FR64_CANSA	Q86AV6	54.2	456	1075	512	1.92e-176	520	42.4	88.9
tr|A0A7J6FR64|A0A7J6FR64_CANSA	P9WPD4	48.5	398	1075	431	9.50e-121	372	36.7	90.7
tr|A0A7J6FR64|A0A7J6FR64_CANSA	P9WPD5	48.5	398	1075	431	9.50e-121	372	36.7	90.7
tr|A0A7J6FR64|A0A7J6FR64_CANSA	P94325	47.8	400	1075	434	7.86e-120	370	36.7	90.1
tr|A0A7J6FR64|A0A7J6FR64_CANSA	Q1RGV8	46.8	395	1075	435	2.43e-117	363	36.3	89.2
tr|A0A7J6FR64|A0A7J6FR64_CANSA	P51033	45.0	427	1075	431	2.99e-117	363	39.3	97.0
tr|A0A7J6FR64|A0A7J6FR64_CANSA	P51037	46.4	394	1075	429	2.92e-116	360	36.3	90.2
tr|A0A7J6FR64|A0A7J6FR64_CANSA	O33915	46.2	394	1075	429	4.09e-116	360	36.3	90.2
tr|A0A7J6FR64|A0A7J6FR64_CANSA	P51038	46.2	394	1075	429	7.99e-116	359	36.3	90.2
tr|A0A7J6FR64|A0A7J6FR64_CANSA	P51040	46.7	396	1075	435	9.69e-116	359	36.3	89.0
tr|A0A7J6FR64|A0A7J6FR64_CANSA	P51034	46.0	398	1075	438	2.08e-115	358	36.5	88.8
tr|A0A7J6FR64|A0A7J6FR64_CANSA	P09948	45.6	395	1075	436	7.45e-115	357	36.3	88.8
tr|A0A7J6FR64|A0A7J6FR64_CANSA	Q59776	46.2	396	1075	435	1.41e-114	356	36.3	89.0
tr|A0A7J6FR64|A0A7J6FR64_CANSA	Q59778	46.2	396	1075	435	1.41e-114	356	36.3	89.0
tr|A0A7J6FR64|A0A7J6FR64_CANSA	Q59732	46.0	396	1075	435	5.37e-114	354	36.3	89.0
tr|A0A7J6FR64|A0A7J6FR64_CANSA	P20901	43.7	446	1075	436	7.74e-114	354	40.9	99.1
tr|A0A7J6FR64|A0A7J6FR64_CANSA	P51042	45.7	396	1075	435	1.05e-113	353	36.3	89.0
tr|A0A7J6FR64|A0A7J6FR64_CANSA	P51043	45.3	395	1075	436	1.08e-113	353	36.3	88.8
tr|A0A7J6FR64|A0A7J6FR64_CANSA	P42457	45.0	402	1075	437	3.26e-111	347	36.9	90.2
tr|A0A7J6FR64|A0A7J6FR64_CANSA	P18789	43.7	412	1075	430	9.91e-111	345	38.0	94.0
tr|A0A7J6FR64|A0A7J6FR64_CANSA	P20902	46.0	396	1075	424	1.14e-110	345	36.7	90.6
tr|A0A7J6FR64|A0A7J6FR64_CANSA	P14165	45.5	393	1075	428	2.68e-108	339	36.3	90.0
tr|A0A7J6FR64|A0A7J6FR64_CANSA	O68883	43.8	400	1075	427	1.41e-106	334	36.7	91.3
tr|A0A7J6FR64|A0A7J6FR64_CANSA	P0ABH7	43.7	412	1075	427	2.73e-106	333	37.9	93.7
tr|A0A7J6FR64|A0A7J6FR64_CANSA	P0ABH8	43.7	412	1075	427	2.73e-106	333	37.9	93.7
tr|A0A7J6FR64|A0A7J6FR64_CANSA	Q59977	42.8	395	1075	397	2.34e-98	311	36.7	95.2
tr|A0A7J6FR64|A0A7J6FR64_CANSA	P56062	37.8	434	1075	426	1.75e-84	275	39.1	99.5
tr|A0A7J6FR64|A0A7J6FR64_CANSA	Q9ZN37	37.9	435	1075	426	1.22e-83	272	39.1	99.5
tr|A0A7J6FR64|A0A7J6FR64_CANSA	P51045	38.1	394	1075	386	1.03e-77	254	36.3	98.4
tr|A0A7J6FR64|A0A7J6FR64_CANSA	Q53554	38.8	379	1075	377	1.83e-75	248	35.3	95.2
tr|A0A7J6FR64|A0A7J6FR64_CANSA	Q9RWB2	37.9	380	1075	377	1.71e-74	245	35.3	96.3
tr|A0A7J6FR64|A0A7J6FR64_CANSA	P80148	35.7	398	1075	377	2.69e-68	228	36.6	100
tr|A0A7J6FR64|A0A7J6FR64_CANSA	P39120	33.8	388	1075	372	4.91e-66	221	36.0	98.4
tr|A0A7J6FR64|A0A7J6FR64_CANSA	D4GS06	35.0	383	1075	379	1.31e-61	209	35.3	96.3
tr|A0A7J6FR64|A0A7J6FR64_CANSA	P45858	34.0	382	1075	372	7.00e-61	207	35.2	96.5
tr|A0A7J6FR64|A0A7J6FR64_CANSA	P26491	36.4	357	1075	375	1.75e-57	197	32.9	88.8
tr|A0A7J6FR64|A0A7J6FR64_CANSA	P39119	34.0	374	1075	366	2.56e-57	196	34.2	94.8
tr|A0A7J6FR64|A0A7J6FR64_CANSA	P21553	31.7	382	1075	385	3.09e-57	197	34.7	93.8
tr|A0A7J6FR64|A0A7J6FR64_CANSA	Q59939	34.5	374	1075	372	4.08e-57	196	34.0	93.5
tr|A0A7J6FR64|A0A7J6FR64_CANSA	P27660	31.6	377	1075	373	5.70e-57	196	35.0	95.7
tr|A0A7J6FR64|A0A7J6FR64_CANSA	Q8NSH7	31.7	378	1075	381	1.77e-56	194	35.2	95.3
tr|A0A7J6FR64|A0A7J6FR64_CANSA	Q8EJW2	33.4	368	1075	375	7.07e-56	192	34.0	91.7
tr|A0A7J6FR64|A0A7J6FR64_CANSA	Q8NSL1	32.7	367	1075	383	1.61e-55	192	34.0	91.6
tr|A0A7J6FR64|A0A7J6FR64_CANSA	H8F0D7	33.9	354	1075	393	2.38e-52	183	32.9	84.5
tr|A0A7J6FR64|A0A7J6FR64_CANSA	I6Y9Q3	33.9	354	1075	393	2.38e-52	183	32.9	84.5
tr|A0A7J6FR64|A0A7J6FR64_CANSA	O34002	33.7	380	1075	379	3.60e-51	179	34.5	94.7
tr|A0A7J6FR64|A0A7J6FR64_CANSA	Q56063	32.2	379	1075	389	4.60e-51	179	35.2	92.3
tr|A0A7J6FR64|A0A7J6FR64_CANSA	P31660	31.9	379	1075	389	1.15e-50	178	35.2	92.3
tr|A0A7J6FR64|A0A7J6FR64_CANSA	Q937N9	31.0	378	1075	385	8.84e-50	175	35.2	93.2
tr|A0A7J6FR64|A0A7J6FR64_CANSA	P63778	32.1	386	1075	373	1.78e-39	145	35.0	92.5
tr|A0A7J6FR64|A0A7J6FR64_CANSA	P9WPD2	32.1	386	1075	373	1.78e-39	145	35.0	92.5
tr|A0A7J6FR64|A0A7J6FR64_CANSA	P9WPD3	32.1	386	1075	373	1.78e-39	145	35.0	92.5
tr|A0A7J6FR64|A0A7J6FR64_CANSA	Q9CZU6	27.6	384	1075	464	5.78e-28	112	33.5	79.7
tr|A0A7J6FR64|A0A7J6FR64_CANSA	Q28DK1	28.9	387	1075	468	2.59e-27	110	33.5	79.1
tr|A0A7J6FR64|A0A7J6FR64_CANSA	Q8VHF5	27.3	384	1075	466	3.39e-27	110	33.5	79.4
tr|A0A7J6FR64|A0A7J6FR64_CANSA	Q0GNE0	29.5	387	1075	469	3.50e-27	110	33.5	78.9
tr|A0A7J6FR64|A0A7J6FR64_CANSA	P34085	26.9	387	1075	469	2.67e-26	107	33.9	79.7
tr|A0A7J6FR64|A0A7J6FR64_CANSA	P49298	26.2	381	1075	471	2.73e-26	107	33.3	77.9
tr|A0A7J6FR64|A0A7J6FR64_CANSA	Q0GNE1	29.2	387	1075	469	3.57e-26	107	33.5	78.9
tr|A0A7J6FR64|A0A7J6FR64_CANSA	Q7ZWZ5	28.2	387	1075	468	4.72e-26	107	33.5	79.1
tr|A0A7J6FR64|A0A7J6FR64_CANSA	P00889	27.3	384	1075	464	8.10e-26	106	33.5	79.7
tr|A0A7J6FR64|A0A7J6FR64_CANSA	Q7ZVY5	27.6	384	1075	468	8.43e-26	106	33.5	79.1
tr|A0A7J6FR64|A0A7J6FR64_CANSA	P0C1Z2	27.3	384	1075	466	1.48e-25	105	33.5	79.4
tr|A0A7J6FR64|A0A7J6FR64_CANSA	Q29RK1	27.1	384	1075	466	1.48e-25	105	33.5	79.4
tr|A0A7J6FR64|A0A7J6FR64_CANSA	P20115	27.5	389	1075	474	2.13e-25	105	33.9	78.5
tr|A0A7J6FR64|A0A7J6FR64_CANSA	Q9M1D3	26.4	397	1075	464	2.58e-25	104	34.4	80.6
tr|A0A7J6FR64|A0A7J6FR64_CANSA	P08679	27.1	406	1075	460	3.32e-25	104	35.5	83.0
tr|A0A7J6FR64|A0A7J6FR64_CANSA	Q0QHL3	26.6	395	1075	465	3.48e-25	104	34.0	80.6
tr|A0A7J6FR64|A0A7J6FR64_CANSA	O75390	27.1	384	1075	466	3.51e-25	104	33.5	79.4
tr|A0A7J6FR64|A0A7J6FR64_CANSA	Q6S9V6	28.7	387	1075	469	4.83e-25	103	33.5	78.9
tr|A0A7J6FR64|A0A7J6FR64_CANSA	Q61JF9	26.5	400	1075	468	8.52e-25	103	34.6	81.6
tr|A0A7J6FR64|A0A7J6FR64_CANSA	Q4S5X1	28.9	387	1075	469	1.15e-24	102	33.5	78.9
tr|A0A7J6FR64|A0A7J6FR64_CANSA	C7C435	26.9	383	1075	472	1.18e-24	102	33.3	79.2
tr|A0A7J6FR64|A0A7J6FR64_CANSA	P23007	27.1	388	1075	433	1.44e-24	102	33.5	85.5
tr|A0A7J6FR64|A0A7J6FR64_CANSA	Q6S9V5	28.6	385	1075	469	1.53e-24	102	33.3	78.5
tr|A0A7J6FR64|A0A7J6FR64_CANSA	C7C436	26.6	383	1075	472	1.57e-24	102	33.3	79.2
tr|A0A7J6FR64|A0A7J6FR64_CANSA	O80433	25.5	392	1075	472	2.80e-24	101	34.1	79.4
tr|A0A7J6FR64|A0A7J6FR64_CANSA	P34575	26.6	376	1075	468	3.61e-24	101	32.4	77.1
tr|A0A7J6FR64|A0A7J6FR64_CANSA	Q6S9V8	28.4	387	1075	469	6.47e-24	100	33.5	78.9
tr|A0A7J6FR64|A0A7J6FR64_CANSA	Q6S9V9	28.4	387	1075	469	6.47e-24	100	33.5	78.9
tr|A0A7J6FR64|A0A7J6FR64_CANSA	Q6S9V7	27.6	384	1075	469	1.15e-23	99.8	33.5	78.9
tr|A0A7J6FR64|A0A7J6FR64_CANSA	Q43175	27.8	392	1075	471	1.17e-23	99.8	34.1	79.8
tr|A0A7J6FR64|A0A7J6FR64_CANSA	B0YD89	27.3	392	1075	465	1.48e-23	99.4	33.3	80.2
tr|A0A7J6FR64|A0A7J6FR64_CANSA	Q50I20	27.3	392	1075	465	1.48e-23	99.4	33.3	80.2
tr|A0A7J6FR64|A0A7J6FR64_CANSA	Q10306	27.6	388	1075	483	3.04e-23	98.6	33.5	76.6
tr|A0A7J6FR64|A0A7J6FR64_CANSA	O00098	26.5	359	1075	474	3.78e-23	98.2	31.4	73.6
tr|A0A7J6FR64|A0A7J6FR64_CANSA	Q6C793	26.3	361	1075	465	1.48e-22	96.3	31.4	75.3
tr|A0A7J6FR64|A0A7J6FR64_CANSA	P00890	25.8	357	1075	479	1.64e-22	96.3	31.4	72.7
tr|A0A7J6FR64|A0A7J6FR64_CANSA	A0A0S3QTD0	27.6	370	1075	442	2.17e-22	95.5	31.3	79.2
tr|A0A7J6FR64|A0A7J6FR64_CANSA	Q16P20	26.1	417	1075	467	2.67e-22	95.5	35.9	85.4
tr|A0A7J6FR64|A0A7J6FR64_CANSA	Q17GM7	26.1	417	1075	467	2.67e-22	95.5	35.9	85.4
tr|A0A7J6FR64|A0A7J6FR64_CANSA	Q9TEM3	27.2	393	1075	460	3.36e-22	95.1	33.3	81.1
tr|A0A7J6FR64|A0A7J6FR64_CANSA	P24118	25.7	435	1075	462	1.23e-16	77.8	36.4	89.2
tr|A0A7J6FR64|A0A7J6FR64_CANSA	P43635	25.0	396	1075	486	2.39e-16	77.0	33.3	80.0
tr|A0A7J6FR64|A0A7J6FR64_CANSA	A4H9H8	25.5	404	1075	470	3.92e-16	76.3	34.2	83.0
tr|A0A7J6FR64|A0A7J6FR64_CANSA	Q4QDX3	25.3	411	1075	470	6.88e-16	75.5	34.2	83.0
tr|A0A7J6FR64|A0A7J6FR64_CANSA	A4HXU4	24.4	487	1075	470	9.10e-16	75.1	40.0	96.2
tr|A0A7J6FR64|A0A7J6FR64_CANSA	P83372	24.6	394	1075	469	2.61e-14	70.5	33.3	78.3
tr|A0A7J6H5W5|A0A7J6H5W5_CANSA	P49299	87.9	494	1073	516	9.81e-307	854	46.0	95.5
tr|A0A7J6H5W5|A0A7J6H5W5_CANSA	Q9LXS6	82.1	497	1073	514	1.41e-290	813	45.9	96.3
tr|A0A7J6H5W5|A0A7J6H5W5_CANSA	Q9SJH7	81.6	495	1073	509	9.47e-290	810	45.9	96.5
tr|A0A7J6H5W5|A0A7J6H5W5_CANSA	Q9LXS7	74.0	477	1073	480	3.01e-251	711	44.5	98.1
tr|A0A7J6H5W5|A0A7J6H5W5_CANSA	Q8MQU6	56.5	474	1073	492	3.51e-183	537	44.2	93.9
tr|A0A7J6H5W5|A0A7J6H5W5_CANSA	Q86AV6	56.2	434	1073	512	3.62e-176	520	40.4	84.6
tr|A0A7J6H5W5|A0A7J6H5W5_CANSA	P9WPD4	48.5	398	1073	431	1.28e-120	372	36.7	90.7
tr|A0A7J6H5W5|A0A7J6H5W5_CANSA	P9WPD5	48.5	398	1073	431	1.28e-120	372	36.7	90.7
tr|A0A7J6H5W5|A0A7J6H5W5_CANSA	P94325	47.8	400	1073	434	1.06e-119	369	36.7	90.1
tr|A0A7J6H5W5|A0A7J6H5W5_CANSA	Q1RGV8	46.8	395	1073	435	3.28e-117	363	36.3	89.2
tr|A0A7J6H5W5|A0A7J6H5W5_CANSA	P51033	45.0	427	1073	431	4.03e-117	362	39.4	97.0
tr|A0A7J6H5W5|A0A7J6H5W5_CANSA	P51037	46.4	394	1073	429	3.94e-116	360	36.3	90.2
tr|A0A7J6H5W5|A0A7J6H5W5_CANSA	O33915	46.2	394	1073	429	5.51e-116	359	36.3	90.2
tr|A0A7J6H5W5|A0A7J6H5W5_CANSA	P51038	46.2	394	1073	429	1.08e-115	358	36.3	90.2
tr|A0A7J6H5W5|A0A7J6H5W5_CANSA	P51040	46.7	396	1073	435	1.31e-115	358	36.3	89.0
tr|A0A7J6H5W5|A0A7J6H5W5_CANSA	P51034	46.0	398	1073	438	2.81e-115	358	36.5	88.8
tr|A0A7J6H5W5|A0A7J6H5W5_CANSA	P09948	45.6	395	1073	436	1.00e-114	356	36.3	88.8
tr|A0A7J6H5W5|A0A7J6H5W5_CANSA	Q59776	46.2	396	1073	435	1.90e-114	355	36.3	89.0
tr|A0A7J6H5W5|A0A7J6H5W5_CANSA	Q59778	46.2	396	1073	435	1.90e-114	355	36.3	89.0
tr|A0A7J6H5W5|A0A7J6H5W5_CANSA	Q59732	46.0	396	1073	435	7.23e-114	354	36.3	89.0
tr|A0A7J6H5W5|A0A7J6H5W5_CANSA	P20901	43.7	446	1073	436	1.04e-113	353	41.0	99.1
tr|A0A7J6H5W5|A0A7J6H5W5_CANSA	P51042	45.7	396	1073	435	1.41e-113	353	36.3	89.0
tr|A0A7J6H5W5|A0A7J6H5W5_CANSA	P51043	45.3	395	1073	436	1.46e-113	353	36.3	88.8
tr|A0A7J6H5W5|A0A7J6H5W5_CANSA	P42457	45.0	402	1073	437	4.39e-111	347	37.0	90.2
tr|A0A7J6H5W5|A0A7J6H5W5_CANSA	P20902	46.0	396	1073	424	1.10e-110	345	36.7	90.6
tr|A0A7J6H5W5|A0A7J6H5W5_CANSA	P18789	43.7	412	1073	430	1.34e-110	345	38.0	94.0
tr|A0A7J6H5W5|A0A7J6H5W5_CANSA	P14165	45.5	393	1073	428	3.62e-108	338	36.3	90.0
tr|A0A7J6H5W5|A0A7J6H5W5_CANSA	O68883	44.6	388	1073	427	1.90e-106	334	35.7	88.5
tr|A0A7J6H5W5|A0A7J6H5W5_CANSA	P0ABH7	43.7	412	1073	427	2.65e-106	333	37.9	93.7
tr|A0A7J6H5W5|A0A7J6H5W5_CANSA	P0ABH8	43.7	412	1073	427	2.65e-106	333	37.9	93.7
tr|A0A7J6H5W5|A0A7J6H5W5_CANSA	Q59977	42.8	395	1073	397	3.16e-98	311	36.8	95.2
tr|A0A7J6H5W5|A0A7J6H5W5_CANSA	P56062	37.8	434	1073	426	1.71e-84	275	39.1	99.5
tr|A0A7J6H5W5|A0A7J6H5W5_CANSA	Q9ZN37	37.9	435	1073	426	1.19e-83	272	39.1	99.5
tr|A0A7J6H5W5|A0A7J6H5W5_CANSA	P51045	38.1	394	1073	386	1.40e-77	254	36.3	98.4
tr|A0A7J6H5W5|A0A7J6H5W5_CANSA	Q53554	38.8	379	1073	377	2.48e-75	248	35.3	95.2
tr|A0A7J6H5W5|A0A7J6H5W5_CANSA	Q9RWB2	37.9	380	1073	377	2.32e-74	245	35.4	96.3
tr|A0A7J6H5W5|A0A7J6H5W5_CANSA	P80148	35.7	398	1073	377	3.65e-68	228	36.6	100
tr|A0A7J6H5W5|A0A7J6H5W5_CANSA	P39120	33.8	388	1073	372	6.66e-66	221	36.1	98.4
tr|A0A7J6H5W5|A0A7J6H5W5_CANSA	D4GS06	35.0	383	1073	379	1.77e-61	209	35.4	96.3
tr|A0A7J6H5W5|A0A7J6H5W5_CANSA	P45858	34.0	382	1073	372	6.95e-61	207	35.2	96.5
tr|A0A7J6H5W5|A0A7J6H5W5_CANSA	P26491	36.4	357	1073	375	1.74e-57	197	33.0	88.8
tr|A0A7J6H5W5|A0A7J6H5W5_CANSA	P39119	34.0	374	1073	366	2.54e-57	196	34.3	94.8
tr|A0A7J6H5W5|A0A7J6H5W5_CANSA	P21553	31.7	382	1073	385	4.18e-57	196	34.8	93.8
tr|A0A7J6H5W5|A0A7J6H5W5_CANSA	Q59939	34.5	374	1073	372	5.52e-57	196	34.1	93.5
tr|A0A7J6H5W5|A0A7J6H5W5_CANSA	P27660	31.6	377	1073	373	5.67e-57	196	35.0	95.7
tr|A0A7J6H5W5|A0A7J6H5W5_CANSA	Q8NSH7	31.7	378	1073	381	2.40e-56	194	35.2	95.3
tr|A0A7J6H5W5|A0A7J6H5W5_CANSA	Q8EJW2	33.4	368	1073	375	9.57e-56	192	34.1	91.7
tr|A0A7J6H5W5|A0A7J6H5W5_CANSA	Q8NSL1	32.7	367	1073	383	2.17e-55	191	34.1	91.6
tr|A0A7J6H5W5|A0A7J6H5W5_CANSA	H8F0D7	33.9	354	1073	393	2.38e-52	183	33.0	84.5
tr|A0A7J6H5W5|A0A7J6H5W5_CANSA	I6Y9Q3	33.9	354	1073	393	2.38e-52	183	33.0	84.5
tr|A0A7J6H5W5|A0A7J6H5W5_CANSA	O34002	33.7	380	1073	379	3.59e-51	179	34.6	94.7
tr|A0A7J6H5W5|A0A7J6H5W5_CANSA	Q56063	32.2	379	1073	389	6.22e-51	179	35.2	92.3
tr|A0A7J6H5W5|A0A7J6H5W5_CANSA	P31660	31.9	379	1073	389	1.55e-50	177	35.2	92.3
tr|A0A7J6H5W5|A0A7J6H5W5_CANSA	Q937N9	31.0	378	1073	385	1.20e-49	175	35.2	93.2
tr|A0A7J6H5W5|A0A7J6H5W5_CANSA	P63778	32.1	386	1073	373	1.78e-39	145	35.0	92.5
tr|A0A7J6H5W5|A0A7J6H5W5_CANSA	P9WPD2	32.1	386	1073	373	1.78e-39	145	35.0	92.5
tr|A0A7J6H5W5|A0A7J6H5W5_CANSA	P9WPD3	32.1	386	1073	373	1.78e-39	145	35.0	92.5
tr|A0A7J6H5W5|A0A7J6H5W5_CANSA	Q9CZU6	27.6	384	1073	464	5.77e-28	112	33.6	79.7
tr|A0A7J6H5W5|A0A7J6H5W5_CANSA	Q28DK1	28.9	387	1073	468	2.58e-27	110	33.6	79.1
tr|A0A7J6H5W5|A0A7J6H5W5_CANSA	Q8VHF5	27.3	384	1073	466	3.38e-27	110	33.6	79.4
tr|A0A7J6H5W5|A0A7J6H5W5_CANSA	Q0GNE0	29.5	387	1073	469	3.49e-27	110	33.6	78.9
tr|A0A7J6H5W5|A0A7J6H5W5_CANSA	P34085	26.9	387	1073	469	2.66e-26	107	33.9	79.7
tr|A0A7J6H5W5|A0A7J6H5W5_CANSA	P49298	26.2	381	1073	471	2.72e-26	107	33.4	77.9
tr|A0A7J6H5W5|A0A7J6H5W5_CANSA	Q0GNE1	29.2	387	1073	469	3.56e-26	107	33.6	78.9
tr|A0A7J6H5W5|A0A7J6H5W5_CANSA	Q7ZWZ5	28.2	387	1073	468	4.71e-26	107	33.6	79.1
tr|A0A7J6H5W5|A0A7J6H5W5_CANSA	P00889	27.3	384	1073	464	8.08e-26	106	33.6	79.7
tr|A0A7J6H5W5|A0A7J6H5W5_CANSA	Q7ZVY5	27.6	384	1073	468	8.41e-26	106	33.6	79.1
tr|A0A7J6H5W5|A0A7J6H5W5_CANSA	P0C1Z2	27.3	384	1073	466	1.47e-25	105	33.6	79.4
tr|A0A7J6H5W5|A0A7J6H5W5_CANSA	Q29RK1	27.1	384	1073	466	1.47e-25	105	33.6	79.4
tr|A0A7J6H5W5|A0A7J6H5W5_CANSA	P20115	27.5	389	1073	474	2.12e-25	105	33.9	78.5
tr|A0A7J6H5W5|A0A7J6H5W5_CANSA	Q9M1D3	26.4	397	1073	464	2.57e-25	104	34.5	80.6
tr|A0A7J6H5W5|A0A7J6H5W5_CANSA	P08679	27.1	406	1073	460	3.31e-25	104	35.6	83.0
tr|A0A7J6H5W5|A0A7J6H5W5_CANSA	Q0QHL3	26.6	395	1073	465	3.47e-25	104	34.0	80.6
tr|A0A7J6H5W5|A0A7J6H5W5_CANSA	O75390	27.1	384	1073	466	3.51e-25	104	33.6	79.4
tr|A0A7J6H5W5|A0A7J6H5W5_CANSA	Q6S9V6	28.7	387	1073	469	4.81e-25	103	33.6	78.9
tr|A0A7J6H5W5|A0A7J6H5W5_CANSA	Q61JF9	26.5	400	1073	468	8.50e-25	103	34.7	81.6
tr|A0A7J6H5W5|A0A7J6H5W5_CANSA	Q4S5X1	28.9	387	1073	469	1.14e-24	102	33.6	78.9
tr|A0A7J6H5W5|A0A7J6H5W5_CANSA	C7C435	26.9	383	1073	472	1.18e-24	102	33.4	79.2
tr|A0A7J6H5W5|A0A7J6H5W5_CANSA	P23007	27.1	388	1073	433	1.43e-24	102	33.6	85.5
tr|A0A7J6H5W5|A0A7J6H5W5_CANSA	Q6S9V5	28.6	385	1073	469	1.53e-24	102	33.4	78.5
tr|A0A7J6H5W5|A0A7J6H5W5_CANSA	C7C436	26.6	383	1073	472	1.57e-24	102	33.4	79.2
tr|A0A7J6H5W5|A0A7J6H5W5_CANSA	O80433	25.5	392	1073	472	2.79e-24	101	34.2	79.4
tr|A0A7J6H5W5|A0A7J6H5W5_CANSA	P34575	26.6	376	1073	468	3.60e-24	101	32.4	77.1
tr|A0A7J6H5W5|A0A7J6H5W5_CANSA	Q6S9V8	28.4	387	1073	469	6.45e-24	100	33.6	78.9
tr|A0A7J6H5W5|A0A7J6H5W5_CANSA	Q6S9V9	28.4	387	1073	469	6.45e-24	100	33.6	78.9
tr|A0A7J6H5W5|A0A7J6H5W5_CANSA	Q6S9V7	27.6	384	1073	469	1.15e-23	99.8	33.6	78.9
tr|A0A7J6H5W5|A0A7J6H5W5_CANSA	Q43175	27.8	392	1073	471	1.17e-23	99.8	34.2	79.8
tr|A0A7J6H5W5|A0A7J6H5W5_CANSA	B0YD89	27.3	392	1073	465	1.48e-23	99.4	33.4	80.2
tr|A0A7J6H5W5|A0A7J6H5W5_CANSA	Q50I20	27.3	392	1073	465	1.48e-23	99.4	33.4	80.2
tr|A0A7J6H5W5|A0A7J6H5W5_CANSA	Q10306	27.6	388	1073	483	3.04e-23	98.6	33.6	76.6
tr|A0A7J6H5W5|A0A7J6H5W5_CANSA	O00098	26.5	359	1073	474	3.77e-23	98.2	31.5	73.6
tr|A0A7J6H5W5|A0A7J6H5W5_CANSA	Q6C793	26.3	361	1073	465	1.47e-22	96.3	31.5	75.3
tr|A0A7J6H5W5|A0A7J6H5W5_CANSA	P00890	25.8	357	1073	479	1.64e-22	96.3	31.5	72.7
tr|A0A7J6H5W5|A0A7J6H5W5_CANSA	A0A0S3QTD0	27.6	370	1073	442	2.16e-22	95.5	31.3	79.2
tr|A0A7J6H5W5|A0A7J6H5W5_CANSA	Q16P20	26.1	417	1073	467	2.66e-22	95.5	36.0	85.4
tr|A0A7J6H5W5|A0A7J6H5W5_CANSA	Q17GM7	26.1	417	1073	467	2.66e-22	95.5	36.0	85.4
tr|A0A7J6H5W5|A0A7J6H5W5_CANSA	Q9TEM3	27.2	393	1073	460	3.35e-22	95.1	33.4	81.1
tr|A0A7J6H5W5|A0A7J6H5W5_CANSA	P24118	25.7	435	1073	462	1.23e-16	77.8	36.4	89.2
tr|A0A7J6H5W5|A0A7J6H5W5_CANSA	P43635	25.0	396	1073	486	2.38e-16	77.0	33.4	80.0
tr|A0A7J6H5W5|A0A7J6H5W5_CANSA	A4H9H8	25.5	404	1073	470	3.91e-16	76.3	34.3	83.0
tr|A0A7J6H5W5|A0A7J6H5W5_CANSA	Q4QDX3	25.3	411	1073	470	6.86e-16	75.5	34.3	83.0
tr|A0A7J6H5W5|A0A7J6H5W5_CANSA	A4HXU4	24.4	487	1073	470	9.08e-16	75.1	40.1	96.2
tr|A0A7J6H5W5|A0A7J6H5W5_CANSA	P83372	24.6	394	1073	469	2.60e-14	70.5	33.4	78.3
tr|A0A7J6DTU9|A0A7J6DTU9_CANSA	Q0A5V3	31.4	118	662	203	3.55e-06	42.4	17.7	55.2
tr|A0A7J6DWU9|A0A7J6DWU9_CANSA	O87198	24.7	372	594	376	3.79e-19	83.6	56.4	93.9
tr|A0A7J6DWU9|A0A7J6DWU9_CANSA	P0DO96	29.1	261	594	415	5.15e-19	83.6	42.6	60.2
tr|A0A7J6DWU9|A0A7J6DWU9_CANSA	A5N6T4	24.8	270	594	453	1.89e-10	57.0	42.6	56.3
tr|A0A7J6DWU9|A0A7J6DWU9_CANSA	Q2LTE1	24.6	268	594	629	1.50e-08	51.2	42.3	40.2
tr|A0A7J6DXZ9|A0A7J6DXZ9_CANSA	Q0A5V3	31.4	118	630	203	3.34e-06	42.4	18.6	55.2
tr|A0A7J6E9R3|A0A7J6E9R3_CANSA	O87198	26.5	378	633	376	1.26e-31	120	59.1	93.9
tr|A0A7J6E9R3|A0A7J6E9R3_CANSA	P0DO96	27.2	408	633	415	7.44e-28	110	62.1	94.0
tr|A0A7J6E9R3|A0A7J6E9R3_CANSA	A5N6T4	24.3	346	633	453	1.13e-14	70.5	52.0	72.0
tr|A0A7J6E9R3|A0A7J6E9R3_CANSA	Q2LTE1	24.8	343	633	629	2.62e-13	66.6	51.5	51.4
tr|A0A7J6EDY8|A0A7J6EDY8_CANSA	Q9M682	66.6	386	420	389	3.24e-181	504	91.4	97.7
tr|A0A7J6EDY8|A0A7J6EDY8_CANSA	P93757	66.1	386	420	387	5.89e-174	486	91.4	97.9
tr|A0A7J6EDY8|A0A7J6EDY8_CANSA	Q2QPW1	60.2	394	420	382	4.37e-148	420	93.1	99.0
tr|A0A7J6EDY8|A0A7J6EDY8_CANSA	Q54XF2	52.2	180	420	202	1.42e-57	182	42.9	89.1
tr|A0A7J6EDY8|A0A7J6EDY8_CANSA	Q9P6I5	51.1	180	420	202	3.96e-57	181	42.9	89.1
tr|A0A7J6EDY8|A0A7J6EDY8_CANSA	Q64520	50.3	181	420	198	4.93e-57	181	43.1	91.4
tr|A0A7J6EDY8|A0A7J6EDY8_CANSA	P31006	50.3	181	420	198	1.37e-56	179	43.1	91.4
tr|A0A7J6EDY8|A0A7J6EDY8_CANSA	P46195	49.7	181	420	198	1.07e-55	177	43.1	91.4
tr|A0A7J6EDY8|A0A7J6EDY8_CANSA	Q16774	48.6	181	420	197	5.70e-55	175	43.1	91.9
tr|A0A7J6EDY8|A0A7J6EDY8_CANSA	P15454	47.8	186	420	187	1.50e-51	166	44.0	98.9
tr|A0A7J6EDY8|A0A7J6EDY8_CANSA	Q0I868	45.5	187	420	190	4.94e-45	149	44.5	96.3
tr|A0A7J6EDY8|A0A7J6EDY8_CANSA	Q3AC14	45.9	183	420	204	5.62e-44	147	43.6	87.7
tr|A0A7J6EDY8|A0A7J6EDY8_CANSA	Q72DM9	47.2	176	420	207	4.62e-43	144	41.9	83.1
tr|A0A7J6EDY8|A0A7J6EDY8_CANSA	Q0SS73	42.1	183	420	216	1.22e-41	141	43.6	82.9
tr|A0A7J6EDY8|A0A7J6EDY8_CANSA	Q0TPK6	42.1	183	420	216	1.22e-41	141	43.6	82.9
tr|A0A7J6EDY8|A0A7J6EDY8_CANSA	Q3ALX6	42.1	183	420	185	1.38e-41	140	43.6	96.8
tr|A0A7J6EDY8|A0A7J6EDY8_CANSA	Q8XJK8	41.5	183	420	216	1.71e-41	140	43.6	82.9
tr|A0A7J6EDY8|A0A7J6EDY8_CANSA	Q3MD38	44.2	181	420	199	4.04e-41	139	43.1	88.9
tr|A0A7J6EDY8|A0A7J6EDY8_CANSA	Q67PR9	43.7	197	420	211	5.67e-41	139	46.2	91.5
tr|A0A7J6EDY8|A0A7J6EDY8_CANSA	Q1D3A6	41.3	179	420	209	7.49e-41	139	42.6	84.2
tr|A0A7J6EDY8|A0A7J6EDY8_CANSA	Q8Z0I7	43.6	181	420	199	7.90e-41	138	43.1	88.9
tr|A0A7J6EDY8|A0A7J6EDY8_CANSA	Q3A523	41.6	178	420	210	4.11e-40	137	42.4	82.9
tr|A0A7J6EDY8|A0A7J6EDY8_CANSA	Q92AI1	43.0	186	420	205	4.99e-40	136	44.3	87.8
tr|A0A7J6EDY8|A0A7J6EDY8_CANSA	Q7U570	43.3	180	420	182	5.06e-40	135	42.9	96.7
tr|A0A7J6EDY8|A0A7J6EDY8_CANSA	O34328	41.9	179	420	204	9.47e-40	135	42.6	86.3
tr|A0A7J6EDY8|A0A7J6EDY8_CANSA	Q71YI9	43.0	179	420	205	9.74e-40	135	42.6	85.9
tr|A0A7J6EDY8|A0A7J6EDY8_CANSA	Q8Y672	43.0	179	420	205	9.74e-40	135	42.6	85.9
tr|A0A7J6EDY8|A0A7J6EDY8_CANSA	Q7NRL1	44.6	168	420	210	1.56e-39	135	40.0	78.1
tr|A0A7J6EDY8|A0A7J6EDY8_CANSA	Q24TX4	42.1	183	420	200	2.31e-39	134	43.6	89.5
tr|A0A7J6EDY8|A0A7J6EDY8_CANSA	Q5F775	46.5	170	420	205	2.65e-39	134	40.5	81.0
tr|A0A7J6EDY8|A0A7J6EDY8_CANSA	Q65JT0	41.3	179	420	204	3.60e-39	134	42.6	86.3
tr|A0A7J6EDY8|A0A7J6EDY8_CANSA	Q2FHM9	40.2	169	420	207	3.92e-39	134	40.2	80.2
tr|A0A7J6EDY8|A0A7J6EDY8_CANSA	Q2G1U0	40.2	169	420	207	3.92e-39	134	40.2	80.2
tr|A0A7J6EDY8|A0A7J6EDY8_CANSA	Q5HGM3	40.2	169	420	207	3.92e-39	134	40.2	80.2
tr|A0A7J6EDY8|A0A7J6EDY8_CANSA	Q6GA04	40.2	169	420	207	3.92e-39	134	40.2	80.2
tr|A0A7J6EDY8|A0A7J6EDY8_CANSA	Q8NX22	40.2	169	420	207	3.92e-39	134	40.2	80.2
tr|A0A7J6EDY8|A0A7J6EDY8_CANSA	Q2JQ59	41.3	179	420	221	4.12e-39	134	42.6	79.2
tr|A0A7J6EDY8|A0A7J6EDY8_CANSA	Q5L0S8	42.5	179	420	205	5.17e-39	134	42.6	85.9
tr|A0A7J6EDY8|A0A7J6EDY8_CANSA	Q9JT96	44.4	178	420	205	5.17e-39	134	42.4	84.9
tr|A0A7J6EDY8|A0A7J6EDY8_CANSA	Q30XT1	43.2	176	420	206	5.32e-39	134	41.9	83.5
tr|A0A7J6EDY8|A0A7J6EDY8_CANSA	Q5E8P5	43.0	179	420	207	5.47e-39	134	42.4	85.0
tr|A0A7J6EDY8|A0A7J6EDY8_CANSA	Q895Q5	41.5	183	420	208	5.62e-39	134	43.6	85.6
tr|A0A7J6EDY8|A0A7J6EDY8_CANSA	Q2JQB9	41.9	179	420	217	1.00e-38	133	42.6	80.6
tr|A0A7J6EDY8|A0A7J6EDY8_CANSA	Q636F5	41.9	179	420	205	1.01e-38	133	42.6	85.9
tr|A0A7J6EDY8|A0A7J6EDY8_CANSA	Q6HEU4	41.9	179	420	205	1.01e-38	133	42.6	85.9
tr|A0A7J6EDY8|A0A7J6EDY8_CANSA	Q732K0	41.9	179	420	205	1.01e-38	133	42.6	85.9
tr|A0A7J6EDY8|A0A7J6EDY8_CANSA	Q81WG7	41.9	179	420	205	1.01e-38	133	42.6	85.9
tr|A0A7J6EDY8|A0A7J6EDY8_CANSA	Q2YXF9	39.6	169	420	207	1.07e-38	133	40.2	80.2
tr|A0A7J6EDY8|A0A7J6EDY8_CANSA	Q6GHM6	39.6	169	420	207	1.07e-38	133	40.2	80.2
tr|A0A7J6EDY8|A0A7J6EDY8_CANSA	Q7MPW9	41.9	179	420	207	1.07e-38	133	42.4	85.0
tr|A0A7J6EDY8|A0A7J6EDY8_CANSA	Q8DDV6	41.9	179	420	207	1.07e-38	133	42.4	85.0
tr|A0A7J6EDY8|A0A7J6EDY8_CANSA	Q9K9Y2	43.6	179	420	204	1.37e-38	132	42.6	85.8
tr|A0A7J6EDY8|A0A7J6EDY8_CANSA	Q9JYB5	43.8	178	420	205	1.96e-38	132	42.4	84.9
tr|A0A7J6EDY8|A0A7J6EDY8_CANSA	P65219	39.6	169	420	207	2.08e-38	132	40.2	80.2
tr|A0A7J6EDY8|A0A7J6EDY8_CANSA	P99176	39.6	169	420	207	2.08e-38	132	40.2	80.2
tr|A0A7J6EDY8|A0A7J6EDY8_CANSA	Q9KNM4	41.3	179	420	207	2.08e-38	132	42.4	85.0
tr|A0A7J6EDY8|A0A7J6EDY8_CANSA	Q182S8	39.1	184	420	205	2.74e-38	132	43.8	87.8
tr|A0A7J6EDY8|A0A7J6EDY8_CANSA	Q97ID0	41.0	183	420	209	3.06e-38	132	43.6	85.2
tr|A0A7J6EDY8|A0A7J6EDY8_CANSA	P72648	42.2	180	420	191	3.61e-38	131	42.9	92.1
tr|A0A7J6EDY8|A0A7J6EDY8_CANSA	Q5HTT7	41.1	180	420	205	3.83e-38	131	42.6	86.3
tr|A0A7J6EDY8|A0A7J6EDY8_CANSA	Q9PNB8	41.1	180	420	207	4.04e-38	131	42.6	85.5
tr|A0A7J6EDY8|A0A7J6EDY8_CANSA	Q30PL1	42.9	177	420	206	5.49e-38	131	41.9	84.0
tr|A0A7J6EDY8|A0A7J6EDY8_CANSA	Q5WFK3	41.3	179	420	205	7.45e-38	130	42.6	85.4
tr|A0A7J6EDY8|A0A7J6EDY8_CANSA	Q0HZX1	42.1	178	420	207	7.87e-38	130	42.4	84.5
tr|A0A7J6EDY8|A0A7J6EDY8_CANSA	Q0VT94	41.0	178	420	207	7.87e-38	130	42.4	84.1
tr|A0A7J6EDY8|A0A7J6EDY8_CANSA	Q819T6	41.9	179	420	205	1.04e-37	130	42.6	85.9
tr|A0A7J6EDY8|A0A7J6EDY8_CANSA	Q6AJ91	40.7	189	420	203	1.37e-37	130	44.8	91.1
tr|A0A7J6EDY8|A0A7J6EDY8_CANSA	Q0HE40	41.6	178	420	207	1.53e-37	130	42.4	84.5
tr|A0A7J6EDY8|A0A7J6EDY8_CANSA	Q87TA9	41.9	179	420	207	1.53e-37	130	42.4	85.0
tr|A0A7J6EDY8|A0A7J6EDY8_CANSA	Q5QYH9	43.0	179	420	210	1.66e-37	130	42.4	83.8
tr|A0A7J6EDY8|A0A7J6EDY8_CANSA	P0C0M9	38.5	169	420	207	2.13e-37	129	40.2	80.2
tr|A0A7J6EDY8|A0A7J6EDY8_CANSA	Q5HPY1	38.5	169	420	207	2.98e-37	129	40.2	80.2
tr|A0A7J6EDY8|A0A7J6EDY8_CANSA	Q6DB60	41.9	179	420	207	2.98e-37	129	42.4	85.0
tr|A0A7J6EDY8|A0A7J6EDY8_CANSA	Q1GNB4	44.7	179	420	220	3.03e-37	129	42.4	79.5
tr|A0A7J6EDY8|A0A7J6EDY8_CANSA	Q46GV6	38.9	180	420	186	3.23e-37	128	42.9	94.6
tr|A0A7J6EDY8|A0A7J6EDY8_CANSA	Q5P3M0	42.6	169	420	204	3.82e-37	129	40.2	80.9
tr|A0A7J6EDY8|A0A7J6EDY8_CANSA	Q110R6	42.0	181	420	186	4.51e-37	128	43.1	95.2
tr|A0A7J6EDY8|A0A7J6EDY8_CANSA	P60555	41.5	183	420	189	4.91e-37	128	43.6	94.7
tr|A0A7J6EDY8|A0A7J6EDY8_CANSA	Q9X215	43.3	178	420	207	5.79e-37	128	42.4	84.1
tr|A0A7J6EDY8|A0A7J6EDY8_CANSA	Q827Q3	44.9	178	420	197	6.13e-37	128	42.4	88.3
tr|A0A7J6EDY8|A0A7J6EDY8_CANSA	Q5NQE8	41.5	183	420	216	1.43e-36	127	43.3	82.9
tr|A0A7J6EDY8|A0A7J6EDY8_CANSA	Q49WZ1	36.9	179	420	207	1.57e-36	127	42.6	85.0
tr|A0A7J6EDY8|A0A7J6EDY8_CANSA	Q12IL8	41.6	178	420	207	2.18e-36	127	42.4	84.5
tr|A0A7J6EDY8|A0A7J6EDY8_CANSA	Q7WZE5	41.6	178	420	207	2.18e-36	127	42.4	84.5
tr|A0A7J6EDY8|A0A7J6EDY8_CANSA	Q3AWM1	41.1	175	420	187	2.45e-36	126	41.7	91.4
tr|A0A7J6EDY8|A0A7J6EDY8_CANSA	Q8EJU6	41.6	178	420	207	3.04e-36	126	42.4	84.5
tr|A0A7J6EDY8|A0A7J6EDY8_CANSA	P65217	38.0	184	420	220	3.09e-36	127	43.6	82.3
tr|A0A7J6EDY8|A0A7J6EDY8_CANSA	P65218	38.0	184	420	220	3.09e-36	127	43.6	82.3
tr|A0A7J6EDY8|A0A7J6EDY8_CANSA	Q2YMJ2	38.0	184	420	220	3.09e-36	127	43.6	82.3
tr|A0A7J6EDY8|A0A7J6EDY8_CANSA	Q57EQ3	38.0	184	420	220	3.09e-36	127	43.6	82.3
tr|A0A7J6EDY8|A0A7J6EDY8_CANSA	P0A5I5	38.7	199	420	208	4.35e-36	126	46.9	93.8
tr|A0A7J6EDY8|A0A7J6EDY8_CANSA	P9WKE8	38.7	199	420	208	4.35e-36	126	46.9	93.8
tr|A0A7J6EDY8|A0A7J6EDY8_CANSA	P9WKE9	38.7	199	420	208	4.35e-36	126	46.9	93.8
tr|A0A7J6EDY8|A0A7J6EDY8_CANSA	Q7V2K9	41.2	182	420	184	4.37e-36	125	43.3	96.7
tr|A0A7J6EDY8|A0A7J6EDY8_CANSA	Q0A5V3	41.2	177	420	203	7.38e-36	125	42.1	85.2
tr|A0A7J6EDY8|A0A7J6EDY8_CANSA	Q1RK99	38.0	179	420	191	7.41e-36	125	42.6	91.6
tr|A0A7J6EDY8|A0A7J6EDY8_CANSA	Q9CEE3	41.9	179	420	205	7.79e-36	125	42.6	85.4
tr|A0A7J6EDY8|A0A7J6EDY8_CANSA	Q8ER28	39.9	178	420	206	8.01e-36	125	42.4	84.5
tr|A0A7J6EDY8|A0A7J6EDY8_CANSA	Q8R9S6	37.2	183	420	206	8.01e-36	125	43.6	86.9
tr|A0A7J6EDY8|A0A7J6EDY8_CANSA	Q9KX62	38.5	179	420	195	8.27e-36	125	42.6	90.3
tr|A0A7J6EDY8|A0A7J6EDY8_CANSA	Q255A8	40.4	188	420	204	1.06e-35	125	44.8	90.2
tr|A0A7J6EDY8|A0A7J6EDY8_CANSA	Q4L5R1	38.7	168	420	207	3.09e-35	124	40.0	79.7
tr|A0A7J6EDY8|A0A7J6EDY8_CANSA	Q8KPQ7	41.5	176	420	183	3.12e-35	123	41.9	94.0
tr|A0A7J6EDY8|A0A7J6EDY8_CANSA	Q5LYX1	39.7	179	420	209	3.26e-35	124	42.6	84.2
tr|A0A7J6EDY8|A0A7J6EDY8_CANSA	Q5M3I4	39.7	179	420	209	3.26e-35	124	42.6	84.2
tr|A0A7J6EDY8|A0A7J6EDY8_CANSA	Q9KXS0	44.1	177	420	197	3.29e-35	123	42.1	87.8
tr|A0A7J6EDY8|A0A7J6EDY8_CANSA	Q6MDG3	41.0	188	420	197	4.58e-35	123	44.8	92.9
tr|A0A7J6EDY8|A0A7J6EDY8_CANSA	Q9CCQ7	43.1	195	420	210	4.66e-35	123	45.7	89.5
tr|A0A7J6EDY8|A0A7J6EDY8_CANSA	Q1QSI1	39.3	178	420	215	5.32e-35	123	42.4	80.9
tr|A0A7J6EDY8|A0A7J6EDY8_CANSA	Q5N570	41.5	176	420	183	6.05e-35	122	41.9	94.0
tr|A0A7J6EDY8|A0A7J6EDY8_CANSA	Q1AVZ3	40.8	179	420	191	7.54e-35	122	42.6	91.6
tr|A0A7J6EDY8|A0A7J6EDY8_CANSA	Q2S8R2	41.8	177	420	208	8.56e-35	122	42.1	83.2
tr|A0A7J6EDY8|A0A7J6EDY8_CANSA	Q5SI18	37.9	195	420	223	9.11e-35	123	46.4	85.2
tr|A0A7J6EDY8|A0A7J6EDY8_CANSA	Q4JVH4	39.8	181	420	188	9.67e-35	122	42.6	94.1
tr|A0A7J6EDY8|A0A7J6EDY8_CANSA	Q1B9F6	41.4	181	420	198	1.27e-34	122	42.6	89.4
tr|A0A7J6EDY8|A0A7J6EDY8_CANSA	Q82ZD5	37.4	179	420	204	1.49e-34	122	42.6	86.3
tr|A0A7J6EDY8|A0A7J6EDY8_CANSA	Q4UK55	35.2	179	420	192	1.50e-34	121	42.6	91.1
tr|A0A7J6EDY8|A0A7J6EDY8_CANSA	P65220	39.7	179	420	209	1.70e-34	122	42.6	84.2
tr|A0A7J6EDY8|A0A7J6EDY8_CANSA	P65221	39.7	179	420	209	1.70e-34	122	42.6	84.2
tr|A0A7J6EDY8|A0A7J6EDY8_CANSA	Q3K368	39.7	179	420	209	1.70e-34	122	42.6	84.2
tr|A0A7J6EDY8|A0A7J6EDY8_CANSA	Q3SLI4	40.2	174	420	209	1.70e-34	122	41.4	81.3
tr|A0A7J6EDY8|A0A7J6EDY8_CANSA	Q479A8	40.4	178	420	202	1.97e-34	121	42.4	86.1
tr|A0A7J6EDY8|A0A7J6EDY8_CANSA	Q15Z10	43.6	172	420	215	1.99e-34	122	39.5	78.6
tr|A0A7J6EDY8|A0A7J6EDY8_CANSA	Q0S0L7	39.8	181	420	207	2.25e-34	121	42.6	85.5
tr|A0A7J6EDY8|A0A7J6EDY8_CANSA	Q8DNR5	44.7	150	420	208	2.31e-34	121	35.7	72.1
tr|A0A7J6EDY8|A0A7J6EDY8_CANSA	Q97PA3	44.7	150	420	208	2.31e-34	121	35.7	72.1
tr|A0A7J6EDY8|A0A7J6EDY8_CANSA	Q7MAK5	42.6	176	420	215	2.77e-34	121	41.7	80.0
tr|A0A7J6EDY8|A0A7J6EDY8_CANSA	Q9HTM2	41.2	177	420	203	2.81e-34	121	42.1	85.2
tr|A0A7J6EDY8|A0A7J6EDY8_CANSA	Q822M8	38.4	190	420	204	2.89e-34	121	45.2	91.2
tr|A0A7J6EDY8|A0A7J6EDY8_CANSA	Q72ID5	38.7	186	420	220	3.15e-34	121	44.3	82.3
tr|A0A7J6EDY8|A0A7J6EDY8_CANSA	Q7VDB6	40.2	179	420	184	3.25e-34	120	42.6	95.1
tr|A0A7J6EDY8|A0A7J6EDY8_CANSA	P0DB94	39.7	179	420	211	3.47e-34	121	42.6	83.4
tr|A0A7J6EDY8|A0A7J6EDY8_CANSA	P0DB95	39.7	179	420	211	3.47e-34	121	42.6	83.4
tr|A0A7J6EDY8|A0A7J6EDY8_CANSA	P65223	39.7	179	420	211	3.47e-34	121	42.6	83.4
tr|A0A7J6EDY8|A0A7J6EDY8_CANSA	Q1J5I6	39.7	179	420	211	3.47e-34	121	42.6	83.4
tr|A0A7J6EDY8|A0A7J6EDY8_CANSA	Q1JAJ4	39.7	179	420	211	3.47e-34	121	42.6	83.4
tr|A0A7J6EDY8|A0A7J6EDY8_CANSA	Q1JFN7	39.7	179	420	211	3.47e-34	121	42.6	83.4
tr|A0A7J6EDY8|A0A7J6EDY8_CANSA	Q1JKP6	39.7	179	420	211	3.47e-34	121	42.6	83.4
tr|A0A7J6EDY8|A0A7J6EDY8_CANSA	Q48S18	39.7	179	420	211	3.47e-34	121	42.6	83.4
tr|A0A7J6EDY8|A0A7J6EDY8_CANSA	Q5XAP1	39.7	179	420	211	3.47e-34	121	42.6	83.4
tr|A0A7J6EDY8|A0A7J6EDY8_CANSA	Q99YM5	39.7	179	420	211	3.47e-34	121	42.6	83.4
tr|A0A7J6EDY8|A0A7J6EDY8_CANSA	Q088T7	41.0	178	420	207	4.35e-34	120	42.4	84.5
tr|A0A7J6EDY8|A0A7J6EDY8_CANSA	P44310	41.1	180	420	208	4.46e-34	120	42.4	85.1
tr|A0A7J6EDY8|A0A7J6EDY8_CANSA	P60553	41.4	181	420	223	4.74e-34	121	42.6	79.4
tr|A0A7J6EDY8|A0A7J6EDY8_CANSA	Q8DMQ7	42.0	176	420	191	5.48e-34	120	41.9	90.1
tr|A0A7J6EDY8|A0A7J6EDY8_CANSA	Q92GC9	33.8	225	420	229	5.52e-34	121	53.6	93.0
tr|A0A7J6EDY8|A0A7J6EDY8_CANSA	Q2YD10	38.8	178	420	210	6.54e-34	120	42.4	82.9
tr|A0A7J6EDY8|A0A7J6EDY8_CANSA	Q3AQL3	40.9	171	420	190	7.42e-34	119	40.5	87.9
tr|A0A7J6EDY8|A0A7J6EDY8_CANSA	Q1WUB5	36.9	179	420	205	7.97e-34	120	42.6	85.9
tr|A0A7J6EDY8|A0A7J6EDY8_CANSA	Q4QJK3	41.1	180	420	208	8.63e-34	120	42.4	85.1
tr|A0A7J6EDY8|A0A7J6EDY8_CANSA	Q8EVJ9	37.2	188	420	196	8.72e-34	119	44.3	94.4
tr|A0A7J6EDY8|A0A7J6EDY8_CANSA	Q31UQ6	40.8	179	420	207	1.17e-33	119	42.4	85.0
tr|A0A7J6EDY8|A0A7J6EDY8_CANSA	Q1MRL0	38.3	196	420	212	1.33e-33	119	46.7	89.2
tr|A0A7J6EDY8|A0A7J6EDY8_CANSA	Q6AF82	40.0	180	420	254	1.41e-33	120	42.6	69.3
tr|A0A7J6EDY8|A0A7J6EDY8_CANSA	Q47UB3	38.5	182	420	218	1.55e-33	119	42.4	82.1
tr|A0A7J6EDY8|A0A7J6EDY8_CANSA	P60546	40.8	179	420	207	1.62e-33	119	42.4	85.0
tr|A0A7J6EDY8|A0A7J6EDY8_CANSA	P60547	40.8	179	420	207	1.62e-33	119	42.4	85.0
tr|A0A7J6EDY8|A0A7J6EDY8_CANSA	P60548	40.8	179	420	207	1.62e-33	119	42.4	85.0
tr|A0A7J6EDY8|A0A7J6EDY8_CANSA	Q0TBG1	40.8	179	420	207	1.62e-33	119	42.4	85.0
tr|A0A7J6EDY8|A0A7J6EDY8_CANSA	Q1R4U3	40.8	179	420	207	1.62e-33	119	42.4	85.0
tr|A0A7J6EDY8|A0A7J6EDY8_CANSA	Q3YW11	40.8	179	420	207	1.62e-33	119	42.4	85.0
tr|A0A7J6EDY8|A0A7J6EDY8_CANSA	Q2KA85	39.4	180	420	220	1.64e-33	119	42.6	80.0
tr|A0A7J6EDY8|A0A7J6EDY8_CANSA	P60550	39.2	181	420	191	2.05e-33	118	42.6	92.7
tr|A0A7J6EDY8|A0A7J6EDY8_CANSA	Q9PL09	39.4	180	420	205	2.14e-33	119	42.9	85.9
tr|A0A7J6EDY8|A0A7J6EDY8_CANSA	P56103	41.3	184	420	206	2.20e-33	119	43.8	85.9
tr|A0A7J6EDY8|A0A7J6EDY8_CANSA	Q12DV7	40.4	178	420	206	2.20e-33	119	42.4	84.5
tr|A0A7J6EDY8|A0A7J6EDY8_CANSA	Q1CUI1	41.3	184	420	206	2.20e-33	119	43.8	85.9
tr|A0A7J6EDY8|A0A7J6EDY8_CANSA	Q9ZMB7	41.3	184	420	206	2.20e-33	119	43.8	85.9
tr|A0A7J6EDY8|A0A7J6EDY8_CANSA	Q5PC40	40.8	179	420	207	2.26e-33	119	42.4	85.0
tr|A0A7J6EDY8|A0A7J6EDY8_CANSA	Q8Z2H9	40.8	179	420	207	2.26e-33	119	42.4	85.0
tr|A0A7J6EDY8|A0A7J6EDY8_CANSA	Q9X6M5	40.8	179	420	207	2.26e-33	119	42.4	85.0
tr|A0A7J6EDY8|A0A7J6EDY8_CANSA	Q5L5M1	37.9	190	420	204	2.90e-33	118	45.2	91.2
tr|A0A7J6EDY8|A0A7J6EDY8_CANSA	Q88C87	40.6	175	420	206	3.06e-33	118	41.7	83.0
tr|A0A7J6EDY8|A0A7J6EDY8_CANSA	Q2NQS9	40.8	179	420	207	3.14e-33	118	42.4	85.0
tr|A0A7J6EDY8|A0A7J6EDY8_CANSA	Q8UGD7	37.2	180	420	220	3.16e-33	119	42.6	80.0
tr|A0A7J6EDY8|A0A7J6EDY8_CANSA	Q31C67	37.9	182	420	184	3.28e-33	117	43.3	96.7
tr|A0A7J6EDY8|A0A7J6EDY8_CANSA	Q88BE2	39.7	184	420	214	3.76e-33	118	42.1	84.6
tr|A0A7J6EDY8|A0A7J6EDY8_CANSA	Q1GXB9	39.3	178	420	202	3.82e-33	118	42.4	86.1
tr|A0A7J6EDY8|A0A7J6EDY8_CANSA	Q38XU0	35.2	179	420	203	3.93e-33	118	42.6	86.7
tr|A0A7J6EDY8|A0A7J6EDY8_CANSA	Q4ZZY8	39.7	184	420	214	5.23e-33	118	42.1	84.6
tr|A0A7J6EDY8|A0A7J6EDY8_CANSA	O84033	40.0	180	420	205	5.75e-33	117	42.9	85.9
tr|A0A7J6EDY8|A0A7J6EDY8_CANSA	Q3KMZ2	40.0	180	420	205	5.75e-33	117	42.9	85.9
tr|A0A7J6EDY8|A0A7J6EDY8_CANSA	Q5YTM7	40.6	180	420	193	5.82e-33	117	42.4	91.2
tr|A0A7J6EDY8|A0A7J6EDY8_CANSA	Q1C258	40.8	179	420	207	6.06e-33	117	42.4	85.0
tr|A0A7J6EDY8|A0A7J6EDY8_CANSA	Q1CCZ3	40.8	179	420	207	6.06e-33	117	42.4	85.0
tr|A0A7J6EDY8|A0A7J6EDY8_CANSA	Q57I92	40.8	179	420	207	6.06e-33	117	42.4	85.0
tr|A0A7J6EDY8|A0A7J6EDY8_CANSA	Q66GE5	40.8	179	420	207	6.06e-33	117	42.4	85.0
tr|A0A7J6EDY8|A0A7J6EDY8_CANSA	Q8ZJQ2	40.8	179	420	207	6.06e-33	117	42.4	85.0
tr|A0A7J6EDY8|A0A7J6EDY8_CANSA	Q2IL45	40.6	180	420	226	7.08e-33	118	42.6	78.3
tr|A0A7J6EDY8|A0A7J6EDY8_CANSA	Q9Z961	36.7	188	420	205	7.99e-33	117	44.8	89.8
tr|A0A7J6EDY8|A0A7J6EDY8_CANSA	Q9ZCH7	34.4	186	420	197	8.99e-33	117	44.3	92.4
tr|A0A7J6EDY8|A0A7J6EDY8_CANSA	Q8GAU4	42.1	178	420	205	1.11e-32	117	42.4	84.9
tr|A0A7J6EDY8|A0A7J6EDY8_CANSA	Q7VKP3	38.5	179	420	206	1.14e-32	117	42.4	85.4
tr|A0A7J6EDY8|A0A7J6EDY8_CANSA	Q6LVP5	38.5	179	420	208	1.20e-32	117	42.4	84.6
tr|A0A7J6EDY8|A0A7J6EDY8_CANSA	Q8RHI9	38.2	178	420	185	1.26e-32	116	42.4	93.5
tr|A0A7J6EDY8|A0A7J6EDY8_CANSA	Q8DVK6	38.5	179	420	210	1.26e-32	117	42.6	83.8
tr|A0A7J6EDY8|A0A7J6EDY8_CANSA	Q3JBT3	39.3	178	420	203	1.46e-32	116	42.4	85.7
tr|A0A7J6EDY8|A0A7J6EDY8_CANSA	Q4K3R4	40.7	177	420	206	1.58e-32	116	42.1	84.0
tr|A0A7J6EDY8|A0A7J6EDY8_CANSA	Q92QZ2	38.9	180	420	219	1.59e-32	117	42.6	80.4
tr|A0A7J6EDY8|A0A7J6EDY8_CANSA	Q329K8	40.2	179	420	207	1.62e-32	116	42.4	85.0
tr|A0A7J6EDY8|A0A7J6EDY8_CANSA	Q8XD88	40.2	179	420	207	1.62e-32	116	42.4	85.0
tr|A0A7J6EDY8|A0A7J6EDY8_CANSA	Q6G439	36.5	178	420	222	1.71e-32	117	42.1	77.9
tr|A0A7J6EDY8|A0A7J6EDY8_CANSA	Q68VY3	34.6	188	420	197	1.74e-32	116	44.8	93.4
tr|A0A7J6EDY8|A0A7J6EDY8_CANSA	Q48Q15	39.1	184	420	214	1.94e-32	116	42.1	84.6
tr|A0A7J6EDY8|A0A7J6EDY8_CANSA	Q39T72	37.6	178	420	203	2.82e-32	115	42.4	85.7
tr|A0A7J6EDY8|A0A7J6EDY8_CANSA	Q1G9H8	38.0	179	420	204	2.90e-32	115	42.6	86.3
tr|A0A7J6EDY8|A0A7J6EDY8_CANSA	Q11HG8	40.2	184	420	218	2.99e-32	116	43.6	82.6
tr|A0A7J6EDY8|A0A7J6EDY8_CANSA	Q1MJ02	38.9	180	420	220	3.14e-32	116	42.6	80.0
tr|A0A7J6EDY8|A0A7J6EDY8_CANSA	Q2J840	38.2	178	420	184	3.29e-32	115	42.4	94.6
tr|A0A7J6EDY8|A0A7J6EDY8_CANSA	Q3K4L8	39.5	177	420	206	4.23e-32	115	42.1	84.0
tr|A0A7J6EDY8|A0A7J6EDY8_CANSA	Q8KFS5	41.4	169	420	195	4.41e-32	115	40.0	84.6
tr|A0A7J6EDY8|A0A7J6EDY8_CANSA	Q1Q973	40.1	182	420	208	4.46e-32	115	43.3	85.6
tr|A0A7J6EDY8|A0A7J6EDY8_CANSA	Q3B204	39.8	176	420	197	4.65e-32	115	41.7	87.3
tr|A0A7J6EDY8|A0A7J6EDY8_CANSA	Q47R17	40.4	178	420	196	8.73e-32	114	42.4	88.8
tr|A0A7J6EDY8|A0A7J6EDY8_CANSA	P60549	34.6	179	420	185	9.06e-32	114	42.6	94.6
tr|A0A7J6EDY8|A0A7J6EDY8_CANSA	Q3IJH8	38.2	178	420	206	1.13e-31	114	42.4	84.5
tr|A0A7J6EDY8|A0A7J6EDY8_CANSA	Q4FQY7	40.1	182	420	208	1.19e-31	114	43.3	85.6
tr|A0A7J6EDY8|A0A7J6EDY8_CANSA	Q8FT45	35.4	181	420	190	1.44e-31	113	42.6	93.2
tr|A0A7J6EDY8|A0A7J6EDY8_CANSA	P60551	37.1	178	420	203	1.45e-31	114	42.4	85.7
tr|A0A7J6EDY8|A0A7J6EDY8_CANSA	Q0I5L8	38.9	180	420	208	1.65e-31	114	42.4	85.1
tr|A0A7J6EDY8|A0A7J6EDY8_CANSA	Q65RR5	39.1	184	420	208	1.65e-31	114	43.3	87.0
tr|A0A7J6EDY8|A0A7J6EDY8_CANSA	Q8G813	42.7	185	420	196	1.68e-31	113	42.6	91.8
tr|A0A7J6EDY8|A0A7J6EDY8_CANSA	Q8NQ42	35.4	181	420	190	1.99e-31	113	42.6	93.2
tr|A0A7J6EDY8|A0A7J6EDY8_CANSA	Q1GH67	36.5	181	420	217	2.07e-31	114	42.6	81.6
tr|A0A7J6EDY8|A0A7J6EDY8_CANSA	Q6A8H6	39.8	181	420	199	2.52e-31	113	42.9	88.9
tr|A0A7J6EDY8|A0A7J6EDY8_CANSA	Q5FS85	39.4	180	420	208	3.18e-31	113	42.6	84.6
tr|A0A7J6EDY8|A0A7J6EDY8_CANSA	Q4AAI1	34.2	193	420	197	3.32e-31	112	44.5	96.4
tr|A0A7J6EDY8|A0A7J6EDY8_CANSA	Q601H3	34.2	193	420	197	3.32e-31	112	44.5	96.4
tr|A0A7J6EDY8|A0A7J6EDY8_CANSA	Q1IW06	37.8	196	420	242	3.80e-31	114	46.4	77.7
tr|A0A7J6EDY8|A0A7J6EDY8_CANSA	Q31DP7	38.4	177	420	205	4.09e-31	112	42.1	84.4
tr|A0A7J6EDY8|A0A7J6EDY8_CANSA	Q0AQC4	38.9	180	420	218	4.09e-31	113	42.6	80.7
tr|A0A7J6EDY8|A0A7J6EDY8_CANSA	Q984S9	37.8	180	420	218	4.09e-31	113	42.6	80.7
tr|A0A7J6EDY8|A0A7J6EDY8_CANSA	P47353	37.4	179	420	240	5.02e-31	113	42.4	73.3
tr|A0A7J6EDY8|A0A7J6EDY8_CANSA	Q28PK5	35.9	181	420	218	7.85e-31	112	42.6	81.2
tr|A0A7J6EDY8|A0A7J6EDY8_CANSA	Q2LQ62	36.4	184	420	207	8.27e-31	112	43.8	86.5
tr|A0A7J6EDY8|A0A7J6EDY8_CANSA	Q6F7H0	37.6	178	420	207	8.27e-31	112	42.4	84.1
tr|A0A7J6EDY8|A0A7J6EDY8_CANSA	P60552	34.1	179	420	204	1.06e-30	111	42.6	86.3
tr|A0A7J6EDY8|A0A7J6EDY8_CANSA	Q4A8L2	33.7	193	420	197	1.23e-30	111	44.5	96.4
tr|A0A7J6EDY8|A0A7J6EDY8_CANSA	Q3J2A5	37.8	185	420	211	1.27e-30	111	43.6	85.8
tr|A0A7J6EDY8|A0A7J6EDY8_CANSA	Q7N9P2	38.5	179	420	207	1.59e-30	111	42.4	85.0
tr|A0A7J6EDY8|A0A7J6EDY8_CANSA	Q602T6	38.8	178	420	204	2.83e-30	110	42.4	85.3
tr|A0A7J6EDY8|A0A7J6EDY8_CANSA	Q21TP7	37.6	178	420	206	2.97e-30	110	42.4	84.5
tr|A0A7J6EDY8|A0A7J6EDY8_CANSA	Q2L090	41.6	149	420	210	4.55e-30	110	35.5	70.5
tr|A0A7J6EDY8|A0A7J6EDY8_CANSA	Q5FJH2	34.6	179	420	204	5.43e-30	109	42.6	86.3
tr|A0A7J6EDY8|A0A7J6EDY8_CANSA	Q2IX83	37.4	179	420	220	5.82e-30	110	42.4	79.5
tr|A0A7J6EDY8|A0A7J6EDY8_CANSA	Q6F1S1	34.4	192	420	297	6.26e-30	112	45.7	63.6
tr|A0A7J6EDY8|A0A7J6EDY8_CANSA	Q83GE3	39.1	169	420	193	7.87e-30	108	40.0	85.5
tr|A0A7J6EDY8|A0A7J6EDY8_CANSA	Q83HT8	39.1	169	420	193	7.87e-30	108	40.0	85.5
tr|A0A7J6EDY8|A0A7J6EDY8_CANSA	Q0AXK8	36.0	178	420	195	8.28e-30	108	42.4	89.2
tr|A0A7J6EDY8|A0A7J6EDY8_CANSA	Q8K9C7	36.3	179	420	207	1.12e-29	108	42.4	85.0
tr|A0A7J6EDY8|A0A7J6EDY8_CANSA	P75526	36.9	179	420	239	1.26e-29	109	42.4	73.6
tr|A0A7J6EDY8|A0A7J6EDY8_CANSA	Q7MWS7	36.1	183	420	188	1.84e-29	107	43.1	95.7
tr|A0A7J6EDY8|A0A7J6EDY8_CANSA	Q9PQS9	41.4	157	420	191	1.99e-29	107	36.9	82.2
tr|A0A7J6EDY8|A0A7J6EDY8_CANSA	Q6G053	36.0	178	420	221	2.19e-29	108	42.1	78.3
tr|A0A7J6EDY8|A0A7J6EDY8_CANSA	Q166A7	35.9	181	420	211	2.37e-29	108	42.6	83.9
tr|A0A7J6EDY8|A0A7J6EDY8_CANSA	Q7NK59	39.7	179	420	205	2.83e-29	107	42.6	85.4
tr|A0A7J6EDY8|A0A7J6EDY8_CANSA	P57888	37.8	180	420	208	3.05e-29	107	42.4	85.1
tr|A0A7J6EDY8|A0A7J6EDY8_CANSA	Q7VXZ3	42.3	149	420	215	3.62e-29	107	35.5	68.8
tr|A0A7J6EDY8|A0A7J6EDY8_CANSA	Q7W6B2	42.3	149	420	215	3.62e-29	107	35.5	68.8
tr|A0A7J6EDY8|A0A7J6EDY8_CANSA	Q7WI80	42.3	149	420	215	3.62e-29	107	35.5	68.8
tr|A0A7J6EDY8|A0A7J6EDY8_CANSA	Q1IK22	36.3	193	420	233	4.01e-29	108	45.2	81.1
tr|A0A7J6EDY8|A0A7J6EDY8_CANSA	Q13V49	36.1	183	420	225	4.60e-29	107	43.6	79.6
tr|A0A7J6EDY8|A0A7J6EDY8_CANSA	Q5LS25	34.6	185	420	213	4.77e-29	107	43.6	85.0
tr|A0A7J6EDY8|A0A7J6EDY8_CANSA	Q2S6J5	41.5	171	420	188	4.88e-29	106	40.2	88.3
tr|A0A7J6EDY8|A0A7J6EDY8_CANSA	Q3ZWD8	38.4	172	420	206	5.56e-29	107	40.5	81.6
tr|A0A7J6EDY8|A0A7J6EDY8_CANSA	Q7VIA1	38.5	169	420	200	9.17e-29	106	40.0	82.5
tr|A0A7J6EDY8|A0A7J6EDY8_CANSA	Q82SQ3	36.5	178	420	201	9.40e-29	106	42.4	86.6
tr|A0A7J6EDY8|A0A7J6EDY8_CANSA	Q7VRJ7	36.5	167	420	210	1.17e-28	106	39.5	78.1
tr|A0A7J6EDY8|A0A7J6EDY8_CANSA	Q2SY72	36.6	175	420	227	1.27e-28	106	41.7	75.3
tr|A0A7J6EDY8|A0A7J6EDY8_CANSA	Q135N9	36.9	179	420	219	1.46e-28	106	42.4	79.9
tr|A0A7J6EDY8|A0A7J6EDY8_CANSA	Q3ZAF9	39.0	172	420	206	1.47e-28	105	40.5	81.6
tr|A0A7J6EDY8|A0A7J6EDY8_CANSA	Q88WL7	34.6	179	420	206	1.47e-28	105	42.6	85.4
tr|A0A7J6EDY8|A0A7J6EDY8_CANSA	Q2G9M5	33.9	183	420	221	1.53e-28	106	43.3	81.0
tr|A0A7J6EDY8|A0A7J6EDY8_CANSA	Q9RS38	37.2	196	420	239	2.31e-28	106	46.4	78.7
tr|A0A7J6EDY8|A0A7J6EDY8_CANSA	Q2W9C3	36.4	184	420	214	2.47e-28	105	43.6	84.1
tr|A0A7J6EDY8|A0A7J6EDY8_CANSA	P60554	37.3	169	420	212	3.25e-28	105	40.0	78.3
tr|A0A7J6EDY8|A0A7J6EDY8_CANSA	P57509	36.4	176	420	207	3.98e-28	104	41.4	83.1
tr|A0A7J6EDY8|A0A7J6EDY8_CANSA	Q9A7N9	34.7	176	420	213	4.60e-28	104	41.7	80.8
tr|A0A7J6EDY8|A0A7J6EDY8_CANSA	P60556	35.8	179	420	220	5.44e-28	104	42.4	79.5
tr|A0A7J6EDY8|A0A7J6EDY8_CANSA	Q89MV4	35.8	179	420	219	1.01e-27	103	42.4	79.9
tr|A0A7J6EDY8|A0A7J6EDY8_CANSA	Q39IL2	36.6	175	420	227	1.22e-27	103	41.7	75.3
tr|A0A7J6EDY8|A0A7J6EDY8_CANSA	Q3JPS9	40.9	149	420	227	1.22e-27	103	35.5	65.2
tr|A0A7J6EDY8|A0A7J6EDY8_CANSA	Q62I00	40.9	149	420	227	1.22e-27	103	35.5	65.2
tr|A0A7J6EDY8|A0A7J6EDY8_CANSA	Q63RV7	40.9	149	420	227	1.22e-27	103	35.5	65.2
tr|A0A7J6EDY8|A0A7J6EDY8_CANSA	Q46YE8	34.8	178	420	216	1.30e-27	103	42.4	80.6
tr|A0A7J6EDY8|A0A7J6EDY8_CANSA	Q2NIH1	35.5	169	420	211	1.60e-27	103	40.0	78.7
tr|A0A7J6EDY8|A0A7J6EDY8_CANSA	Q1BY73	36.6	175	420	227	1.68e-27	103	41.7	75.3
tr|A0A7J6EDY8|A0A7J6EDY8_CANSA	Q1LQ34	34.3	178	420	216	2.48e-27	102	42.4	80.6
tr|A0A7J6EDY8|A0A7J6EDY8_CANSA	Q3BPS0	34.5	165	420	203	2.51e-27	102	39.3	79.3
tr|A0A7J6EDY8|A0A7J6EDY8_CANSA	Q4UY41	34.5	165	420	203	2.51e-27	102	39.3	79.3
tr|A0A7J6EDY8|A0A7J6EDY8_CANSA	Q8P5T7	34.5	165	420	203	2.51e-27	102	39.3	79.3
tr|A0A7J6EDY8|A0A7J6EDY8_CANSA	Q21EC9	37.9	177	420	205	2.64e-27	102	42.1	84.4
tr|A0A7J6EDY8|A0A7J6EDY8_CANSA	Q89AC8	35.8	179	420	207	2.77e-27	102	42.4	85.0
tr|A0A7J6EDY8|A0A7J6EDY8_CANSA	Q4FMR1	34.8	198	420	210	2.97e-27	102	46.7	91.4
tr|A0A7J6EDY8|A0A7J6EDY8_CANSA	Q1LTY3	35.9	181	420	204	3.55e-27	102	42.4	87.3
tr|A0A7J6EDY8|A0A7J6EDY8_CANSA	Q2SSR8	35.3	187	420	297	3.71e-27	104	44.5	62.0
tr|A0A7J6EDY8|A0A7J6EDY8_CANSA	Q2GLF7	36.1	180	420	210	4.10e-27	102	42.6	84.3
tr|A0A7J6EDY8|A0A7J6EDY8_CANSA	Q6MU25	35.8	187	420	297	5.10e-27	103	44.5	62.0
tr|A0A7J6EDY8|A0A7J6EDY8_CANSA	Q5X3P2	34.8	178	420	209	5.53e-27	101	42.4	83.3
tr|A0A7J6EDY8|A0A7J6EDY8_CANSA	Q2P6N0	34.5	165	420	203	6.61e-27	101	39.3	79.3
tr|A0A7J6EDY8|A0A7J6EDY8_CANSA	Q5H3S2	34.5	165	420	203	6.61e-27	101	39.3	79.3
tr|A0A7J6EDY8|A0A7J6EDY8_CANSA	Q8PH65	34.5	165	420	203	9.12e-27	100	39.3	79.3
tr|A0A7J6EDY8|A0A7J6EDY8_CANSA	Q5WV30	34.3	178	420	209	1.45e-26	100	42.4	83.3
tr|A0A7J6EDY8|A0A7J6EDY8_CANSA	Q5ZTZ8	34.3	178	420	209	1.45e-26	100	42.4	83.3
tr|A0A7J6EDY8|A0A7J6EDY8_CANSA	Q98PN5	31.5	184	420	196	2.79e-26	99.4	42.6	92.3
tr|A0A7J6EDY8|A0A7J6EDY8_CANSA	Q11XI0	39.1	184	420	192	3.49e-26	99.0	43.1	93.8
tr|A0A7J6EDY8|A0A7J6EDY8_CANSA	Q2GD44	36.5	178	420	206	4.89e-26	99.0	42.4	84.0
tr|A0A7J6EDY8|A0A7J6EDY8_CANSA	Q5L9N9	36.8	190	420	204	6.43e-26	98.6	43.8	91.2
tr|A0A7J6EDY8|A0A7J6EDY8_CANSA	Q64PY1	36.8	190	420	204	6.43e-26	98.6	43.8	91.2
tr|A0A7J6EDY8|A0A7J6EDY8_CANSA	Q4A6S7	30.9	191	420	198	2.01e-25	97.1	43.8	94.9
tr|A0A7J6EDY8|A0A7J6EDY8_CANSA	Q87DG5	33.3	177	420	204	2.32e-25	97.1	42.1	84.8
tr|A0A7J6EDY8|A0A7J6EDY8_CANSA	Q8A677	38.5	179	420	204	2.32e-25	97.1	42.1	85.8
tr|A0A7J6EDY8|A0A7J6EDY8_CANSA	Q6KH87	32.6	187	420	201	5.64e-25	95.9	43.1	91.5
tr|A0A7J6EDY8|A0A7J6EDY8_CANSA	Q2RXB1	36.7	180	420	218	6.04e-25	96.3	42.6	80.7
tr|A0A7J6EDY8|A0A7J6EDY8_CANSA	Q7UP92	42.9	154	420	209	6.78e-25	95.9	36.0	73.7
tr|A0A7J6EDY8|A0A7J6EDY8_CANSA	Q0C093	36.1	180	420	217	8.12e-25	95.9	42.6	81.1
tr|A0A7J6EDY8|A0A7J6EDY8_CANSA	Q1QKV7	33.0	179	420	219	8.49e-25	95.9	42.4	79.9
tr|A0A7J6EDY8|A0A7J6EDY8_CANSA	Q215S7	33.5	179	420	219	8.49e-25	95.9	42.4	79.9
tr|A0A7J6EDY8|A0A7J6EDY8_CANSA	Q83EL7	31.9	182	420	206	8.71e-25	95.5	43.3	86.4
tr|A0A7J6EDY8|A0A7J6EDY8_CANSA	Q2A2K6	33.5	179	420	190	4.07e-24	93.2	41.9	92.6
tr|A0A7J6EDY8|A0A7J6EDY8_CANSA	Q14GD9	33.0	179	420	190	5.60e-24	92.8	41.9	92.6
tr|A0A7J6EDY8|A0A7J6EDY8_CANSA	Q5NEY6	33.0	179	420	190	5.60e-24	92.8	41.9	92.6
tr|A0A7J6EDY8|A0A7J6EDY8_CANSA	Q9PD76	32.2	177	420	204	5.63e-24	93.2	42.1	84.8
tr|A0A7J6EDY8|A0A7J6EDY8_CANSA	Q8XXF9	34.3	178	420	221	1.13e-23	92.8	42.4	78.7
tr|A0A7J6EDY8|A0A7J6EDY8_CANSA	Q0BL54	33.0	179	420	190	2.00e-23	91.3	41.9	92.6
tr|A0A7J6EDY8|A0A7J6EDY8_CANSA	Q3SRZ7	31.8	179	420	219	2.79e-23	91.7	42.4	79.9
tr|A0A7J6EDY8|A0A7J6EDY8_CANSA	Q0BPZ9	31.7	186	420	213	3.36e-23	91.3	44.0	85.0
tr|A0A7J6EDY8|A0A7J6EDY8_CANSA	Q491W5	31.5	181	420	212	8.50e-23	90.1	42.4	84.0
tr|A0A7J6EDY8|A0A7J6EDY8_CANSA	Q73HV1	32.1	184	420	201	9.16e-23	89.7	43.6	89.6
tr|A0A7J6EDY8|A0A7J6EDY8_CANSA	Q5GS56	32.2	180	420	195	7.32e-22	87.0	42.6	90.3
tr|A0A7J6EDY8|A0A7J6EDY8_CANSA	Q10M74	34.2	187	420	285	2.90e-21	87.4	43.8	64.2
tr|A0A7J6EDY8|A0A7J6EDY8_CANSA	Q5FFZ9	33.7	184	420	209	8.93e-21	84.3	43.6	86.1
tr|A0A7J6EDY8|A0A7J6EDY8_CANSA	Q5HAK7	33.7	184	420	209	8.93e-21	84.3	43.6	86.1
tr|A0A7J6EDY8|A0A7J6EDY8_CANSA	Q8D2E8	31.1	193	420	207	7.63e-20	81.6	45.7	91.3
tr|A0A7J6EDY8|A0A7J6EDY8_CANSA	Q2GHE0	32.6	184	420	209	9.55e-19	78.6	43.6	86.1
tr|A0A7J6EDY8|A0A7J6EDY8_CANSA	Q3YRE2	35.0	177	420	209	1.77e-18	77.8	41.9	82.8
tr|A0A7J6EDY8|A0A7J6EDY8_CANSA	Q94JM2	29.9	187	420	282	2.32e-18	79.0	43.8	64.9
tr|A0A7J6ER78|A0A7J6ER78_CANSA	P49298	87.9	471	579	471	3.64e-314	851	81.3	100
tr|A0A7J6ER78|A0A7J6ER78_CANSA	O80433	83.9	472	579	472	7.31e-305	828	81.3	100
tr|A0A7J6ER78|A0A7J6ER78_CANSA	P20115	85.4	473	579	474	7.88e-305	828	81.5	99.8
tr|A0A7J6ER78|A0A7J6ER78_CANSA	Q9M1D3	82.6	466	579	464	1.15e-285	779	80.3	98.7
tr|A0A7J6ER78|A0A7J6ER78_CANSA	P83372	81.6	478	579	469	8.37e-280	764	81.5	100
tr|A0A7J6ER78|A0A7J6ER78_CANSA	Q43175	79.7	473	579	471	3.30e-275	753	81.2	100
tr|A0A7J6ER78|A0A7J6ER78_CANSA	Q16P20	64.7	434	579	467	1.29e-211	591	74.6	92.9
tr|A0A7J6ER78|A0A7J6ER78_CANSA	Q17GM7	64.7	434	579	467	1.29e-211	591	74.6	92.9
tr|A0A7J6ER78|A0A7J6ER78_CANSA	Q0QHL3	63.8	436	579	465	1.05e-207	581	75.1	93.8
tr|A0A7J6ER78|A0A7J6ER78_CANSA	Q7ZWZ5	63.2	432	579	468	1.17e-207	581	74.4	92.3
tr|A0A7J6ER78|A0A7J6ER78_CANSA	P00889	62.9	431	579	464	1.17e-206	578	74.3	92.9
tr|A0A7J6ER78|A0A7J6ER78_CANSA	Q9W401	61.3	460	579	464	1.66e-206	578	79.3	98.5
tr|A0A7J6ER78|A0A7J6ER78_CANSA	Q4S5X1	59.6	458	579	469	2.81e-206	578	78.9	97.7
tr|A0A7J6ER78|A0A7J6ER78_CANSA	Q6S9V5	59.4	456	579	469	8.01e-206	577	78.6	97.2
tr|A0A7J6ER78|A0A7J6ER78_CANSA	Q6S9V6	59.2	456	579	469	3.24e-205	575	78.6	97.2
tr|A0A7J6ER78|A0A7J6ER78_CANSA	P0C1Z2	62.6	431	579	466	4.13e-205	575	74.3	92.5
tr|A0A7J6ER78|A0A7J6ER78_CANSA	Q29RK1	62.6	431	579	466	5.85e-205	574	74.3	92.5
tr|A0A7J6ER78|A0A7J6ER78_CANSA	Q6S9V7	59.4	456	579	469	6.51e-205	574	78.6	97.2
tr|A0A7J6ER78|A0A7J6ER78_CANSA	Q7ZVY5	60.0	457	579	468	1.26e-204	573	78.6	97.2
tr|A0A7J6ER78|A0A7J6ER78_CANSA	Q6S9V8	59.2	456	579	469	1.31e-204	573	78.6	97.2
tr|A0A7J6ER78|A0A7J6ER78_CANSA	Q6S9V9	59.2	456	579	469	1.31e-204	573	78.6	97.2
tr|A0A7J6ER78|A0A7J6ER78_CANSA	Q9CZU6	62.2	431	579	464	2.20e-204	573	74.3	92.9
tr|A0A7J6ER78|A0A7J6ER78_CANSA	Q28DK1	62.3	432	579	468	5.10e-204	572	74.4	92.3
tr|A0A7J6ER78|A0A7J6ER78_CANSA	O75390	62.6	431	579	466	6.74e-204	572	74.3	92.5
tr|A0A7J6ER78|A0A7J6ER78_CANSA	Q0GNE0	61.6	430	579	469	6.09e-203	569	74.1	91.7
tr|A0A7J6ER78|A0A7J6ER78_CANSA	Q0GNE1	61.4	430	579	469	9.94e-202	566	74.1	91.7
tr|A0A7J6ER78|A0A7J6ER78_CANSA	Q8VHF5	61.3	431	579	466	2.07e-200	563	74.3	92.5
tr|A0A7J6ER78|A0A7J6ER78_CANSA	P23007	60.9	430	579	433	2.43e-193	543	74.1	99.3
tr|A0A7J6ER78|A0A7J6ER78_CANSA	P34575	60.9	417	579	468	1.46e-188	533	71.8	89.1
tr|A0A7J6ER78|A0A7J6ER78_CANSA	Q6C793	57.8	450	579	465	8.62e-187	528	76.3	96.8
tr|A0A7J6ER78|A0A7J6ER78_CANSA	Q61JF9	60.2	417	579	468	9.58e-187	528	71.8	89.1
tr|A0A7J6ER78|A0A7J6ER78_CANSA	Q10306	55.0	462	579	483	9.23e-186	526	79.1	95.7
tr|A0A7J6ER78|A0A7J6ER78_CANSA	Q553V1	57.9	454	579	460	1.18e-185	525	78.1	97.8
tr|A0A7J6ER78|A0A7J6ER78_CANSA	P00890	56.3	439	579	479	5.26e-184	521	75.8	91.6
tr|A0A7J6ER78|A0A7J6ER78_CANSA	O00098	59.5	415	579	474	4.11e-182	516	71.5	87.6
tr|A0A7J6ER78|A0A7J6ER78_CANSA	P51044	58.5	417	579	475	2.25e-179	509	71.8	87.8
tr|A0A7J6ER78|A0A7J6ER78_CANSA	P34085	56.6	438	579	469	1.48e-178	507	75.3	93.2
tr|A0A7J6ER78|A0A7J6ER78_CANSA	P79024	55.6	450	579	467	5.56e-178	506	77.4	95.7
tr|A0A7J6ER78|A0A7J6ER78_CANSA	P08679	53.0	438	579	460	1.72e-172	491	75.6	95.2
tr|A0A7J6ER78|A0A7J6ER78_CANSA	A0A0S3QTD0	53.4	431	579	442	2.30e-160	460	73.7	97.5
tr|A0A7J6ER78|A0A7J6ER78_CANSA	Q4QDX3	52.5	457	579	470	3.11e-157	453	76.3	96.8
tr|A0A7J6ER78|A0A7J6ER78_CANSA	A4H9H8	54.5	426	579	470	5.02e-156	450	71.3	90.6
tr|A0A7J6ER78|A0A7J6ER78_CANSA	A4HXU4	55.3	425	579	470	4.03e-155	447	70.8	90.0
tr|A0A7J6ER78|A0A7J6ER78_CANSA	C7C436	50.2	434	579	472	2.79e-153	443	73.7	91.7
tr|A0A7J6ER78|A0A7J6ER78_CANSA	C7C435	49.3	434	579	472	8.98e-152	439	73.7	91.7
tr|A0A7J6ER78|A0A7J6ER78_CANSA	B0YD89	51.1	444	579	465	3.68e-149	432	75.6	94.4
tr|A0A7J6ER78|A0A7J6ER78_CANSA	Q50I20	51.1	444	579	465	3.68e-149	432	75.6	94.4
tr|A0A7J6ER78|A0A7J6ER78_CANSA	P24118	48.1	455	579	462	6.67e-149	431	77.4	97.6
tr|A0A7J6ER78|A0A7J6ER78_CANSA	Q9TEM3	51.5	433	579	460	1.14e-146	426	73.6	93.7
tr|A0A7J6ER78|A0A7J6ER78_CANSA	P43635	45.4	456	579	486	1.18e-130	385	75.0	93.8
tr|A0A7J6ER78|A0A7J6ER78_CANSA	Q59977	28.4	366	579	397	1.08e-34	129	62.2	84.4
tr|A0A7J6ER78|A0A7J6ER78_CANSA	P42457	27.7	412	579	437	1.26e-33	127	66.5	88.3
tr|A0A7J6ER78|A0A7J6ER78_CANSA	P20901	28.2	412	579	436	1.06e-32	124	67.9	86.7
tr|A0A7J6ER78|A0A7J6ER78_CANSA	Q9SJH7	28.5	400	579	509	1.49e-31	122	65.1	72.5
tr|A0A7J6ER78|A0A7J6ER78_CANSA	Q9RWB2	28.1	331	579	377	5.90e-31	118	55.3	80.4
tr|A0A7J6ER78|A0A7J6ER78_CANSA	P20902	29.5	346	579	424	1.17e-30	118	57.2	76.4
tr|A0A7J6ER78|A0A7J6ER78_CANSA	P49299	27.2	394	579	516	1.27e-30	119	65.1	71.5
tr|A0A7J6ER78|A0A7J6ER78_CANSA	Q9LXS6	27.9	373	579	514	5.50e-30	117	62.2	67.7
tr|A0A7J6ER78|A0A7J6ER78_CANSA	Q9ZN37	30.9	337	579	426	1.34e-29	115	54.4	74.9
tr|A0A7J6ER78|A0A7J6ER78_CANSA	P9WPD4	28.8	361	579	431	1.43e-29	115	59.8	77.3
tr|A0A7J6ER78|A0A7J6ER78_CANSA	P9WPD5	28.8	361	579	431	1.43e-29	115	59.8	77.3
tr|A0A7J6ER78|A0A7J6ER78_CANSA	P27660	28.7	321	579	373	1.59e-29	114	54.9	80.2
tr|A0A7J6ER78|A0A7J6ER78_CANSA	P18789	28.9	349	579	430	4.68e-29	114	57.2	76.0
tr|A0A7J6ER78|A0A7J6ER78_CANSA	P56062	30.6	337	579	426	8.14e-29	113	54.4	74.9
tr|A0A7J6ER78|A0A7J6ER78_CANSA	Q59939	30.6	340	579	372	1.32e-28	111	57.7	84.4
tr|A0A7J6ER78|A0A7J6ER78_CANSA	P51040	27.9	365	579	435	2.99e-28	111	60.4	77.5
tr|A0A7J6ER78|A0A7J6ER78_CANSA	Q1RGV8	28.5	365	579	435	2.99e-28	111	60.4	77.7
tr|A0A7J6ER78|A0A7J6ER78_CANSA	Q56063	28.9	325	579	389	3.07e-28	110	55.8	78.1
tr|A0A7J6ER78|A0A7J6ER78_CANSA	Q59776	26.7	367	579	435	9.85e-28	110	60.4	77.5
tr|A0A7J6ER78|A0A7J6ER78_CANSA	Q59778	26.7	367	579	435	9.85e-28	110	60.4	77.5
tr|A0A7J6ER78|A0A7J6ER78_CANSA	P31660	28.9	325	579	389	1.39e-27	108	55.8	78.1
tr|A0A7J6ER78|A0A7J6ER78_CANSA	P51042	26.7	367	579	435	1.79e-27	109	60.4	77.5
tr|A0A7J6ER78|A0A7J6ER78_CANSA	Q59732	26.7	367	579	435	2.40e-27	108	60.4	77.5
tr|A0A7J6ER78|A0A7J6ER78_CANSA	Q937N9	29.1	326	579	385	3.24e-27	107	55.8	79.0
tr|A0A7J6ER78|A0A7J6ER78_CANSA	P51043	27.1	328	579	436	7.96e-27	107	54.2	70.9
tr|A0A7J6ER78|A0A7J6ER78_CANSA	D4GS06	29.3	324	579	379	1.34e-26	105	54.2	78.9
tr|A0A7J6ER78|A0A7J6ER78_CANSA	P09948	26.8	365	579	436	1.44e-26	106	60.4	77.3
tr|A0A7J6ER78|A0A7J6ER78_CANSA	P39120	29.5	329	579	372	9.95e-26	103	55.3	80.9
tr|A0A7J6ER78|A0A7J6ER78_CANSA	P51045	28.4	324	579	386	1.19e-25	103	54.2	78.8
tr|A0A7J6ER78|A0A7J6ER78_CANSA	O34002	26.4	383	579	379	6.53e-25	100	64.8	94.7
tr|A0A7J6ER78|A0A7J6ER78_CANSA	P0ABH7	25.3	387	579	427	1.48e-24	100	63.7	83.1
tr|A0A7J6ER78|A0A7J6ER78_CANSA	P0ABH8	25.3	387	579	427	1.48e-24	100	63.7	83.1
tr|A0A7J6ER78|A0A7J6ER78_CANSA	Q53554	27.8	356	579	377	2.09e-24	99.4	60.6	85.7
tr|A0A7J6ER78|A0A7J6ER78_CANSA	O68883	25.1	387	579	427	1.15e-23	97.8	63.7	83.1
tr|A0A7J6ER78|A0A7J6ER78_CANSA	P80148	26.8	380	579	377	1.24e-23	97.1	64.2	92.0
tr|A0A7J6ER78|A0A7J6ER78_CANSA	Q8EJW2	25.7	327	579	375	2.96e-23	95.9	56.0	80.5
tr|A0A7J6ER78|A0A7J6ER78_CANSA	P39119	25.9	324	579	366	3.82e-22	92.4	55.3	81.7
tr|A0A7J6ER78|A0A7J6ER78_CANSA	P21553	25.4	355	579	385	1.27e-17	79.0	59.8	84.4
tr|A0A7J6ER78|A0A7J6ER78_CANSA	Q8NSL1	24.3	329	579	383	5.36e-16	73.9	55.3	79.6
tr|A0A7J6ER78|A0A7J6ER78_CANSA	Q8NSH7	24.5	327	579	381	2.23e-15	72.0	55.3	80.1
tr|A0A7J6ER78|A0A7J6ER78_CANSA	P63778	27.4	208	579	373	3.71e-13	65.1	35.9	52.5
tr|A0A7J6ER78|A0A7J6ER78_CANSA	P9WPD2	27.4	208	579	373	3.71e-13	65.1	35.9	52.5
tr|A0A7J6ER78|A0A7J6ER78_CANSA	P9WPD3	27.4	208	579	373	3.71e-13	65.1	35.9	52.5
tr|A0A7J6ETR9|A0A7J6ETR9_CANSA	P49298	88.2	473	584	471	1.47e-312	847	81.0	100
tr|A0A7J6ETR9|A0A7J6ETR9_CANSA	P20115	85.5	475	584	474	6.41e-303	823	81.2	99.8
tr|A0A7J6ETR9|A0A7J6ETR9_CANSA	O80433	83.8	474	584	472	1.70e-302	822	81.0	100
tr|A0A7J6ETR9|A0A7J6ETR9_CANSA	Q9M1D3	82.5	468	584	464	8.02e-285	777	80.0	98.7
tr|A0A7J6ETR9|A0A7J6ETR9_CANSA	P83372	81.6	478	584	469	7.13e-280	764	81.2	100
tr|A0A7J6ETR9|A0A7J6ETR9_CANSA	Q43175	79.7	474	584	471	2.81e-275	753	80.8	100
tr|A0A7J6ETR9|A0A7J6ETR9_CANSA	Q16P20	64.4	433	584	467	8.28e-209	584	74.0	92.3
tr|A0A7J6ETR9|A0A7J6ETR9_CANSA	Q17GM7	64.4	433	584	467	8.28e-209	584	74.0	92.3
tr|A0A7J6ETR9|A0A7J6ETR9_CANSA	Q7ZWZ5	62.9	434	584	468	9.25e-206	577	74.1	92.3
tr|A0A7J6ETR9|A0A7J6ETR9_CANSA	Q0QHL3	63.7	438	584	465	1.67e-205	576	74.8	93.8
tr|A0A7J6ETR9|A0A7J6ETR9_CANSA	P00889	62.8	433	584	464	9.24e-205	574	74.0	92.9
tr|A0A7J6ETR9|A0A7J6ETR9_CANSA	Q9W401	61.1	465	584	464	1.86e-204	573	79.3	99.8
tr|A0A7J6ETR9|A0A7J6ETR9_CANSA	Q4S5X1	59.6	460	584	469	4.46e-204	572	78.6	97.7
tr|A0A7J6ETR9|A0A7J6ETR9_CANSA	Q6S9V5	59.4	458	584	469	1.27e-203	571	78.3	97.2
tr|A0A7J6ETR9|A0A7J6ETR9_CANSA	P0C1Z2	62.6	433	584	466	3.26e-203	570	74.0	92.5
tr|A0A7J6ETR9|A0A7J6ETR9_CANSA	Q29RK1	62.6	433	584	466	4.62e-203	570	74.0	92.5
tr|A0A7J6ETR9|A0A7J6ETR9_CANSA	Q6S9V6	59.2	458	584	469	5.14e-203	570	78.3	97.2
tr|A0A7J6ETR9|A0A7J6ETR9_CANSA	Q6S9V7	59.4	458	584	469	1.03e-202	569	78.3	97.2
tr|A0A7J6ETR9|A0A7J6ETR9_CANSA	Q9CZU6	62.1	433	584	464	1.74e-202	568	74.0	92.9
tr|A0A7J6ETR9|A0A7J6ETR9_CANSA	Q6S9V8	59.2	458	584	469	2.07e-202	568	78.3	97.2
tr|A0A7J6ETR9|A0A7J6ETR9_CANSA	Q6S9V9	59.2	458	584	469	2.07e-202	568	78.3	97.2
tr|A0A7J6ETR9|A0A7J6ETR9_CANSA	Q28DK1	62.0	434	584	468	4.02e-202	567	74.1	92.3
tr|A0A7J6ETR9|A0A7J6ETR9_CANSA	Q7ZVY5	59.6	458	584	468	4.02e-202	567	78.3	97.2
tr|A0A7J6ETR9|A0A7J6ETR9_CANSA	O75390	62.6	433	584	466	5.31e-202	567	74.0	92.5
tr|A0A7J6ETR9|A0A7J6ETR9_CANSA	Q0GNE0	61.2	433	584	469	9.65e-201	564	74.0	91.9
tr|A0A7J6ETR9|A0A7J6ETR9_CANSA	Q0GNE1	61.0	433	584	469	1.57e-199	561	74.0	91.9
tr|A0A7J6ETR9|A0A7J6ETR9_CANSA	Q8VHF5	61.2	433	584	466	1.63e-198	558	74.0	92.5
tr|A0A7J6ETR9|A0A7J6ETR9_CANSA	P23007	60.6	432	584	433	5.43e-191	538	73.8	99.3
tr|A0A7J6ETR9|A0A7J6ETR9_CANSA	P34575	58.8	437	584	468	1.14e-186	528	74.7	92.9
tr|A0A7J6ETR9|A0A7J6ETR9_CANSA	Q61JF9	58.1	437	584	468	7.48e-185	523	74.7	92.9
tr|A0A7J6ETR9|A0A7J6ETR9_CANSA	Q6C793	60.5	420	584	465	1.10e-183	520	71.6	89.9
tr|A0A7J6ETR9|A0A7J6ETR9_CANSA	Q10306	55.0	464	584	483	2.05e-183	520	78.8	95.7
tr|A0A7J6ETR9|A0A7J6ETR9_CANSA	Q553V1	57.9	456	584	460	2.62e-183	519	77.7	97.8
tr|A0A7J6ETR9|A0A7J6ETR9_CANSA	P00890	56.5	441	584	479	2.90e-182	517	75.5	91.6
tr|A0A7J6ETR9|A0A7J6ETR9_CANSA	O00098	59.5	417	584	474	6.42e-180	511	71.2	87.6
tr|A0A7J6ETR9|A0A7J6ETR9_CANSA	P51044	58.5	419	584	475	2.48e-177	504	71.6	87.8
tr|A0A7J6ETR9|A0A7J6ETR9_CANSA	P34085	56.8	440	584	469	5.73e-177	503	75.0	93.2
tr|A0A7J6ETR9|A0A7J6ETR9_CANSA	P79024	55.5	452	584	467	6.12e-176	501	77.1	95.7
tr|A0A7J6ETR9|A0A7J6ETR9_CANSA	P08679	53.2	440	584	460	1.34e-170	487	75.3	95.2
tr|A0A7J6ETR9|A0A7J6ETR9_CANSA	A0A0S3QTD0	52.8	432	584	442	1.77e-158	455	73.5	97.5
tr|A0A7J6ETR9|A0A7J6ETR9_CANSA	Q4QDX3	52.4	456	584	470	6.48e-158	455	76.0	96.8
tr|A0A7J6ETR9|A0A7J6ETR9_CANSA	A4H9H8	52.3	447	584	470	2.96e-156	451	74.7	95.1
tr|A0A7J6ETR9|A0A7J6ETR9_CANSA	A4HXU4	54.7	424	584	470	3.37e-155	448	70.5	90.0
tr|A0A7J6ETR9|A0A7J6ETR9_CANSA	C7C436	49.7	437	584	472	8.51e-151	437	73.6	91.9
tr|A0A7J6ETR9|A0A7J6ETR9_CANSA	C7C435	48.7	437	584	472	2.74e-149	433	73.6	91.9
tr|A0A7J6ETR9|A0A7J6ETR9_CANSA	B0YD89	50.9	446	584	465	7.91e-147	426	75.3	94.4
tr|A0A7J6ETR9|A0A7J6ETR9_CANSA	Q50I20	50.9	446	584	465	7.91e-147	426	75.3	94.4
tr|A0A7J6ETR9|A0A7J6ETR9_CANSA	P24118	49.5	436	584	462	1.01e-146	426	73.5	93.9
tr|A0A7J6ETR9|A0A7J6ETR9_CANSA	Q9TEM3	50.7	436	584	460	9.77e-144	418	73.5	93.9
tr|A0A7J6ETR9|A0A7J6ETR9_CANSA	P43635	45.1	457	584	486	2.45e-128	380	74.7	93.8
tr|A0A7J6ETR9|A0A7J6ETR9_CANSA	Q59977	28.3	368	584	397	4.56e-33	125	62.0	84.4
tr|A0A7J6ETR9|A0A7J6ETR9_CANSA	P42457	28.2	415	584	437	2.05e-32	124	66.3	88.3
tr|A0A7J6ETR9|A0A7J6ETR9_CANSA	P20901	28.3	407	584	436	1.04e-30	119	67.0	85.1
tr|A0A7J6ETR9|A0A7J6ETR9_CANSA	Q9SJH7	28.6	402	584	509	7.34e-30	117	64.9	72.5
tr|A0A7J6ETR9|A0A7J6ETR9_CANSA	Q9RWB2	27.9	333	584	377	5.87e-29	112	55.1	80.4
tr|A0A7J6ETR9|A0A7J6ETR9_CANSA	P49299	27.3	396	584	516	6.11e-29	114	64.9	71.5
tr|A0A7J6ETR9|A0A7J6ETR9_CANSA	Q9ZN37	31.1	338	584	426	1.52e-28	112	54.3	74.9
tr|A0A7J6ETR9|A0A7J6ETR9_CANSA	Q9LXS6	27.7	375	584	514	3.50e-28	112	62.0	67.7
tr|A0A7J6ETR9|A0A7J6ETR9_CANSA	P56062	30.8	338	584	426	9.15e-28	110	54.3	74.9
tr|A0A7J6ETR9|A0A7J6ETR9_CANSA	P9WPD4	28.7	363	584	431	9.68e-28	110	59.6	77.3
tr|A0A7J6ETR9|A0A7J6ETR9_CANSA	P9WPD5	28.7	363	584	431	9.68e-28	110	59.6	77.3
tr|A0A7J6ETR9|A0A7J6ETR9_CANSA	Q59939	32.8	293	584	372	1.12e-27	108	49.3	71.8
tr|A0A7J6ETR9|A0A7J6ETR9_CANSA	P27660	28.5	323	584	373	1.14e-27	108	54.8	80.2
tr|A0A7J6ETR9|A0A7J6ETR9_CANSA	P18789	28.8	351	584	430	3.15e-27	108	57.0	76.0
tr|A0A7J6ETR9|A0A7J6ETR9_CANSA	P51040	27.8	367	584	435	1.09e-26	107	60.3	77.5
tr|A0A7J6ETR9|A0A7J6ETR9_CANSA	Q1RGV8	28.3	367	584	435	1.09e-26	107	60.3	77.7
tr|A0A7J6ETR9|A0A7J6ETR9_CANSA	Q59776	26.6	369	584	435	3.54e-26	105	60.3	77.5
tr|A0A7J6ETR9|A0A7J6ETR9_CANSA	Q59778	26.6	369	584	435	3.54e-26	105	60.3	77.5
tr|A0A7J6ETR9|A0A7J6ETR9_CANSA	P51042	26.6	369	584	435	6.40e-26	104	60.3	77.5
tr|A0A7J6ETR9|A0A7J6ETR9_CANSA	Q59732	26.6	369	584	435	8.59e-26	104	60.3	77.5
tr|A0A7J6ETR9|A0A7J6ETR9_CANSA	D4GS06	29.2	325	584	379	2.02e-25	102	54.1	78.9
tr|A0A7J6ETR9|A0A7J6ETR9_CANSA	P51043	27.0	330	584	436	2.82e-25	102	54.1	70.9
tr|A0A7J6ETR9|A0A7J6ETR9_CANSA	P09948	26.7	367	584	436	5.07e-25	102	60.3	77.3
tr|A0A7J6ETR9|A0A7J6ETR9_CANSA	P51045	28.2	326	584	386	2.38e-24	99.4	54.1	78.8
tr|A0A7J6ETR9|A0A7J6ETR9_CANSA	P39120	29.7	330	584	372	2.70e-24	99.0	55.1	80.9
tr|A0A7J6ETR9|A0A7J6ETR9_CANSA	O34002	26.2	385	584	379	4.23e-23	95.5	64.6	94.7
tr|A0A7J6ETR9|A0A7J6ETR9_CANSA	P0ABH7	25.2	389	584	427	1.22e-22	94.7	63.5	83.1
tr|A0A7J6ETR9|A0A7J6ETR9_CANSA	P0ABH8	25.2	389	584	427	1.22e-22	94.7	63.5	83.1
tr|A0A7J6ETR9|A0A7J6ETR9_CANSA	P80148	26.8	384	584	377	4.39e-22	92.4	64.0	92.0
tr|A0A7J6ETR9|A0A7J6ETR9_CANSA	O68883	24.9	389	584	427	9.32e-22	92.0	63.5	83.1
tr|A0A7J6ETR9|A0A7J6ETR9_CANSA	Q8EJW2	25.2	329	584	375	6.06e-21	89.0	55.8	80.5
tr|A0A7J6ETR9|A0A7J6ETR9_CANSA	P39119	25.8	326	584	366	3.22e-20	86.7	55.1	81.7
tr|A0A7J6ETR9|A0A7J6ETR9_CANSA	P21553	25.2	357	584	385	9.79e-16	73.2	59.6	84.4
tr|A0A7J6ETR9|A0A7J6ETR9_CANSA	Q8NSL1	24.5	331	584	383	2.29e-15	72.0	55.1	79.6
tr|A0A7J6ETR9|A0A7J6ETR9_CANSA	Q8NSH7	24.3	329	584	381	5.30e-14	67.8	55.1	80.1
tr|A0A7J6ETR9|A0A7J6ETR9_CANSA	P63778	26.9	208	584	373	5.01e-13	64.7	35.6	52.5
tr|A0A7J6ETR9|A0A7J6ETR9_CANSA	P9WPD2	26.9	208	584	373	5.01e-13	64.7	35.6	52.5
tr|A0A7J6ETR9|A0A7J6ETR9_CANSA	P9WPD3	26.9	208	584	373	5.01e-13	64.7	35.6	52.5
tr|A0A7J6G6D1|A0A7J6G6D1_CANSA	O87198	25.2	238	433	376	7.87e-07	44.7	53.3	59.0
tr|A0A7J6I7D2|A0A7J6I7D2_CANSA	O87198	24.7	235	659	376	8.14e-07	45.4	35.1	59.0
tr|A0A7J6HES8|A0A7J6HES8_CANSA	Q94JM2	65.0	263	288	282	8.76e-112	319	91.0	93.3
tr|A0A7J6HES8|A0A7J6HES8_CANSA	Q10M74	71.9	221	288	285	1.49e-108	311	76.7	77.5
tr|A0A7J6HES8|A0A7J6HES8_CANSA	Q3ZAF9	46.1	193	288	206	1.24e-54	171	67.0	93.2
tr|A0A7J6HES8|A0A7J6HES8_CANSA	Q3ZWD8	45.5	191	288	206	9.84e-54	168	66.3	92.2
tr|A0A7J6HES8|A0A7J6HES8_CANSA	Q895Q5	43.9	187	288	208	1.83e-48	155	64.9	88.0
tr|A0A7J6HES8|A0A7J6HES8_CANSA	Q182S8	41.0	195	288	205	1.16e-45	147	67.4	93.7
tr|A0A7J6HES8|A0A7J6HES8_CANSA	Q9K9Y2	43.5	186	288	204	1.25e-44	145	64.6	89.7
tr|A0A7J6HES8|A0A7J6HES8_CANSA	Q8R9S6	41.7	187	288	206	1.04e-43	142	64.9	89.3
tr|A0A7J6HES8|A0A7J6HES8_CANSA	Q3AC14	38.2	191	288	204	2.75e-43	141	66.3	92.2
tr|A0A7J6HES8|A0A7J6HES8_CANSA	Q97ID0	41.2	187	288	209	3.16e-43	141	64.9	87.6
tr|A0A7J6HES8|A0A7J6HES8_CANSA	Q0SS73	39.6	187	288	216	1.08e-42	140	64.9	85.2
tr|A0A7J6HES8|A0A7J6HES8_CANSA	Q0TPK6	39.6	187	288	216	1.08e-42	140	64.9	85.2
tr|A0A7J6HES8|A0A7J6HES8_CANSA	Q49WZ1	41.4	191	288	207	1.18e-42	140	66.0	90.8
tr|A0A7J6HES8|A0A7J6HES8_CANSA	Q8XJK8	39.0	187	288	216	1.52e-42	140	64.9	85.2
tr|A0A7J6HES8|A0A7J6HES8_CANSA	Q4L5R1	41.4	191	288	207	2.34e-42	139	66.0	90.8
tr|A0A7J6HES8|A0A7J6HES8_CANSA	P0C0M9	41.2	187	288	207	6.54e-42	138	64.6	88.9
tr|A0A7J6HES8|A0A7J6HES8_CANSA	Q24TX4	41.1	190	288	200	7.56e-42	137	66.0	93.5
tr|A0A7J6HES8|A0A7J6HES8_CANSA	Q5HPY1	41.2	187	288	207	9.21e-42	137	64.6	88.9
tr|A0A7J6HES8|A0A7J6HES8_CANSA	Q7NK59	43.4	182	288	205	2.43e-41	136	63.2	87.3
tr|A0A7J6HES8|A0A7J6HES8_CANSA	Q67PR9	42.9	189	288	211	2.87e-41	136	65.6	88.2
tr|A0A7J6HES8|A0A7J6HES8_CANSA	Q8ER28	39.2	186	288	206	9.83e-41	135	64.6	88.8
tr|A0A7J6HES8|A0A7J6HES8_CANSA	Q0AXK8	36.6	191	288	195	2.02e-40	134	66.3	96.4
tr|A0A7J6HES8|A0A7J6HES8_CANSA	Q5WFK3	39.2	186	288	205	2.67e-40	134	64.6	89.3
tr|A0A7J6HES8|A0A7J6HES8_CANSA	Q3J2A5	37.8	185	288	211	3.15e-40	134	63.9	86.7
tr|A0A7J6HES8|A0A7J6HES8_CANSA	P65219	39.3	191	288	207	5.59e-40	133	66.0	90.8
tr|A0A7J6HES8|A0A7J6HES8_CANSA	P99176	39.3	191	288	207	5.59e-40	133	66.0	90.8
tr|A0A7J6HES8|A0A7J6HES8_CANSA	Q2FHM9	39.3	191	288	207	5.59e-40	133	66.0	90.8
tr|A0A7J6HES8|A0A7J6HES8_CANSA	Q2G1U0	39.3	191	288	207	5.59e-40	133	66.0	90.8
tr|A0A7J6HES8|A0A7J6HES8_CANSA	Q5HGM3	39.3	191	288	207	5.59e-40	133	66.0	90.8
tr|A0A7J6HES8|A0A7J6HES8_CANSA	Q6GA04	39.3	191	288	207	5.59e-40	133	66.0	90.8
tr|A0A7J6HES8|A0A7J6HES8_CANSA	Q8NX22	39.3	191	288	207	5.59e-40	133	66.0	90.8
tr|A0A7J6HES8|A0A7J6HES8_CANSA	Q2YXF9	39.3	191	288	207	7.86e-40	132	66.0	90.8
tr|A0A7J6HES8|A0A7J6HES8_CANSA	Q6GHM6	39.3	191	288	207	7.86e-40	132	66.0	90.8
tr|A0A7J6HES8|A0A7J6HES8_CANSA	Q9CEE3	39.6	187	288	205	1.05e-39	132	64.9	89.8
tr|A0A7J6HES8|A0A7J6HES8_CANSA	Q9X215	38.7	186	288	207	1.11e-39	132	64.6	88.4
tr|A0A7J6HES8|A0A7J6HES8_CANSA	Q7MAK5	38.9	185	288	215	7.58e-39	130	64.2	85.1
tr|A0A7J6HES8|A0A7J6HES8_CANSA	Q6F7H0	36.3	190	288	207	8.59e-39	130	66.0	90.3
tr|A0A7J6HES8|A0A7J6HES8_CANSA	Q479A8	39.3	163	288	202	1.05e-38	129	56.6	80.2
tr|A0A7J6HES8|A0A7J6HES8_CANSA	Q87DG5	36.0	197	288	204	1.11e-38	129	66.7	95.1
tr|A0A7J6HES8|A0A7J6HES8_CANSA	Q0S0L7	44.8	165	288	207	1.21e-38	129	56.6	79.2
tr|A0A7J6HES8|A0A7J6HES8_CANSA	Q2YD10	38.6	189	288	210	1.31e-38	129	65.6	88.6
tr|A0A7J6HES8|A0A7J6HES8_CANSA	Q1WUB5	37.4	190	288	205	1.61e-38	129	65.6	91.2
tr|A0A7J6HES8|A0A7J6HES8_CANSA	Q88WL7	38.9	190	288	206	1.65e-38	129	65.6	90.8
tr|A0A7J6HES8|A0A7J6HES8_CANSA	Q9A7N9	36.6	191	288	213	2.00e-38	129	66.3	88.3
tr|A0A7J6HES8|A0A7J6HES8_CANSA	Q3SRZ7	37.4	190	288	219	3.30e-38	129	66.0	85.8
tr|A0A7J6HES8|A0A7J6HES8_CANSA	Q0AQC4	38.7	186	288	218	4.52e-38	128	64.6	84.4
tr|A0A7J6HES8|A0A7J6HES8_CANSA	Q5LYX1	38.4	190	288	209	4.99e-38	128	65.6	89.5
tr|A0A7J6HES8|A0A7J6HES8_CANSA	Q5M3I4	38.4	190	288	209	4.99e-38	128	65.6	89.5
tr|A0A7J6HES8|A0A7J6HES8_CANSA	Q2NIH1	39.2	194	288	211	5.27e-38	128	67.0	91.0
tr|A0A7J6HES8|A0A7J6HES8_CANSA	Q5L0S8	39.4	188	288	205	6.30e-38	127	64.9	90.2
tr|A0A7J6HES8|A0A7J6HES8_CANSA	Q5LS25	37.3	185	288	213	7.81e-38	127	63.9	85.9
tr|A0A7J6HES8|A0A7J6HES8_CANSA	Q92QZ2	35.3	190	288	219	9.16e-38	127	66.0	85.8
tr|A0A7J6HES8|A0A7J6HES8_CANSA	Q3BPS0	38.3	183	288	203	1.18e-37	127	63.5	88.7
tr|A0A7J6HES8|A0A7J6HES8_CANSA	Q4UY41	37.7	183	288	203	1.18e-37	127	63.5	88.7
tr|A0A7J6HES8|A0A7J6HES8_CANSA	Q8P5T7	37.7	183	288	203	1.18e-37	127	63.5	88.7
tr|A0A7J6HES8|A0A7J6HES8_CANSA	Q8PH65	38.3	183	288	203	1.18e-37	127	63.5	88.7
tr|A0A7J6HES8|A0A7J6HES8_CANSA	P60554	39.7	194	288	212	1.50e-37	127	67.0	90.6
tr|A0A7J6HES8|A0A7J6HES8_CANSA	Q89MV4	37.9	190	288	219	1.81e-37	127	66.0	85.8
tr|A0A7J6HES8|A0A7J6HES8_CANSA	Q8XD88	36.6	191	288	207	1.85e-37	126	65.6	90.8
tr|A0A7J6HES8|A0A7J6HES8_CANSA	Q9RS38	38.9	185	288	239	2.16e-37	127	64.2	76.2
tr|A0A7J6HES8|A0A7J6HES8_CANSA	Q2W9C3	37.5	192	288	214	2.23e-37	126	66.7	88.3
tr|A0A7J6HES8|A0A7J6HES8_CANSA	P60552	36.7	188	288	204	2.40e-37	126	64.9	90.7
tr|A0A7J6HES8|A0A7J6HES8_CANSA	P60546	36.6	191	288	207	2.60e-37	126	65.6	90.8
tr|A0A7J6HES8|A0A7J6HES8_CANSA	P60547	36.6	191	288	207	2.60e-37	126	65.6	90.8
tr|A0A7J6HES8|A0A7J6HES8_CANSA	P60548	36.6	191	288	207	2.60e-37	126	65.6	90.8
tr|A0A7J6HES8|A0A7J6HES8_CANSA	Q0TBG1	36.6	191	288	207	2.60e-37	126	65.6	90.8
tr|A0A7J6HES8|A0A7J6HES8_CANSA	Q1R4U3	36.6	191	288	207	2.60e-37	126	65.6	90.8
tr|A0A7J6HES8|A0A7J6HES8_CANSA	Q31UQ6	36.6	191	288	207	2.60e-37	126	65.6	90.8
tr|A0A7J6HES8|A0A7J6HES8_CANSA	Q3YW11	36.6	191	288	207	2.60e-37	126	65.6	90.8
tr|A0A7J6HES8|A0A7J6HES8_CANSA	Q9ZCH7	35.5	186	288	197	2.78e-37	125	64.6	92.9
tr|A0A7J6HES8|A0A7J6HES8_CANSA	Q5PC40	36.6	191	288	207	5.13e-37	125	65.6	90.8
tr|A0A7J6HES8|A0A7J6HES8_CANSA	Q8Z2H9	36.6	191	288	207	5.13e-37	125	65.6	90.8
tr|A0A7J6HES8|A0A7J6HES8_CANSA	Q9X6M5	36.6	191	288	207	5.13e-37	125	65.6	90.8
tr|A0A7J6HES8|A0A7J6HES8_CANSA	Q2KA85	35.6	191	288	220	5.16e-37	125	66.3	85.9
tr|A0A7J6HES8|A0A7J6HES8_CANSA	Q1G9H8	38.9	190	288	204	6.66e-37	125	65.6	91.7
tr|A0A7J6HES8|A0A7J6HES8_CANSA	Q2P6N0	37.2	183	288	203	9.11e-37	124	63.5	88.7
tr|A0A7J6HES8|A0A7J6HES8_CANSA	Q5H3S2	37.2	183	288	203	9.11e-37	124	63.5	88.7
tr|A0A7J6HES8|A0A7J6HES8_CANSA	Q5NQE8	35.3	190	288	216	9.16e-37	125	66.0	87.0
tr|A0A7J6HES8|A0A7J6HES8_CANSA	Q82ZD5	38.8	188	288	204	9.36e-37	124	64.9	90.7
tr|A0A7J6HES8|A0A7J6HES8_CANSA	Q1QKV7	37.9	190	288	219	9.91e-37	125	66.0	85.8
tr|A0A7J6HES8|A0A7J6HES8_CANSA	Q4UK55	36.0	186	288	192	1.34e-36	124	64.6	95.3
tr|A0A7J6HES8|A0A7J6HES8_CANSA	Q2G9M5	39.1	184	288	221	1.47e-36	124	63.9	82.4
tr|A0A7J6HES8|A0A7J6HES8_CANSA	P60551	36.6	186	288	203	1.80e-36	124	64.6	90.1
tr|A0A7J6HES8|A0A7J6HES8_CANSA	Q5GS56	36.0	186	288	195	2.04e-36	123	64.6	94.4
tr|A0A7J6HES8|A0A7J6HES8_CANSA	Q8DNR5	37.0	184	288	208	2.06e-36	124	63.5	87.0
tr|A0A7J6HES8|A0A7J6HES8_CANSA	P65220	37.2	188	288	209	2.11e-36	124	64.9	88.5
tr|A0A7J6HES8|A0A7J6HES8_CANSA	P65221	37.2	188	288	209	2.11e-36	124	64.9	88.5
tr|A0A7J6HES8|A0A7J6HES8_CANSA	Q3K368	37.2	188	288	209	2.11e-36	124	64.9	88.5
tr|A0A7J6HES8|A0A7J6HES8_CANSA	Q329K8	36.1	191	288	207	2.81e-36	123	65.6	90.8
tr|A0A7J6HES8|A0A7J6HES8_CANSA	Q57I92	36.1	191	288	207	2.81e-36	123	65.6	90.8
tr|A0A7J6HES8|A0A7J6HES8_CANSA	Q97PA3	37.0	184	288	208	2.89e-36	123	63.5	87.0
tr|A0A7J6HES8|A0A7J6HES8_CANSA	Q9PD76	35.5	197	288	204	3.65e-36	123	66.7	95.1
tr|A0A7J6HES8|A0A7J6HES8_CANSA	Q5YTM7	42.5	167	288	193	3.81e-36	122	57.3	86.0
tr|A0A7J6HES8|A0A7J6HES8_CANSA	Q110R6	38.4	177	288	186	4.43e-36	122	60.8	94.6
tr|A0A7J6HES8|A0A7J6HES8_CANSA	Q82SQ3	39.1	197	288	201	4.73e-36	122	66.7	96.5
tr|A0A7J6HES8|A0A7J6HES8_CANSA	Q38XU0	37.8	188	288	203	5.00e-36	122	64.9	91.1
tr|A0A7J6HES8|A0A7J6HES8_CANSA	Q8UGD7	34.0	191	288	220	5.56e-36	123	66.3	85.9
tr|A0A7J6HES8|A0A7J6HES8_CANSA	Q39T72	34.9	186	288	203	7.02e-36	122	64.6	90.1
tr|A0A7J6HES8|A0A7J6HES8_CANSA	Q5FJH2	38.4	190	288	204	7.21e-36	122	65.6	91.7
tr|A0A7J6HES8|A0A7J6HES8_CANSA	P0DB94	37.4	190	288	211	8.68e-36	122	65.6	88.6
tr|A0A7J6HES8|A0A7J6HES8_CANSA	P0DB95	37.4	190	288	211	8.68e-36	122	65.6	88.6
tr|A0A7J6HES8|A0A7J6HES8_CANSA	P65223	37.4	190	288	211	8.68e-36	122	65.6	88.6
tr|A0A7J6HES8|A0A7J6HES8_CANSA	Q1J5I6	37.4	190	288	211	8.68e-36	122	65.6	88.6
tr|A0A7J6HES8|A0A7J6HES8_CANSA	Q1JAJ4	37.4	190	288	211	8.68e-36	122	65.6	88.6
tr|A0A7J6HES8|A0A7J6HES8_CANSA	Q1JFN7	37.4	190	288	211	8.68e-36	122	65.6	88.6
tr|A0A7J6HES8|A0A7J6HES8_CANSA	Q1JKP6	37.4	190	288	211	8.68e-36	122	65.6	88.6
tr|A0A7J6HES8|A0A7J6HES8_CANSA	Q48S18	37.4	190	288	211	8.68e-36	122	65.6	88.6
tr|A0A7J6HES8|A0A7J6HES8_CANSA	Q5XAP1	37.4	190	288	211	8.68e-36	122	65.6	88.6
tr|A0A7J6HES8|A0A7J6HES8_CANSA	Q99YM5	37.4	190	288	211	8.68e-36	122	65.6	88.6
tr|A0A7J6HES8|A0A7J6HES8_CANSA	Q8FT45	34.6	185	288	190	9.76e-36	121	63.5	95.8
tr|A0A7J6HES8|A0A7J6HES8_CANSA	P60556	38.5	192	288	220	1.54e-35	122	66.7	85.9
tr|A0A7J6HES8|A0A7J6HES8_CANSA	Q1MJ02	34.6	191	288	220	1.54e-35	122	66.3	85.9
tr|A0A7J6HES8|A0A7J6HES8_CANSA	Q1IW06	38.3	188	288	242	1.91e-35	122	65.3	76.4
tr|A0A7J6HES8|A0A7J6HES8_CANSA	Q215S7	37.4	190	288	219	2.11e-35	121	66.0	85.8
tr|A0A7J6HES8|A0A7J6HES8_CANSA	Q8DVK6	36.3	190	288	210	2.34e-35	121	65.6	89.0
tr|A0A7J6HES8|A0A7J6HES8_CANSA	P72648	36.8	182	288	191	2.78e-35	120	63.2	93.7
tr|A0A7J6HES8|A0A7J6HES8_CANSA	Q68VY3	35.5	186	288	197	3.27e-35	120	64.6	92.9
tr|A0A7J6HES8|A0A7J6HES8_CANSA	Q8RHI9	36.1	180	288	185	3.32e-35	120	62.5	95.1
tr|A0A7J6HES8|A0A7J6HES8_CANSA	Q4JVH4	37.0	181	288	188	3.61e-35	120	62.2	94.7
tr|A0A7J6HES8|A0A7J6HES8_CANSA	Q8DMQ7	38.4	185	288	191	3.91e-35	120	64.2	94.8
tr|A0A7J6HES8|A0A7J6HES8_CANSA	Q0C093	38.2	186	288	217	3.94e-35	120	64.6	84.8
tr|A0A7J6HES8|A0A7J6HES8_CANSA	Q135N9	37.0	192	288	219	4.15e-35	120	66.7	86.3
tr|A0A7J6HES8|A0A7J6HES8_CANSA	Q5F775	38.4	185	288	205	5.69e-35	120	61.5	89.8
tr|A0A7J6HES8|A0A7J6HES8_CANSA	P15454	38.9	185	288	187	6.93e-35	119	63.2	97.9
tr|A0A7J6HES8|A0A7J6HES8_CANSA	Q491W5	30.3	195	288	212	9.59e-35	119	66.7	91.0
tr|A0A7J6HES8|A0A7J6HES8_CANSA	Q9JT96	38.7	163	288	205	1.12e-34	119	56.6	79.0
tr|A0A7J6HES8|A0A7J6HES8_CANSA	P44310	38.2	186	288	208	1.21e-34	119	63.5	88.0
tr|A0A7J6HES8|A0A7J6HES8_CANSA	Q1GXB9	32.5	197	288	202	1.45e-34	119	66.7	96.0
tr|A0A7J6HES8|A0A7J6HES8_CANSA	Q9JYB5	38.7	163	288	205	1.57e-34	119	56.6	79.0
tr|A0A7J6HES8|A0A7J6HES8_CANSA	Q92GC9	35.8	190	288	229	2.07e-34	119	66.0	81.7
tr|A0A7J6HES8|A0A7J6HES8_CANSA	Q4QJK3	38.2	186	288	208	2.39e-34	118	63.5	88.0
tr|A0A7J6HES8|A0A7J6HES8_CANSA	Q3B204	37.4	163	288	197	2.51e-34	118	56.6	82.7
tr|A0A7J6HES8|A0A7J6HES8_CANSA	Q2GLF7	35.3	187	288	210	2.52e-34	118	64.6	88.1
tr|A0A7J6HES8|A0A7J6HES8_CANSA	Q1RK99	33.3	186	288	191	3.01e-34	117	64.6	95.8
tr|A0A7J6HES8|A0A7J6HES8_CANSA	Q12DV7	35.7	185	288	206	3.18e-34	118	64.2	88.3
tr|A0A7J6HES8|A0A7J6HES8_CANSA	Q9HTM2	36.2	163	288	203	4.13e-34	117	56.6	79.8
tr|A0A7J6HES8|A0A7J6HES8_CANSA	Q3IJH8	33.5	191	288	206	4.47e-34	117	66.3	91.3
tr|A0A7J6HES8|A0A7J6HES8_CANSA	Q88C87	35.6	163	288	206	4.47e-34	117	56.6	78.6
tr|A0A7J6HES8|A0A7J6HES8_CANSA	Q827Q3	39.5	177	288	197	4.96e-34	117	61.5	88.3
tr|A0A7J6HES8|A0A7J6HES8_CANSA	Q8NQ42	35.4	181	288	190	5.78e-34	117	62.2	93.7
tr|A0A7J6HES8|A0A7J6HES8_CANSA	Q2JQB9	34.1	179	288	217	5.93e-34	117	62.2	81.1
tr|A0A7J6HES8|A0A7J6HES8_CANSA	Q636F5	37.1	186	288	205	6.11e-34	117	63.5	88.3
tr|A0A7J6HES8|A0A7J6HES8_CANSA	Q6HEU4	37.1	186	288	205	6.11e-34	117	63.5	88.3
tr|A0A7J6HES8|A0A7J6HES8_CANSA	Q732K0	37.1	186	288	205	6.11e-34	117	63.5	88.3
tr|A0A7J6HES8|A0A7J6HES8_CANSA	Q81WG7	37.1	186	288	205	6.11e-34	117	63.5	88.3
tr|A0A7J6HES8|A0A7J6HES8_CANSA	Q2IX83	35.9	192	288	220	6.40e-34	117	66.7	85.9
tr|A0A7J6HES8|A0A7J6HES8_CANSA	Q6DB60	34.7	193	288	207	6.44e-34	117	66.3	91.8
tr|A0A7J6HES8|A0A7J6HES8_CANSA	Q21EC9	35.8	187	288	205	8.58e-34	117	64.9	89.8
tr|A0A7J6HES8|A0A7J6HES8_CANSA	P0A5I5	39.8	181	288	208	9.27e-34	117	62.2	85.6
tr|A0A7J6HES8|A0A7J6HES8_CANSA	P9WKE8	39.8	181	288	208	9.27e-34	117	62.2	85.6
tr|A0A7J6HES8|A0A7J6HES8_CANSA	P9WKE9	39.8	181	288	208	9.27e-34	117	62.2	85.6
tr|A0A7J6HES8|A0A7J6HES8_CANSA	Q47R17	41.1	163	288	196	9.51e-34	116	56.6	82.7
tr|A0A7J6HES8|A0A7J6HES8_CANSA	Q2GHE0	34.0	191	288	209	9.51e-34	117	66.0	90.0
tr|A0A7J6HES8|A0A7J6HES8_CANSA	Q5WV30	33.9	189	288	209	9.51e-34	117	65.6	89.0
tr|A0A7J6HES8|A0A7J6HES8_CANSA	Q71YI9	35.8	190	288	205	1.20e-33	116	65.6	91.2
tr|A0A7J6HES8|A0A7J6HES8_CANSA	Q8Y672	35.8	190	288	205	1.20e-33	116	65.6	91.2
tr|A0A7J6HES8|A0A7J6HES8_CANSA	Q0HE40	33.7	184	288	207	1.27e-33	116	63.5	87.4
tr|A0A7J6HES8|A0A7J6HES8_CANSA	Q7WZE5	33.2	184	288	207	1.27e-33	116	63.5	87.4
tr|A0A7J6HES8|A0A7J6HES8_CANSA	Q5X3P2	33.9	189	288	209	1.33e-33	116	65.6	89.0
tr|A0A7J6HES8|A0A7J6HES8_CANSA	Q9CCQ7	38.7	181	288	210	1.37e-33	116	62.2	84.8
tr|A0A7J6HES8|A0A7J6HES8_CANSA	Q14GD9	35.5	169	288	190	1.60e-33	115	57.6	88.9
tr|A0A7J6HES8|A0A7J6HES8_CANSA	Q5NEY6	35.5	169	288	190	1.60e-33	115	57.6	88.9
tr|A0A7J6HES8|A0A7J6HES8_CANSA	Q30PL1	33.3	186	288	206	1.73e-33	116	64.6	89.3
tr|A0A7J6HES8|A0A7J6HES8_CANSA	Q87TA9	36.4	187	288	207	1.78e-33	116	64.2	88.9
tr|A0A7J6HES8|A0A7J6HES8_CANSA	Q73HV1	34.4	186	288	201	2.14e-33	115	64.6	91.5
tr|A0A7J6HES8|A0A7J6HES8_CANSA	Q1AVZ3	37.6	181	288	191	2.31e-33	115	62.2	94.2
tr|A0A7J6HES8|A0A7J6HES8_CANSA	Q5ZTZ8	33.9	189	288	209	2.63e-33	115	65.6	89.0
tr|A0A7J6HES8|A0A7J6HES8_CANSA	Q0HZX1	33.2	184	288	207	3.50e-33	115	63.5	87.4
tr|A0A7J6HES8|A0A7J6HES8_CANSA	Q89AC8	37.3	166	288	207	3.50e-33	115	56.9	79.7
tr|A0A7J6HES8|A0A7J6HES8_CANSA	Q602T6	34.7	190	288	204	4.55e-33	115	66.0	91.7
tr|A0A7J6HES8|A0A7J6HES8_CANSA	Q92AI1	35.3	190	288	205	4.66e-33	115	65.6	91.2
tr|A0A7J6HES8|A0A7J6HES8_CANSA	Q8K9C7	34.1	185	288	207	4.91e-33	115	63.5	87.9
tr|A0A7J6HES8|A0A7J6HES8_CANSA	Q2JQ59	33.0	185	288	221	4.99e-33	115	64.2	82.4
tr|A0A7J6HES8|A0A7J6HES8_CANSA	Q7V2K9	34.1	179	288	184	5.29e-33	114	62.2	95.7
tr|A0A7J6HES8|A0A7J6HES8_CANSA	Q1B9F6	38.1	181	288	198	5.46e-33	114	62.2	89.9
tr|A0A7J6HES8|A0A7J6HES8_CANSA	Q8Z0I7	36.7	169	288	199	5.60e-33	114	57.6	84.4
tr|A0A7J6HES8|A0A7J6HES8_CANSA	Q6AJ91	34.0	188	288	203	6.22e-33	114	65.3	91.6
tr|A0A7J6HES8|A0A7J6HES8_CANSA	Q5P3M0	38.0	163	288	204	6.38e-33	114	56.6	79.4
tr|A0A7J6HES8|A0A7J6HES8_CANSA	Q819T6	38.3	167	288	205	6.54e-33	114	56.9	80.0
tr|A0A7J6HES8|A0A7J6HES8_CANSA	Q83EL7	35.0	183	288	206	6.71e-33	114	63.5	87.4
tr|A0A7J6HES8|A0A7J6HES8_CANSA	Q2NQS9	35.6	188	288	207	6.89e-33	114	64.6	89.4
tr|A0A7J6HES8|A0A7J6HES8_CANSA	Q46GV6	32.4	179	288	186	7.84e-33	114	62.2	94.6
tr|A0A7J6HES8|A0A7J6HES8_CANSA	Q2A2K6	34.3	169	288	190	8.71e-33	114	57.6	88.9
tr|A0A7J6HES8|A0A7J6HES8_CANSA	Q3K4L8	34.4	163	288	206	9.42e-33	114	56.6	78.6
tr|A0A7J6HES8|A0A7J6HES8_CANSA	Q31DP7	34.4	183	288	205	1.29e-32	114	63.5	87.8
tr|A0A7J6HES8|A0A7J6HES8_CANSA	Q8KFS5	37.4	163	288	195	1.39e-32	113	56.6	83.6
tr|A0A7J6HES8|A0A7J6HES8_CANSA	Q3YRE2	34.6	191	288	209	1.43e-32	114	66.0	90.0
tr|A0A7J6HES8|A0A7J6HES8_CANSA	P60553	39.2	181	288	223	1.44e-32	114	62.2	79.8
tr|A0A7J6HES8|A0A7J6HES8_CANSA	Q8GAU4	39.0	177	288	205	1.81e-32	113	61.5	84.9
tr|A0A7J6HES8|A0A7J6HES8_CANSA	Q3SLI4	36.6	164	288	209	2.00e-32	113	56.9	78.0
tr|A0A7J6HES8|A0A7J6HES8_CANSA	Q3MD38	36.2	163	288	199	2.17e-32	113	56.6	81.4
tr|A0A7J6HES8|A0A7J6HES8_CANSA	Q5E8P5	36.4	187	288	207	2.66e-32	113	64.2	88.9
tr|A0A7J6HES8|A0A7J6HES8_CANSA	Q7NRL1	37.4	163	288	210	2.87e-32	113	56.6	77.1
tr|A0A7J6HES8|A0A7J6HES8_CANSA	Q7VRJ7	33.5	191	288	210	2.87e-32	113	64.9	88.6
tr|A0A7J6HES8|A0A7J6HES8_CANSA	Q5FS85	36.3	190	288	208	3.83e-32	112	65.6	90.4
tr|A0A7J6HES8|A0A7J6HES8_CANSA	Q6LVP5	36.9	187	288	208	3.83e-32	112	64.2	88.5
tr|A0A7J6HES8|A0A7J6HES8_CANSA	Q2J840	39.9	163	288	184	4.04e-32	112	56.6	88.0
tr|A0A7J6HES8|A0A7J6HES8_CANSA	Q9KXS0	38.4	177	288	197	4.05e-32	112	61.5	88.3
tr|A0A7J6HES8|A0A7J6HES8_CANSA	Q0BPZ9	35.8	190	288	213	4.34e-32	112	66.0	87.8
tr|A0A7J6HES8|A0A7J6HES8_CANSA	Q0BL54	33.7	169	288	190	4.74e-32	112	57.6	88.9
tr|A0A7J6HES8|A0A7J6HES8_CANSA	Q2RXB1	31.6	190	288	218	4.92e-32	112	66.0	86.2
tr|A0A7J6HES8|A0A7J6HES8_CANSA	Q1C258	34.6	188	288	207	7.34e-32	112	64.6	89.4
tr|A0A7J6HES8|A0A7J6HES8_CANSA	Q1CCZ3	34.6	188	288	207	7.34e-32	112	64.6	89.4
tr|A0A7J6HES8|A0A7J6HES8_CANSA	Q66GE5	34.6	188	288	207	7.34e-32	112	64.6	89.4
tr|A0A7J6HES8|A0A7J6HES8_CANSA	Q8EJU6	32.1	184	288	207	7.34e-32	112	63.5	87.4
tr|A0A7J6HES8|A0A7J6HES8_CANSA	Q8ZJQ2	34.6	188	288	207	7.34e-32	112	64.6	89.4
tr|A0A7J6HES8|A0A7J6HES8_CANSA	Q4FQY7	32.3	189	288	208	7.52e-32	112	65.6	89.4
tr|A0A7J6HES8|A0A7J6HES8_CANSA	Q1GH67	33.9	183	288	217	9.41e-32	112	63.2	83.4
tr|A0A7J6HES8|A0A7J6HES8_CANSA	P60550	36.0	186	288	191	9.57e-32	111	63.9	95.8
tr|A0A7J6HES8|A0A7J6HES8_CANSA	P57888	36.6	186	288	208	1.05e-31	111	63.5	88.0
tr|A0A7J6HES8|A0A7J6HES8_CANSA	Q2S8R2	30.9	191	288	208	1.05e-31	111	66.3	90.4
tr|A0A7J6HES8|A0A7J6HES8_CANSA	P60555	34.6	179	288	189	1.27e-31	110	62.2	93.1
tr|A0A7J6HES8|A0A7J6HES8_CANSA	Q1LQ34	34.6	185	288	216	1.29e-31	111	64.2	83.8
tr|A0A7J6HES8|A0A7J6HES8_CANSA	Q5L9N9	37.2	164	288	204	1.34e-31	111	56.6	80.4
tr|A0A7J6HES8|A0A7J6HES8_CANSA	Q64PY1	37.2	164	288	204	1.34e-31	111	56.6	80.4
tr|A0A7J6HES8|A0A7J6HES8_CANSA	Q65JT0	35.5	186	288	204	1.87e-31	110	63.5	88.7
tr|A0A7J6HES8|A0A7J6HES8_CANSA	P56103	33.7	178	288	206	1.97e-31	110	61.8	85.0
tr|A0A7J6HES8|A0A7J6HES8_CANSA	Q1CUI1	33.7	178	288	206	1.97e-31	110	61.8	85.0
tr|A0A7J6HES8|A0A7J6HES8_CANSA	Q9ZMB7	33.7	178	288	206	1.97e-31	110	61.8	85.0
tr|A0A7J6HES8|A0A7J6HES8_CANSA	Q1GNB4	36.6	164	288	220	1.99e-31	111	56.9	74.5
tr|A0A7J6HES8|A0A7J6HES8_CANSA	Q9KNM4	35.3	187	288	207	2.02e-31	110	64.2	88.9
tr|A0A7J6HES8|A0A7J6HES8_CANSA	Q5FFZ9	35.1	191	288	209	2.12e-31	110	66.0	90.0
tr|A0A7J6HES8|A0A7J6HES8_CANSA	Q5HAK7	35.1	191	288	209	2.12e-31	110	66.0	90.0
tr|A0A7J6HES8|A0A7J6HES8_CANSA	Q31C67	33.1	163	288	184	2.20e-31	110	56.6	88.0
tr|A0A7J6HES8|A0A7J6HES8_CANSA	Q7MPW9	35.3	187	288	207	2.83e-31	110	64.2	88.9
tr|A0A7J6HES8|A0A7J6HES8_CANSA	Q8DDV6	35.3	187	288	207	2.83e-31	110	64.2	88.9
tr|A0A7J6HES8|A0A7J6HES8_CANSA	Q7VDB6	33.5	179	288	184	3.08e-31	109	62.2	95.7
tr|A0A7J6HES8|A0A7J6HES8_CANSA	Q4K3R4	34.4	163	288	206	3.87e-31	110	56.6	78.6
tr|A0A7J6HES8|A0A7J6HES8_CANSA	Q088T7	32.1	184	288	207	3.96e-31	110	63.5	87.4
tr|A0A7J6HES8|A0A7J6HES8_CANSA	Q12IL8	32.6	184	288	207	3.96e-31	110	63.5	87.4
tr|A0A7J6HES8|A0A7J6HES8_CANSA	Q3AWM1	36.7	180	288	187	4.67e-31	109	62.5	94.7
tr|A0A7J6HES8|A0A7J6HES8_CANSA	Q7MWS7	35.6	180	288	188	4.80e-31	109	61.8	93.1
tr|A0A7J6HES8|A0A7J6HES8_CANSA	Q1IK22	34.4	186	288	233	5.31e-31	110	63.5	78.5
tr|A0A7J6HES8|A0A7J6HES8_CANSA	Q1QSI1	30.3	195	288	215	6.76e-31	109	67.7	89.3
tr|A0A7J6HES8|A0A7J6HES8_CANSA	O34328	34.9	189	288	204	7.22e-31	109	64.6	90.2
tr|A0A7J6HES8|A0A7J6HES8_CANSA	Q1Q973	31.2	189	288	208	7.97e-31	109	65.6	89.4
tr|A0A7J6HES8|A0A7J6HES8_CANSA	O84033	36.2	185	288	205	1.04e-30	108	63.9	88.3
tr|A0A7J6HES8|A0A7J6HES8_CANSA	Q3KMZ2	36.2	185	288	205	1.04e-30	108	63.9	88.3
tr|A0A7J6HES8|A0A7J6HES8_CANSA	Q9PL09	35.7	185	288	205	1.04e-30	108	63.9	88.3
tr|A0A7J6HES8|A0A7J6HES8_CANSA	Q21TP7	34.1	185	288	206	1.06e-30	108	64.2	88.3
tr|A0A7J6HES8|A0A7J6HES8_CANSA	P57509	33.5	185	288	207	1.09e-30	108	63.5	87.9
tr|A0A7J6HES8|A0A7J6HES8_CANSA	Q47UB3	31.6	196	288	218	1.43e-30	108	66.3	88.5
tr|A0A7J6HES8|A0A7J6HES8_CANSA	P65217	32.5	191	288	220	1.50e-30	108	66.0	85.9
tr|A0A7J6HES8|A0A7J6HES8_CANSA	P65218	32.5	191	288	220	1.50e-30	108	66.0	85.9
tr|A0A7J6HES8|A0A7J6HES8_CANSA	Q2YMJ2	32.5	191	288	220	1.50e-30	108	66.0	85.9
tr|A0A7J6HES8|A0A7J6HES8_CANSA	Q57EQ3	32.5	191	288	220	1.50e-30	108	66.0	85.9
tr|A0A7J6HES8|A0A7J6HES8_CANSA	Q8A677	37.2	164	288	204	1.98e-30	108	56.6	80.4
tr|A0A7J6HES8|A0A7J6HES8_CANSA	Q6G439	31.9	185	288	222	2.20e-30	108	64.2	82.0
tr|A0A7J6HES8|A0A7J6HES8_CANSA	Q5QYH9	32.6	193	288	210	2.30e-30	108	66.3	90.5
tr|A0A7J6HES8|A0A7J6HES8_CANSA	Q5HTT7	31.4	191	288	205	2.85e-30	107	66.0	92.2
tr|A0A7J6HES8|A0A7J6HES8_CANSA	Q7N9P2	33.5	185	288	207	2.99e-30	107	63.5	87.9
tr|A0A7J6HES8|A0A7J6HES8_CANSA	Q9PNB8	31.4	191	288	207	2.99e-30	107	66.0	91.3
tr|A0A7J6HES8|A0A7J6HES8_CANSA	Q6G053	34.1	185	288	221	3.00e-30	108	64.2	82.4
tr|A0A7J6HES8|A0A7J6HES8_CANSA	Q2L090	33.7	181	288	210	3.22e-30	107	62.8	84.8
tr|A0A7J6HES8|A0A7J6HES8_CANSA	Q11HG8	32.6	190	288	218	3.91e-30	107	66.0	86.2
tr|A0A7J6HES8|A0A7J6HES8_CANSA	Q72ID5	36.6	183	288	220	4.10e-30	107	63.5	81.4
tr|A0A7J6HES8|A0A7J6HES8_CANSA	Q5SI18	36.6	183	288	223	4.40e-30	107	63.5	80.3
tr|A0A7J6HES8|A0A7J6HES8_CANSA	Q2GD44	35.6	194	288	206	5.72e-30	107	67.4	92.2
tr|A0A7J6HES8|A0A7J6HES8_CANSA	Q83GE3	34.1	176	288	193	5.79e-30	106	60.8	90.7
tr|A0A7J6HES8|A0A7J6HES8_CANSA	Q83HT8	34.1	176	288	193	5.79e-30	106	60.8	90.7
tr|A0A7J6HES8|A0A7J6HES8_CANSA	Q0I868	36.6	161	288	190	7.51e-30	106	55.9	84.2
tr|A0A7J6HES8|A0A7J6HES8_CANSA	Q3AQL3	34.7	167	288	190	7.51e-30	106	58.0	87.9
tr|A0A7J6HES8|A0A7J6HES8_CANSA	Q1LTY3	30.6	196	288	204	7.62e-30	106	66.7	94.6
tr|A0A7J6HES8|A0A7J6HES8_CANSA	Q6F1S1	35.7	185	288	297	7.78e-30	108	63.5	60.9
tr|A0A7J6HES8|A0A7J6HES8_CANSA	Q0VT94	32.8	183	288	207	1.15e-29	106	63.5	87.0
tr|A0A7J6HES8|A0A7J6HES8_CANSA	Q30XT1	33.5	164	288	206	1.57e-29	105	56.9	79.1
tr|A0A7J6HES8|A0A7J6HES8_CANSA	Q0I5L8	33.9	189	288	208	1.65e-29	105	64.6	89.4
tr|A0A7J6HES8|A0A7J6HES8_CANSA	P47353	32.2	183	288	240	1.77e-29	106	63.2	75.4
tr|A0A7J6HES8|A0A7J6HES8_CANSA	Q48Q15	33.3	171	288	214	1.90e-29	105	56.6	79.4
tr|A0A7J6HES8|A0A7J6HES8_CANSA	Q2S6J5	36.0	178	288	188	1.96e-29	105	61.5	93.1
tr|A0A7J6HES8|A0A7J6HES8_CANSA	Q9KX62	35.1	185	288	195	2.34e-29	105	63.5	91.3
tr|A0A7J6HES8|A0A7J6HES8_CANSA	Q8G813	37.1	186	288	196	2.40e-29	105	63.2	93.9
tr|A0A7J6HES8|A0A7J6HES8_CANSA	Q5N570	34.1	179	288	183	2.42e-29	104	62.2	96.2
tr|A0A7J6HES8|A0A7J6HES8_CANSA	Q88BE2	33.9	171	288	214	2.66e-29	105	56.6	79.4
tr|A0A7J6HES8|A0A7J6HES8_CANSA	Q8KPQ7	34.1	179	288	183	3.38e-29	104	62.2	96.2
tr|A0A7J6HES8|A0A7J6HES8_CANSA	Q28PK5	31.4	191	288	218	4.09e-29	105	66.0	86.7
tr|A0A7J6HES8|A0A7J6HES8_CANSA	Q984S9	34.0	191	288	218	4.09e-29	105	66.0	86.2
tr|A0A7J6HES8|A0A7J6HES8_CANSA	Q65RR5	35.5	186	288	208	4.51e-29	104	63.5	88.0
tr|A0A7J6HES8|A0A7J6HES8_CANSA	Q166A7	31.4	191	288	211	4.84e-29	104	66.0	89.6
tr|A0A7J6HES8|A0A7J6HES8_CANSA	Q4ZZY8	33.3	171	288	214	5.20e-29	104	56.6	79.4
tr|A0A7J6HES8|A0A7J6HES8_CANSA	Q15Z10	35.3	170	288	215	5.33e-29	104	56.6	78.6
tr|A0A7J6HES8|A0A7J6HES8_CANSA	Q7VKP3	33.2	187	288	206	6.00e-29	104	64.2	89.3
tr|A0A7J6HES8|A0A7J6HES8_CANSA	Q3A523	34.6	185	288	210	6.61e-29	104	64.2	86.7
tr|A0A7J6HES8|A0A7J6HES8_CANSA	Q11XI0	35.2	165	288	192	1.17e-28	103	56.6	85.9
tr|A0A7J6HES8|A0A7J6HES8_CANSA	Q8XXF9	35.9	167	288	221	1.67e-28	103	58.0	74.7
tr|A0A7J6HES8|A0A7J6HES8_CANSA	Q7UP92	32.5	194	288	209	2.47e-28	102	66.0	91.9
tr|A0A7J6HES8|A0A7J6HES8_CANSA	Q2LQ62	33.2	184	288	207	3.29e-28	102	63.9	87.0
tr|A0A7J6HES8|A0A7J6HES8_CANSA	Q46YE8	33.0	185	288	216	4.06e-28	102	64.2	83.8
tr|A0A7J6HES8|A0A7J6HES8_CANSA	Q72DM9	34.1	164	288	207	4.59e-28	102	56.9	78.7
tr|A0A7J6HES8|A0A7J6HES8_CANSA	Q6MDG3	31.2	189	288	197	5.05e-28	101	65.6	93.9
tr|A0A7J6HES8|A0A7J6HES8_CANSA	Q0A5V3	30.2	189	288	203	5.84e-28	101	65.6	91.6
tr|A0A7J6HES8|A0A7J6HES8_CANSA	Q7U570	32.4	179	288	182	6.81e-28	100	62.2	96.7
tr|A0A7J6HES8|A0A7J6HES8_CANSA	Q2IL45	33.0	185	288	226	7.13e-28	102	63.9	81.0
tr|A0A7J6HES8|A0A7J6HES8_CANSA	P31006	34.4	189	288	198	7.23e-28	101	64.2	93.9
tr|A0A7J6HES8|A0A7J6HES8_CANSA	Q6MU25	33.3	183	288	297	7.88e-28	103	63.2	60.6
tr|A0A7J6HES8|A0A7J6HES8_CANSA	Q8EVJ9	32.0	181	288	196	9.63e-28	100	62.2	91.3
tr|A0A7J6HES8|A0A7J6HES8_CANSA	P46195	35.1	188	288	198	1.01e-27	100	63.9	93.4
tr|A0A7J6HES8|A0A7J6HES8_CANSA	Q7VXZ3	32.5	169	288	215	1.08e-27	101	58.7	78.1
tr|A0A7J6HES8|A0A7J6HES8_CANSA	Q7W6B2	32.5	169	288	215	1.08e-27	101	58.7	78.1
tr|A0A7J6HES8|A0A7J6HES8_CANSA	Q7WI80	32.5	169	288	215	1.08e-27	101	58.7	78.1
tr|A0A7J6HES8|A0A7J6HES8_CANSA	Q64520	34.6	188	288	198	1.41e-27	100	63.9	93.4
tr|A0A7J6HES8|A0A7J6HES8_CANSA	Q3ALX6	32.4	179	288	185	1.44e-27	100	62.2	95.1
tr|A0A7J6HES8|A0A7J6HES8_CANSA	Q2SSR8	33.1	181	288	297	1.52e-27	102	62.5	58.9
tr|A0A7J6HES8|A0A7J6HES8_CANSA	Q6A8H6	37.2	164	288	199	3.95e-27	99.4	56.6	81.9
tr|A0A7J6HES8|A0A7J6HES8_CANSA	Q6AF82	36.0	164	288	254	9.48e-27	99.8	56.6	64.2
tr|A0A7J6HES8|A0A7J6HES8_CANSA	Q9P6I5	36.5	181	288	202	1.61e-26	97.8	61.5	88.1
tr|A0A7J6HES8|A0A7J6HES8_CANSA	Q9PQS9	32.1	165	288	191	1.73e-26	97.4	56.6	86.4
tr|A0A7J6HES8|A0A7J6HES8_CANSA	Q3JBT3	33.7	163	288	203	2.30e-26	97.4	56.6	79.8
tr|A0A7J6HES8|A0A7J6HES8_CANSA	P75526	31.7	183	288	239	2.62e-26	98.2	63.2	75.7
tr|A0A7J6HES8|A0A7J6HES8_CANSA	Q1D3A6	32.6	190	288	209	2.65e-26	97.4	65.6	89.5
tr|A0A7J6HES8|A0A7J6HES8_CANSA	Q54XF2	34.1	182	288	202	4.38e-26	96.7	61.8	88.6
tr|A0A7J6HES8|A0A7J6HES8_CANSA	Q9Z961	32.4	185	288	205	4.70e-26	96.7	63.9	88.3
tr|A0A7J6HES8|A0A7J6HES8_CANSA	Q16774	32.5	194	288	197	5.44e-26	96.3	66.0	97.0
tr|A0A7J6HES8|A0A7J6HES8_CANSA	Q3JPS9	33.5	185	288	227	2.88e-25	95.1	64.2	79.7
tr|A0A7J6HES8|A0A7J6HES8_CANSA	Q62I00	33.5	185	288	227	2.88e-25	95.1	64.2	79.7
tr|A0A7J6HES8|A0A7J6HES8_CANSA	Q63RV7	33.5	185	288	227	2.88e-25	95.1	64.2	79.7
tr|A0A7J6HES8|A0A7J6HES8_CANSA	Q1MRL0	32.7	162	288	212	2.90e-25	94.7	56.3	75.9
tr|A0A7J6HES8|A0A7J6HES8_CANSA	Q13V49	30.7	189	288	225	3.84e-25	94.7	65.6	82.2
tr|A0A7J6HES8|A0A7J6HES8_CANSA	Q255A8	31.4	185	288	204	6.56e-25	93.6	63.9	88.7
tr|A0A7J6HES8|A0A7J6HES8_CANSA	Q6KH87	29.6	169	288	201	8.54e-25	93.2	56.6	84.1
tr|A0A7J6HES8|A0A7J6HES8_CANSA	Q98PN5	34.5	168	288	196	1.48e-24	92.4	56.6	85.7
tr|A0A7J6HES8|A0A7J6HES8_CANSA	Q2SY72	32.4	185	288	227	7.80e-24	91.3	64.2	79.7
tr|A0A7J6HES8|A0A7J6HES8_CANSA	Q822M8	30.2	189	288	204	4.83e-23	88.6	65.3	90.7
tr|A0A7J6HES8|A0A7J6HES8_CANSA	Q4A8L2	31.2	189	288	197	5.77e-23	88.2	63.2	94.4
tr|A0A7J6HES8|A0A7J6HES8_CANSA	Q4AAI1	31.2	189	288	197	5.77e-23	88.2	63.2	94.4
tr|A0A7J6HES8|A0A7J6HES8_CANSA	Q601H3	31.2	189	288	197	5.77e-23	88.2	63.2	94.4
tr|A0A7J6HES8|A0A7J6HES8_CANSA	Q8D2E8	25.0	184	288	207	7.17e-23	88.2	63.2	87.4
tr|A0A7J6HES8|A0A7J6HES8_CANSA	Q2QPW1	33.7	187	288	382	1.83e-22	90.1	62.8	48.7
tr|A0A7J6HES8|A0A7J6HES8_CANSA	Q5L5M1	29.7	185	288	204	3.48e-22	86.3	63.9	88.7
tr|A0A7J6HES8|A0A7J6HES8_CANSA	P60549	29.4	163	288	185	3.17e-20	80.5	56.6	87.6
tr|A0A7J6HES8|A0A7J6HES8_CANSA	P93757	35.5	152	288	387	5.09e-20	83.2	52.4	39.0
tr|A0A7J6HES8|A0A7J6HES8_CANSA	Q9M682	31.9	182	288	389	6.01e-19	80.1	61.8	46.0
