tr|A0A7J6HTQ2|A0A7J6HTQ2_CANSA	E9KBR8	28.6	206	489	527	5.53e-19	77.4	39.7	38.3
tr|A0A7J6HVD9|A0A7J6HVD9_CANSA	E9KBR8	29.1	206	489	527	5.53e-19	77.4	39.7	38.3
tr|A0A7J6DPP6|A0A7J6DPP6_CANSA	E9KBR8	30.9	450	505	527	1.79e-63	204	86.7	84.1
tr|A0A7J6DPP6|A0A7J6DPP6_CANSA	Q0JFI2	31.0	448	505	516	2.03e-62	201	86.7	84.3
tr|A0A7J6DPP6|A0A7J6DPP6_CANSA	Q9XGT9	31.0	468	505	511	9.76e-61	197	90.1	88.8
tr|A0A7J6E6A2|A0A7J6E6A2_CANSA	E9KBR8	30.9	470	498	527	2.89e-64	206	84.3	87.3
tr|A0A7J6E6A2|A0A7J6E6A2_CANSA	Q9XGT9	28.6	483	498	511	3.17e-59	192	88.4	92.0
tr|A0A7J6E6A2|A0A7J6E6A2_CANSA	Q0JFI2	28.0	464	498	516	4.71e-53	176	85.3	87.6
tr|A0A7J6EGH2|A0A7J6EGH2_CANSA	E9KBR8	26.9	487	516	527	2.12e-42	147	89.3	88.6
tr|A0A7J6EGH2|A0A7J6EGH2_CANSA	Q0JFI2	26.8	488	516	516	1.18e-36	130	90.7	90.5
tr|A0A7J6EGH2|A0A7J6EGH2_CANSA	Q9XGT9	27.0	463	516	511	1.53e-36	130	86.2	87.3
tr|A0A7J6ENQ6|A0A7J6ENQ6_CANSA	Q0JFI2	24.6	191	476	516	2.45e-15	65.9	38.2	36.2
tr|A0A7J6EY24|A0A7J6EY24_CANSA	E9KBR8	27.1	479	516	527	7.45e-42	145	87.8	86.9
tr|A0A7J6EY24|A0A7J6EY24_CANSA	Q9XGT9	27.2	463	516	511	6.07e-37	131	86.2	87.3
tr|A0A7J6EY24|A0A7J6EY24_CANSA	Q0JFI2	26.8	488	516	516	2.97e-36	129	90.7	90.5
tr|A0A7J6FYY4|A0A7J6FYY4_CANSA	Q9XGT9	23.4	479	872	511	7.21e-20	81.6	49.8	92.2
tr|A0A7J6FYY4|A0A7J6FYY4_CANSA	Q0JFI2	26.6	188	872	516	6.75e-15	65.9	20.6	35.5
tr|A0A7J6GQY6|A0A7J6GQY6_CANSA	Q9XGT9	24.3	457	463	511	8.43e-23	89.0	87.7	86.9
tr|A0A7J6GQY6|A0A7J6GQY6_CANSA	Q0JFI2	29.2	185	463	516	3.58e-20	80.9	38.0	35.1
tr|A0A7J6GQY6|A0A7J6GQY6_CANSA	E9KBR8	28.0	193	463	527	3.61e-19	77.8	40.0	35.9
tr|A0A7J6GZA3|A0A7J6GZA3_CANSA	Q9XGT9	24.1	419	519	511	9.04e-25	95.5	74.6	80.6
tr|A0A7J6GZA3|A0A7J6GZA3_CANSA	E9KBR8	24.9	370	519	527	3.04e-23	90.9	65.1	69.1
tr|A0A7J6GZA3|A0A7J6GZA3_CANSA	Q0JFI2	28.2	227	519	516	1.17e-20	82.8	41.2	43.0
tr|A0A7J6H320|A0A7J6H320_CANSA	E9KBR8	30.9	450	538	527	3.80e-63	204	81.4	84.1
tr|A0A7J6H320|A0A7J6H320_CANSA	Q0JFI2	31.0	448	538	516	4.26e-62	201	81.4	84.3
tr|A0A7J6H320|A0A7J6H320_CANSA	Q9XGT9	31.0	468	538	511	2.01e-60	197	84.6	88.8
tr|A0A7J6HQZ0|A0A7J6HQZ0_CANSA	Q9XGT9	23.4	479	872	511	7.21e-20	81.6	49.8	92.2
tr|A0A7J6HQZ0|A0A7J6HQZ0_CANSA	Q0JFI2	26.6	188	872	516	6.75e-15	65.9	20.6	35.5
tr|A0A7J6DJB5|A0A7J6DJB5_CANSA	E9KBR8	35.0	531	570	527	2.06e-92	283	90.4	98.3
tr|A0A7J6DJB5|A0A7J6DJB5_CANSA	Q9XGT9	35.3	507	570	511	4.02e-91	279	87.5	95.1
tr|A0A7J6DJB5|A0A7J6DJB5_CANSA	Q0JFI2	35.3	470	570	516	1.29e-85	265	81.8	87.2
tr|A0A7J6DJK2|A0A7J6DJK2_CANSA	Q9XGT9	34.4	480	938	511	9.47e-89	281	49.9	91.4
tr|A0A7J6DJK2|A0A7J6DJK2_CANSA	E9KBR8	34.1	490	938	527	3.90e-88	280	49.8	91.1
tr|A0A7J6DJK2|A0A7J6DJK2_CANSA	Q0JFI2	33.8	474	938	516	1.36e-81	262	49.6	89.3
tr|A0A7J6DJN5|A0A7J6DJN5_CANSA	Q9XGT9	35.2	457	520	511	9.93e-96	289	86.3	87.9
tr|A0A7J6DJN5|A0A7J6DJN5_CANSA	E9KBR8	35.6	481	520	527	2.16e-91	278	89.4	90.1
tr|A0A7J6DJN5|A0A7J6DJN5_CANSA	Q0JFI2	33.6	485	520	516	8.13e-78	243	90.8	90.1
tr|A0A7J6DKP9|A0A7J6DKP9_CANSA	Q9XGT9	37.3	523	1224	511	7.69e-101	319	41.1	97.5
tr|A0A7J6DKP9|A0A7J6DKP9_CANSA	E9KBR8	35.0	531	1224	527	1.86e-95	305	40.8	97.5
tr|A0A7J6DKP9|A0A7J6DKP9_CANSA	Q0JFI2	35.5	470	1224	516	1.35e-82	268	37.9	89.0
tr|A0A7J6DKR5|A0A7J6DKR5_CANSA	Q9XGT9	33.6	488	683	511	2.21e-86	270	67.3	91.6
tr|A0A7J6DKR5|A0A7J6DKR5_CANSA	E9KBR8	30.0	493	683	527	3.50e-73	235	67.5	90.9
tr|A0A7J6DKR5|A0A7J6DKR5_CANSA	Q0JFI2	30.2	490	683	516	1.98e-70	227	67.6	90.5
tr|A0A7J6DKT8|A0A7J6DKT8_CANSA	Q9XGT9	37.4	492	527	511	4.71e-106	316	91.7	91.8
tr|A0A7J6DKT8|A0A7J6DKT8_CANSA	E9KBR8	34.1	495	527	527	7.97e-98	295	91.5	91.5
tr|A0A7J6DKT8|A0A7J6DKT8_CANSA	Q0JFI2	34.9	482	527	516	1.48e-86	266	90.7	89.3
tr|A0A7J6DKW4|A0A7J6DKW4_CANSA	Q9XGT9	34.2	468	456	511	1.54e-88	268	96.1	89.6
tr|A0A7J6DKW4|A0A7J6DKW4_CANSA	E9KBR8	35.1	478	456	527	6.49e-88	267	96.3	89.8
tr|A0A7J6DKW4|A0A7J6DKW4_CANSA	Q0JFI2	34.3	458	456	516	4.86e-84	257	94.7	87.0
tr|A0A7J6DKY9|A0A7J6DKY9_CANSA	Q9XGT9	32.3	493	663	511	2.59e-87	271	71.2	92.4
tr|A0A7J6DKY9|A0A7J6DKY9_CANSA	E9KBR8	32.0	522	663	527	2.33e-84	264	73.9	96.6
tr|A0A7J6DKY9|A0A7J6DKY9_CANSA	Q0JFI2	33.1	477	663	516	2.46e-84	264	70.1	89.5
tr|A0A7J6DKZ1|A0A7J6DKZ1_CANSA	E9KBR8	33.6	268	239	527	3.33e-43	142	92.5	50.7
tr|A0A7J6DKZ1|A0A7J6DKZ1_CANSA	Q9XGT9	30.1	256	239	511	2.70e-41	136	92.1	49.5
tr|A0A7J6DKZ1|A0A7J6DKZ1_CANSA	Q0JFI2	32.5	252	239	516	1.89e-38	129	90.0	48.1
tr|A0A7J6DL16|A0A7J6DL16_CANSA	E9KBR8	35.4	517	2355	527	4.17e-88	287	20.9	96.8
tr|A0A7J6DL16|A0A7J6DL16_CANSA	Q9XGT9	33.6	485	2355	511	2.28e-87	284	20.0	92.4
tr|A0A7J6DL16|A0A7J6DL16_CANSA	Q0JFI2	34.0	473	2355	516	3.38e-83	272	19.6	89.1
tr|A0A7J6DL64|A0A7J6DL64_CANSA	E9KBR8	27.8	474	1035	527	2.46e-55	189	44.1	84.3
tr|A0A7J6DL64|A0A7J6DL64_CANSA	Q9XGT9	29.4	480	1035	511	3.84e-51	177	44.2	86.1
tr|A0A7J6DL64|A0A7J6DL64_CANSA	Q0JFI2	27.8	475	1035	516	1.85e-47	166	44.7	85.3
tr|A0A7J6DLF1|A0A7J6DLF1_CANSA	Q9XGT9	34.2	503	1016	511	2.28e-94	298	48.3	96.5
tr|A0A7J6DLF1|A0A7J6DLF1_CANSA	Q0JFI2	36.0	469	1016	516	9.27e-90	286	45.4	89.1
tr|A0A7J6DLF1|A0A7J6DLF1_CANSA	E9KBR8	33.9	481	1016	527	3.96e-84	271	45.3	90.3
tr|A0A7J6DLW6|A0A7J6DLW6_CANSA	E9KBR8	28.4	215	533	527	1.25e-19	79.7	39.6	38.1
tr|A0A7J6DLW7|A0A7J6DLW7_CANSA	E9KBR8	28.4	215	329	527	1.01e-20	80.9	64.1	38.1
tr|A0A7J6DM77|A0A7J6DM77_CANSA	Q9XGT9	30.5	262	429	511	1.27e-26	100	55.0	47.6
tr|A0A7J6DM77|A0A7J6DM77_CANSA	E9KBR8	28.8	260	429	527	1.07e-25	97.4	55.5	47.1
tr|A0A7J6DM77|A0A7J6DM77_CANSA	Q0JFI2	27.4	190	429	516	1.59e-20	81.6	42.0	36.0
tr|A0A7J6DMF1|A0A7J6DMF1_CANSA	Q9XGT9	35.5	186	483	511	7.09e-25	95.5	36.4	36.2
tr|A0A7J6DNC4|A0A7J6DNC4_CANSA	Q9XGT9	35.6	483	973	511	5.93e-97	304	48.4	93.0
tr|A0A7J6DNC4|A0A7J6DNC4_CANSA	Q0JFI2	34.8	483	973	516	1.88e-93	295	48.2	91.1
tr|A0A7J6DNC4|A0A7J6DNC4_CANSA	E9KBR8	33.5	477	973	527	1.32e-92	293	47.6	89.0
tr|A0A7J6DNT6|A0A7J6DNT6_CANSA	Q9XGT9	30.4	543	549	511	1.93e-72	229	93.1	92.0
tr|A0A7J6DNT6|A0A7J6DNT6_CANSA	E9KBR8	30.3	554	549	527	4.05e-71	226	93.6	93.9
tr|A0A7J6DNT6|A0A7J6DNT6_CANSA	Q0JFI2	29.4	514	549	516	5.34e-63	204	90.3	89.3
tr|A0A7J6DP79|A0A7J6DP79_CANSA	Q9XGT9	27.4	234	513	511	1.16e-22	89.0	42.7	44.2
tr|A0A7J6DP79|A0A7J6DP79_CANSA	E9KBR8	29.9	221	513	527	1.23e-22	89.0	41.1	40.6
tr|A0A7J6DP79|A0A7J6DP79_CANSA	Q0JFI2	28.4	211	513	516	4.94e-22	87.0	38.6	39.3
tr|A0A7J6DPX3|A0A7J6DPX3_CANSA	Q0JFI2	23.7	493	496	516	3.25e-26	99.8	91.9	90.5
tr|A0A7J6DPX3|A0A7J6DPX3_CANSA	E9KBR8	22.1	456	496	527	2.52e-20	81.6	83.9	82.5
tr|A0A7J6DRT0|A0A7J6DRT0_CANSA	E9KBR8	27.8	474	1044	527	2.52e-55	189	43.7	84.3
tr|A0A7J6DRT0|A0A7J6DRT0_CANSA	Q9XGT9	28.8	483	1044	511	9.64e-51	176	44.8	89.4
tr|A0A7J6DRT0|A0A7J6DRT0_CANSA	Q0JFI2	27.8	475	1044	516	1.88e-47	166	44.3	85.3
tr|A0A7J6DT92|A0A7J6DT92_CANSA	Q9XGT9	42.7	192	288	511	2.27e-49	160	66.7	36.8
tr|A0A7J6DT92|A0A7J6DT92_CANSA	Q0JFI2	41.5	193	288	516	4.83e-47	154	64.6	35.1
tr|A0A7J6DT92|A0A7J6DT92_CANSA	E9KBR8	39.5	200	288	527	1.46e-43	144	65.6	36.4
tr|A0A7J6DTJ2|A0A7J6DTJ2_CANSA	E9KBR8	28.4	109	483	527	1.31e-09	47.8	21.3	18.2
tr|A0A7J6DTJ2|A0A7J6DTJ2_CANSA	Q9XGT9	25.3	150	483	511	6.84e-09	45.4	29.4	26.8
tr|A0A7J6DX77|A0A7J6DX77_CANSA	E9KBR8	35.0	529	533	527	4.04e-92	281	95.9	97.9
tr|A0A7J6DX77|A0A7J6DX77_CANSA	Q9XGT9	35.2	505	533	511	2.04e-91	278	93.2	95.1
tr|A0A7J6DX77|A0A7J6DX77_CANSA	Q0JFI2	34.9	484	533	516	2.95e-88	270	90.1	90.3
tr|A0A7J6DXH7|A0A7J6DXH7_CANSA	Q9XGT9	30.0	500	525	511	7.92e-60	195	92.8	92.0
tr|A0A7J6DXH7|A0A7J6DXH7_CANSA	E9KBR8	28.7	494	525	527	5.61e-58	190	91.8	89.4
tr|A0A7J6DXH7|A0A7J6DXH7_CANSA	Q0JFI2	27.8	497	525	516	2.98e-46	158	92.8	90.1
tr|A0A7J6DXR5|A0A7J6DXR5_CANSA	Q0JFI2	25.6	195	494	516	2.19e-17	72.4	39.5	35.3
tr|A0A7J6DYD3|A0A7J6DYD3_CANSA	Q9XGT9	31.6	449	541	511	5.03e-68	217	80.6	85.3
tr|A0A7J6DYD3|A0A7J6DYD3_CANSA	E9KBR8	29.7	455	541	527	2.83e-65	210	80.6	83.7
tr|A0A7J6DYD3|A0A7J6DYD3_CANSA	Q0JFI2	31.5	470	541	516	2.28e-64	207	83.9	87.4
tr|A0A7J6E0C0|A0A7J6E0C0_CANSA	E9KBR8	28.9	187	419	527	2.68e-20	80.9	43.9	33.8
tr|A0A7J6E216|A0A7J6E216_CANSA	Q9XGT9	38.8	134	146	511	4.79e-26	90.9	83.6	23.9
tr|A0A7J6E216|A0A7J6E216_CANSA	E9KBR8	38.1	126	146	527	2.50e-23	83.2	76.7	22.6
tr|A0A7J6E216|A0A7J6E216_CANSA	Q0JFI2	36.8	125	146	516	3.37e-23	82.8	78.8	22.3
tr|A0A7J6E2D1|A0A7J6E2D1_CANSA	Q0JFI2	23.2	499	496	516	1.82e-26	100	91.9	90.5
tr|A0A7J6E2D1|A0A7J6E2D1_CANSA	E9KBR8	22.1	456	496	527	4.46e-20	80.9	83.9	82.5
tr|A0A7J6E589|A0A7J6E589_CANSA	Q9XGT9	34.1	487	535	511	3.67e-84	259	89.9	89.2
tr|A0A7J6E589|A0A7J6E589_CANSA	E9KBR8	32.8	500	535	527	4.07e-78	244	91.6	89.6
tr|A0A7J6E589|A0A7J6E589_CANSA	Q0JFI2	32.5	495	535	516	8.24e-72	227	91.6	90.7
tr|A0A7J6E5Y9|A0A7J6E5Y9_CANSA	Q9XGT9	23.2	461	566	511	2.66e-22	88.2	78.6	83.8
tr|A0A7J6E5Y9|A0A7J6E5Y9_CANSA	E9KBR8	25.9	243	566	527	2.72e-21	85.1	41.7	43.6
tr|A0A7J6E5Y9|A0A7J6E5Y9_CANSA	Q0JFI2	25.3	379	566	516	4.63e-21	84.3	64.7	69.4
tr|A0A7J6E661|A0A7J6E661_CANSA	Q9XGT9	24.9	229	480	511	1.47e-16	69.7	45.0	44.2
tr|A0A7J6E661|A0A7J6E661_CANSA	Q0JFI2	27.2	206	480	516	1.49e-16	69.7	40.6	39.1
tr|A0A7J6E661|A0A7J6E661_CANSA	E9KBR8	26.6	263	480	527	2.01e-16	69.3	51.3	49.0
tr|A0A7J6EDD0|A0A7J6EDD0_CANSA	Q0JFI2	26.5	238	725	516	1.12e-17	74.3	30.5	44.4
tr|A0A7J6EEH0|A0A7J6EEH0_CANSA	E9KBR8	27.9	509	536	527	3.66e-58	191	86.2	92.2
tr|A0A7J6EEH0|A0A7J6EEH0_CANSA	Q9XGT9	29.9	461	536	511	6.33e-52	174	80.0	86.1
tr|A0A7J6EEH0|A0A7J6EEH0_CANSA	Q0JFI2	27.5	494	536	516	4.80e-51	171	86.2	90.9
tr|A0A7J6EFL3|A0A7J6EFL3_CANSA	Q0JFI2	39.3	56	91	516	1.09e-06	33.5	57.1	10.9
tr|A0A7J6EGM0|A0A7J6EGM0_CANSA	E9KBR8	26.1	138	482	527	1.30e-09	47.8	27.4	23.7
tr|A0A7J6EGM0|A0A7J6EGM0_CANSA	Q9XGT9	26.0	150	482	511	1.19e-08	44.7	29.5	26.8
tr|A0A7J6EGZ9|A0A7J6EGZ9_CANSA	E9KBR8	32.2	488	534	527	3.34e-86	265	89.1	89.9
tr|A0A7J6EGZ9|A0A7J6EGZ9_CANSA	Q9XGT9	34.1	469	534	511	1.39e-83	258	86.3	88.3
tr|A0A7J6EGZ9|A0A7J6EGZ9_CANSA	Q0JFI2	33.1	489	534	516	2.29e-77	242	90.1	90.7
tr|A0A7J6EHI0|A0A7J6EHI0_CANSA	Q9XGT9	28.2	461	503	511	2.43e-52	174	88.9	87.1
tr|A0A7J6EHI0|A0A7J6EHI0_CANSA	E9KBR8	26.3	453	503	527	7.11e-48	162	87.7	84.3
tr|A0A7J6EHI0|A0A7J6EHI0_CANSA	Q0JFI2	27.1	494	503	516	3.36e-44	152	94.6	91.1
tr|A0A7J6EJL7|A0A7J6EJL7_CANSA	Q9XGT9	26.7	416	416	511	1.98e-26	99.4	94.7	78.1
tr|A0A7J6EJL7|A0A7J6EJL7_CANSA	E9KBR8	24.7	373	416	527	1.42e-22	87.8	83.9	67.7
tr|A0A7J6EKY1|A0A7J6EKY1_CANSA	Q9XGT9	27.7	220	534	511	4.93e-19	77.8	38.8	39.9
tr|A0A7J6EKY1|A0A7J6EKY1_CANSA	Q0JFI2	27.4	223	534	516	7.57e-16	67.8	41.0	41.7
tr|A0A7J6EMR8|A0A7J6EMR8_CANSA	Q9XGT9	33.6	512	1222	511	9.25e-78	254	39.8	95.5
tr|A0A7J6EMR8|A0A7J6EMR8_CANSA	E9KBR8	33.3	499	1222	527	1.08e-75	249	38.1	89.9
tr|A0A7J6EMR8|A0A7J6EMR8_CANSA	Q0JFI2	31.7	476	1222	516	1.91e-68	228	37.2	88.0
tr|A0A7J6ENT9|A0A7J6ENT9_CANSA	Q9XGT9	37.3	292	443	511	1.27e-56	184	56.0	55.8
tr|A0A7J6ENT9|A0A7J6ENT9_CANSA	E9KBR8	37.9	301	443	527	3.30e-56	183	56.4	56.2
tr|A0A7J6ENT9|A0A7J6ENT9_CANSA	Q0JFI2	35.3	295	443	516	1.01e-52	174	56.2	56.4
tr|A0A7J6EPE1|A0A7J6EPE1_CANSA	Q0JFI2	28.1	203	498	516	8.26e-15	64.3	37.8	37.2
tr|A0A7J6EPK2|A0A7J6EPK2_CANSA	E9KBR8	33.8	503	1667	527	7.70e-78	256	28.8	91.8
tr|A0A7J6EPK2|A0A7J6EPK2_CANSA	Q9XGT9	32.7	477	1667	511	7.63e-75	247	25.4	90.0
tr|A0A7J6EPK2|A0A7J6EPK2_CANSA	Q0JFI2	31.3	486	1667	516	1.30e-66	223	28.1	89.9
tr|A0A7J6ES92|A0A7J6ES92_CANSA	Q9XGT9	33.8	503	522	511	3.81e-92	280	94.4	94.9
tr|A0A7J6ES92|A0A7J6ES92_CANSA	E9KBR8	32.0	513	522	527	6.64e-86	264	94.4	94.7
tr|A0A7J6ES92|A0A7J6ES92_CANSA	Q0JFI2	31.8	494	522	516	1.20e-77	242	92.1	90.3
tr|A0A7J6EU74|A0A7J6EU74_CANSA	Q9XGT9	50.5	469	1434	511	2.51e-151	458	31.6	90.0
tr|A0A7J6EU74|A0A7J6EU74_CANSA	E9KBR8	43.0	519	1434	527	1.47e-139	427	33.8	96.6
tr|A0A7J6EU74|A0A7J6EU74_CANSA	Q0JFI2	43.9	474	1434	516	1.45e-126	392	31.9	89.3
tr|A0A7J6EU79|A0A7J6EU79_CANSA	Q9XGT9	48.0	485	1099	511	8.18e-158	468	43.9	93.5
tr|A0A7J6EU79|A0A7J6EU79_CANSA	E9KBR8	44.2	525	1099	527	2.69e-153	456	46.1	98.7
tr|A0A7J6EU79|A0A7J6EU79_CANSA	Q0JFI2	44.2	480	1099	516	9.06e-135	407	43.6	91.5
tr|A0A7J6EUD9|A0A7J6EUD9_CANSA	Q9XGT9	46.8	500	512	511	5.49e-164	464	97.3	97.1
tr|A0A7J6EUD9|A0A7J6EUD9_CANSA	E9KBR8	42.7	524	512	527	3.94e-160	455	99.0	98.7
tr|A0A7J6EUD9|A0A7J6EUD9_CANSA	Q0JFI2	45.9	479	512	516	1.34e-144	415	93.0	91.5
tr|A0A7J6EWZ9|A0A7J6EWZ9_CANSA	E9KBR8	27.3	319	543	527	1.48e-26	101	56.0	58.4
tr|A0A7J6EWZ9|A0A7J6EWZ9_CANSA	Q9XGT9	26.7	318	543	511	3.25e-26	100	56.0	59.5
tr|A0A7J6EXI0|A0A7J6EXI0_CANSA	Q9XGT9	28.2	220	528	511	4.81e-19	77.8	39.2	39.9
tr|A0A7J6EXI0|A0A7J6EXI0_CANSA	Q0JFI2	27.8	223	528	516	5.59e-16	68.2	41.5	41.7
tr|A0A7J6EYT8|A0A7J6EYT8_CANSA	Q9XGT9	37.6	482	523	511	1.17e-105	315	91.4	90.8
tr|A0A7J6EYT8|A0A7J6EYT8_CANSA	Q0JFI2	34.9	484	523	516	8.07e-97	292	92.4	90.3
tr|A0A7J6EYT8|A0A7J6EYT8_CANSA	E9KBR8	35.2	517	523	527	1.54e-96	292	96.0	95.4
tr|A0A7J6EZ08|A0A7J6EZ08_CANSA	Q9XGT9	23.5	438	522	511	6.92e-24	92.8	80.7	83.4
tr|A0A7J6F1P8|A0A7J6F1P8_CANSA	Q9XGT9	35.9	516	515	511	1.74e-102	306	98.3	97.5
tr|A0A7J6F1P8|A0A7J6F1P8_CANSA	E9KBR8	33.9	499	515	527	8.69e-93	282	93.2	93.0
tr|A0A7J6F1P8|A0A7J6F1P8_CANSA	Q0JFI2	35.5	468	515	516	7.67e-91	276	89.1	87.8
tr|A0A7J6F1Q7|A0A7J6F1Q7_CANSA	Q9XGT9	34.6	500	500	511	7.06e-97	291	96.0	96.5
tr|A0A7J6F1Q7|A0A7J6F1Q7_CANSA	Q0JFI2	35.9	460	500	516	3.23e-88	269	89.0	87.2
tr|A0A7J6F1Q7|A0A7J6F1Q7_CANSA	E9KBR8	33.7	483	500	527	6.05e-88	269	91.4	90.7
tr|A0A7J6F1T9|A0A7J6F1T9_CANSA	Q9XGT9	31.7	429	461	511	8.83e-63	201	88.5	81.6
tr|A0A7J6F1T9|A0A7J6F1T9_CANSA	E9KBR8	29.4	432	461	527	9.66e-54	177	86.3	80.3
tr|A0A7J6F1T9|A0A7J6F1T9_CANSA	Q0JFI2	29.5	410	461	516	1.52e-52	174	85.0	77.5
tr|A0A7J6F3C8|A0A7J6F3C8_CANSA	E9KBR8	25.9	501	533	527	1.86e-32	119	86.3	91.5
tr|A0A7J6F3C8|A0A7J6F3C8_CANSA	Q0JFI2	22.4	460	533	516	4.19e-23	90.5	79.7	85.1
tr|A0A7J6F426|A0A7J6F426_CANSA	Q9XGT9	34.4	479	593	511	1.01e-99	302	78.1	92.4
tr|A0A7J6F426|A0A7J6F426_CANSA	E9KBR8	31.6	500	593	527	7.06e-88	271	79.3	93.5
tr|A0A7J6F426|A0A7J6F426_CANSA	Q0JFI2	33.3	462	593	516	1.56e-86	268	75.4	87.8
tr|A0A7J6F8W6|A0A7J6F8W6_CANSA	Q9XGT9	24.0	458	550	511	1.39e-27	104	79.1	84.1
tr|A0A7J6F8W6|A0A7J6F8W6_CANSA	E9KBR8	28.2	202	550	527	1.14e-23	92.4	36.2	38.1
tr|A0A7J6F8W6|A0A7J6F8W6_CANSA	Q0JFI2	28.7	202	550	516	3.42e-23	90.9	35.8	38.8
tr|A0A7J6F915|A0A7J6F915_CANSA	Q0JFI2	29.5	234	521	516	8.64e-20	80.1	43.8	42.4
tr|A0A7J6F915|A0A7J6F915_CANSA	Q9XGT9	21.4	416	521	511	1.84e-17	72.8	77.0	78.1
tr|A0A7J6FA04|A0A7J6FA04_CANSA	Q0JFI2	33.5	481	531	516	9.03e-81	251	89.8	90.9
tr|A0A7J6FA04|A0A7J6FA04_CANSA	Q9XGT9	33.5	486	531	511	4.32e-80	249	89.6	91.6
tr|A0A7J6FA04|A0A7J6FA04_CANSA	E9KBR8	30.2	533	531	527	1.80e-72	229	96.4	98.1
tr|A0A7J6FAH0|A0A7J6FAH0_CANSA	E9KBR8	36.2	475	665	527	5.77e-93	287	65.7	88.0
tr|A0A7J6FAH0|A0A7J6FAH0_CANSA	Q9XGT9	33.9	478	665	511	1.73e-89	277	66.8	90.6
tr|A0A7J6FAH0|A0A7J6FAH0_CANSA	Q0JFI2	32.2	456	665	516	1.77e-76	243	64.7	87.2
tr|A0A7J6FBA3|A0A7J6FBA3_CANSA	Q9XGT9	26.8	463	517	511	6.44e-54	179	87.8	88.6
tr|A0A7J6FBA3|A0A7J6FBA3_CANSA	E9KBR8	26.3	467	517	527	1.09e-45	156	87.6	86.5
tr|A0A7J6FBA3|A0A7J6FBA3_CANSA	Q0JFI2	25.0	448	517	516	2.06e-40	141	84.9	84.3
tr|A0A7J6FBW4|A0A7J6FBW4_CANSA	Q9XGT9	36.9	490	501	511	1.28e-117	345	96.4	94.9
tr|A0A7J6FBW4|A0A7J6FBW4_CANSA	E9KBR8	36.1	498	501	527	1.11e-110	328	96.0	94.1
tr|A0A7J6FBW4|A0A7J6FBW4_CANSA	Q0JFI2	34.6	471	501	516	9.74e-99	296	92.6	89.7
tr|A0A7J6FC80|A0A7J6FC80_CANSA	E9KBR8	22.5	512	963	527	7.68e-18	75.5	50.6	93.5
tr|A0A7J6FC80|A0A7J6FC80_CANSA	Q0JFI2	21.0	452	963	516	6.46e-13	59.7	43.1	84.3
tr|A0A7J6FD38|A0A7J6FD38_CANSA	Q9XGT9	25.5	470	521	511	2.15e-22	88.2	84.6	84.7
tr|A0A7J6FD38|A0A7J6FD38_CANSA	E9KBR8	23.6	466	521	527	1.26e-21	85.9	84.8	83.3
tr|A0A7J6FD38|A0A7J6FD38_CANSA	Q0JFI2	24.4	426	521	516	1.10e-18	76.6	77.0	76.6
tr|A0A7J6FHZ0|A0A7J6FHZ0_CANSA	E9KBR8	34.9	496	540	527	1.48e-90	277	89.6	91.8
tr|A0A7J6FHZ0|A0A7J6FHZ0_CANSA	Q9XGT9	34.9	476	540	511	1.59e-88	271	87.2	89.4
tr|A0A7J6FHZ0|A0A7J6FHZ0_CANSA	Q0JFI2	33.4	491	540	516	3.18e-85	263	89.6	90.5
tr|A0A7J6FI59|A0A7J6FI59_CANSA	Q9XGT9	33.5	486	531	511	4.32e-80	249	89.6	91.6
tr|A0A7J6FI59|A0A7J6FI59_CANSA	Q0JFI2	32.8	481	531	516	7.73e-78	243	89.8	90.9
tr|A0A7J6FI59|A0A7J6FI59_CANSA	E9KBR8	29.3	539	531	527	9.63e-72	227	97.6	99.2
tr|A0A7J6FI91|A0A7J6FI91_CANSA	E9KBR8	35.8	461	478	527	3.99e-97	292	92.7	87.1
tr|A0A7J6FI91|A0A7J6FI91_CANSA	Q9XGT9	36.6	443	478	511	2.96e-88	268	89.5	85.7
tr|A0A7J6FI91|A0A7J6FI91_CANSA	Q0JFI2	33.4	458	478	516	5.86e-81	249	92.7	86.6
tr|A0A7J6FIW9|A0A7J6FIW9_CANSA	Q9XGT9	36.2	486	755	511	1.46e-99	306	64.2	91.0
tr|A0A7J6FIW9|A0A7J6FIW9_CANSA	E9KBR8	34.8	494	755	527	1.61e-84	267	63.2	89.4
tr|A0A7J6FIW9|A0A7J6FIW9_CANSA	Q0JFI2	33.2	491	755	516	3.38e-83	263	64.4	89.7
tr|A0A7J6FJ67|A0A7J6FJ67_CANSA	Q9XGT9	47.5	301	311	511	3.80e-90	267	95.5	57.5
tr|A0A7J6FJ67|A0A7J6FJ67_CANSA	E9KBR8	40.2	306	311	527	5.97e-75	228	96.8	58.1
tr|A0A7J6FJ67|A0A7J6FJ67_CANSA	Q0JFI2	43.3	289	311	516	2.89e-68	211	91.0	52.7
tr|A0A7J6FL78|A0A7J6FL78_CANSA	Q9XGT9	35.2	457	1454	511	1.22e-89	290	30.9	87.9
tr|A0A7J6FL78|A0A7J6FL78_CANSA	E9KBR8	35.6	481	1454	527	1.10e-85	279	32.0	90.1
tr|A0A7J6FL78|A0A7J6FL78_CANSA	Q0JFI2	34.0	474	1454	516	2.13e-79	260	32.0	89.3
tr|A0A7J6FLD2|A0A7J6FLD2_CANSA	Q9XGT9	36.5	490	501	511	7.19e-117	343	96.4	94.9
tr|A0A7J6FLD2|A0A7J6FLD2_CANSA	E9KBR8	36.1	498	501	527	8.98e-113	333	96.0	94.1
tr|A0A7J6FLD2|A0A7J6FLD2_CANSA	Q0JFI2	35.0	471	501	516	8.03e-101	302	92.6	89.7
tr|A0A7J6FLD6|A0A7J6FLD6_CANSA	Q9XGT9	36.2	469	1855	511	4.49e-101	323	24.5	91.4
tr|A0A7J6FLD6|A0A7J6FLD6_CANSA	E9KBR8	35.5	459	1855	527	6.08e-96	309	23.9	86.7
tr|A0A7J6FLD6|A0A7J6FLD6_CANSA	Q0JFI2	35.7	457	1855	516	3.70e-91	295	24.1	87.2
tr|A0A7J6FLK8|A0A7J6FLK8_CANSA	Q9XGT9	36.5	509	1979	511	5.80e-98	315	25.3	95.1
tr|A0A7J6FLK8|A0A7J6FLK8_CANSA	E9KBR8	34.3	495	1979	527	1.62e-91	296	24.4	91.5
tr|A0A7J6FLK8|A0A7J6FLK8_CANSA	Q0JFI2	35.6	469	1979	516	3.12e-82	269	23.4	88.8
tr|A0A7J6FLX8|A0A7J6FLX8_CANSA	E9KBR8	46.4	207	198	527	8.97e-67	202	99.0	38.0
tr|A0A7J6FLX8|A0A7J6FLX8_CANSA	Q9XGT9	49.7	199	198	511	1.27e-66	202	99.5	38.0
tr|A0A7J6FLX8|A0A7J6FLX8_CANSA	Q0JFI2	46.0	187	198	516	6.41e-59	182	93.4	35.1
tr|A0A7J6FQN3|A0A7J6FQN3_CANSA	Q9XGT9	29.8	312	859	511	3.72e-25	98.2	31.9	56.9
tr|A0A7J6FQN3|A0A7J6FQN3_CANSA	E9KBR8	27.5	306	859	527	1.55e-22	90.1	31.8	55.8
tr|A0A7J6FQN3|A0A7J6FQN3_CANSA	Q0JFI2	29.0	169	859	516	1.10e-17	74.7	18.5	32.0
tr|A0A7J6FR25|A0A7J6FR25_CANSA	Q9XGT9	23.6	420	562	511	2.03e-24	94.7	71.0	79.6
tr|A0A7J6FR25|A0A7J6FR25_CANSA	E9KBR8	22.4	371	562	527	1.21e-23	92.4	63.5	69.6
tr|A0A7J6FR25|A0A7J6FR25_CANSA	Q0JFI2	32.7	147	562	516	3.31e-20	81.6	24.9	28.5
tr|A0A7J6FRC0|A0A7J6FRC0_CANSA	E9KBR8	21.0	463	1092	527	1.47e-16	71.6	40.2	79.7
tr|A0A7J6FRC0|A0A7J6FRC0_CANSA	Q9XGT9	21.2	513	1092	511	4.28e-16	70.1	45.1	93.2
tr|A0A7J6FRC0|A0A7J6FRC0_CANSA	Q0JFI2	23.2	203	1092	516	3.32e-13	60.8	17.6	38.4
tr|A0A7J6FRI0|A0A7J6FRI0_CANSA	E9KBR8	22.6	371	502	527	2.43e-18	75.5	70.5	66.6
tr|A0A7J6FRI0|A0A7J6FRI0_CANSA	Q0JFI2	26.5	260	502	516	4.00e-17	71.6	50.2	48.6
tr|A0A7J6FRI0|A0A7J6FRI0_CANSA	Q9XGT9	22.0	368	502	511	1.62e-16	69.7	71.9	69.3
tr|A0A7J6FRL7|A0A7J6FRL7_CANSA	E9KBR8	21.7	442	903	527	4.10e-23	92.0	47.0	79.9
tr|A0A7J6FRL7|A0A7J6FRL7_CANSA	Q0JFI2	28.1	217	903	516	6.20e-21	85.1	23.1	39.9
tr|A0A7J6FRL7|A0A7J6FRL7_CANSA	Q9XGT9	24.6	191	903	511	8.84e-18	75.1	20.7	35.2
tr|A0A7J6FVT2|A0A7J6FVT2_CANSA	Q9XGT9	30.6	493	517	511	9.26e-60	194	92.6	92.0
tr|A0A7J6FVT2|A0A7J6FVT2_CANSA	E9KBR8	28.1	494	517	527	4.70e-57	187	91.9	89.6
tr|A0A7J6FVT2|A0A7J6FVT2_CANSA	Q0JFI2	27.8	490	517	516	2.78e-47	160	92.8	90.1
tr|A0A7J6FWV7|A0A7J6FWV7_CANSA	Q0JFI2	25.8	357	520	516	6.93e-23	89.7	64.8	64.7
tr|A0A7J6FWV7|A0A7J6FWV7_CANSA	Q9XGT9	27.2	184	520	511	1.13e-19	79.7	35.0	33.7
tr|A0A7J6FX23|A0A7J6FX23_CANSA	Q0JFI2	25.8	357	520	516	6.93e-23	89.7	64.8	64.7
tr|A0A7J6FX23|A0A7J6FX23_CANSA	Q9XGT9	27.2	184	520	511	1.13e-19	79.7	35.0	33.7
tr|A0A7J6G2A9|A0A7J6G2A9_CANSA	Q0JFI2	27.8	212	474	516	3.51e-17	71.6	42.4	39.7
tr|A0A7J6G2H7|A0A7J6G2H7_CANSA	E9KBR8	36.5	85	142	527	2.26e-12	51.6	56.3	16.1
tr|A0A7J6G2L0|A0A7J6G2L0_CANSA	E9KBR8	28.9	187	419	527	2.68e-20	80.9	43.9	33.8
tr|A0A7J6G3H7|A0A7J6G3H7_CANSA	Q9XGT9	31.7	479	978	511	5.10e-74	242	45.6	91.0
tr|A0A7J6G3H7|A0A7J6G3H7_CANSA	E9KBR8	29.8	506	978	527	9.63e-73	239	47.8	93.4
tr|A0A7J6G3H7|A0A7J6G3H7_CANSA	Q0JFI2	30.9	470	978	516	1.24e-64	216	44.7	87.8
tr|A0A7J6G3K7|A0A7J6G3K7_CANSA	Q9XGT9	36.4	506	1270	511	1.94e-96	307	39.0	96.1
tr|A0A7J6G3K7|A0A7J6G3K7_CANSA	E9KBR8	34.5	499	1270	527	7.40e-87	281	37.7	93.0
tr|A0A7J6G3K7|A0A7J6G3K7_CANSA	Q0JFI2	35.1	467	1270	516	6.20e-85	275	36.1	87.8
tr|A0A7J6G3L6|A0A7J6G3L6_CANSA	Q9XGT9	34.2	500	500	511	2.16e-95	288	96.0	96.5
tr|A0A7J6G3L6|A0A7J6G3L6_CANSA	E9KBR8	33.7	483	500	527	1.20e-87	268	91.4	90.7
tr|A0A7J6G3L6|A0A7J6G3L6_CANSA	Q0JFI2	35.7	460	500	516	3.50e-87	266	89.0	87.2
tr|A0A7J6G439|A0A7J6G439_CANSA	E9KBR8	33.4	503	981	527	2.00e-78	254	48.9	91.8
tr|A0A7J6G439|A0A7J6G439_CANSA	Q9XGT9	33.1	477	981	511	4.59e-77	250	43.2	90.0
tr|A0A7J6G439|A0A7J6G439_CANSA	Q0JFI2	30.0	467	981	516	2.95e-66	220	42.6	87.4
tr|A0A7J6G445|A0A7J6G445_CANSA	Q9XGT9	35.2	475	527	511	1.20e-87	268	88.4	90.6
tr|A0A7J6G445|A0A7J6G445_CANSA	E9KBR8	32.2	478	527	527	3.31e-78	244	86.7	89.2
tr|A0A7J6G445|A0A7J6G445_CANSA	Q0JFI2	32.6	475	527	516	2.37e-73	231	88.6	89.7
tr|A0A7J6G485|A0A7J6G485_CANSA	Q9XGT9	35.4	475	514	511	2.77e-89	272	89.9	90.6
tr|A0A7J6G485|A0A7J6G485_CANSA	E9KBR8	32.7	474	514	527	4.62e-78	243	87.4	88.4
tr|A0A7J6G485|A0A7J6G485_CANSA	Q0JFI2	32.5	464	514	516	1.09e-75	237	87.9	87.6
tr|A0A7J6G4I2|A0A7J6G4I2_CANSA	E9KBR8	42.9	210	216	527	3.53e-54	170	92.6	39.5
tr|A0A7J6G4I2|A0A7J6G4I2_CANSA	Q9XGT9	39.7	204	216	511	3.96e-53	167	92.1	39.1
tr|A0A7J6G4I2|A0A7J6G4I2_CANSA	Q0JFI2	38.5	200	216	516	4.91e-49	156	90.7	38.0
tr|A0A7J6G4Q1|A0A7J6G4Q1_CANSA	E9KBR8	27.8	180	519	527	1.43e-17	73.2	34.7	33.0
tr|A0A7J6G4Q1|A0A7J6G4Q1_CANSA	Q9XGT9	23.3	451	519	511	4.25e-17	71.6	84.0	84.7
tr|A0A7J6G4Q3|A0A7J6G4Q3_CANSA	Q9XGT9	22.9	415	542	511	3.23e-23	90.9	69.9	79.6
tr|A0A7J6G4Q3|A0A7J6G4Q3_CANSA	E9KBR8	22.9	371	542	527	3.36e-22	87.8	62.2	69.6
tr|A0A7J6G4Q3|A0A7J6G4Q3_CANSA	Q0JFI2	32.7	147	542	516	2.30e-20	82.0	25.8	28.5
tr|A0A7J6G6P3|A0A7J6G6P3_CANSA	Q9XGT9	35.9	499	507	511	3.75e-95	287	96.1	94.9
tr|A0A7J6G6P3|A0A7J6G6P3_CANSA	E9KBR8	34.3	513	507	527	1.15e-90	276	97.0	95.1
tr|A0A7J6G6P3|A0A7J6G6P3_CANSA	Q0JFI2	32.8	488	507	516	1.22e-81	252	93.7	91.3
tr|A0A7J6G726|A0A7J6G726_CANSA	E9KBR8	36.9	496	529	527	2.30e-101	305	90.0	91.8
tr|A0A7J6G726|A0A7J6G726_CANSA	Q9XGT9	36.5	490	529	511	2.74e-98	296	91.3	93.3
tr|A0A7J6G726|A0A7J6G726_CANSA	Q0JFI2	36.5	482	529	516	3.48e-93	283	89.0	89.5
tr|A0A7J6G759|A0A7J6G759_CANSA	Q9XGT9	35.0	508	509	511	9.23e-97	291	97.2	96.5
tr|A0A7J6G759|A0A7J6G759_CANSA	E9KBR8	33.9	475	509	527	3.05e-87	267	89.6	88.8
tr|A0A7J6G759|A0A7J6G759_CANSA	Q0JFI2	33.8	468	509	516	1.81e-81	252	89.8	87.6
tr|A0A7J6G797|A0A7J6G797_CANSA	Q9XGT9	34.4	491	485	511	1.42e-87	267	94.2	93.7
tr|A0A7J6G797|A0A7J6G797_CANSA	E9KBR8	33.1	505	485	527	7.15e-80	247	94.6	94.9
tr|A0A7J6G797|A0A7J6G797_CANSA	Q0JFI2	30.0	487	485	516	8.91e-72	226	93.4	91.1
tr|A0A7J6G945|A0A7J6G945_CANSA	E9KBR8	23.1	437	488	527	1.79e-26	100	85.9	78.9
tr|A0A7J6G945|A0A7J6G945_CANSA	Q9XGT9	23.0	461	488	511	3.08e-20	81.3	91.0	84.1
tr|A0A7J6G945|A0A7J6G945_CANSA	Q0JFI2	29.2	185	488	516	1.11e-15	67.0	36.5	34.3
tr|A0A7J6GC86|A0A7J6GC86_CANSA	E9KBR8	34.3	487	515	527	6.55e-100	300	90.7	91.8
tr|A0A7J6GC86|A0A7J6GC86_CANSA	Q9XGT9	33.8	491	515	511	1.00e-97	294	93.8	95.1
tr|A0A7J6GC86|A0A7J6GC86_CANSA	Q0JFI2	32.1	473	515	516	3.56e-92	280	90.7	90.5
tr|A0A7J6GD60|A0A7J6GD60_CANSA	Q9XGT9	38.7	155	275	511	1.75e-32	113	54.9	29.9
tr|A0A7J6GD60|A0A7J6GD60_CANSA	E9KBR8	39.1	151	275	527	1.93e-32	113	54.2	28.3
tr|A0A7J6GD60|A0A7J6GD60_CANSA	Q0JFI2	33.7	187	275	516	3.96e-28	101	66.5	35.7
tr|A0A7J6GED1|A0A7J6GED1_CANSA	Q9XGT9	32.7	493	566	511	3.27e-68	218	86.0	88.3
tr|A0A7J6GED1|A0A7J6GED1_CANSA	E9KBR8	29.7	481	566	527	9.09e-68	218	82.9	83.7
tr|A0A7J6GED1|A0A7J6GED1_CANSA	Q0JFI2	30.8	513	566	516	1.06e-59	196	88.9	90.3
tr|A0A7J6GEE4|A0A7J6GEE4_CANSA	E9KBR8	32.8	461	516	527	1.98e-76	239	86.0	83.3
tr|A0A7J6GEE4|A0A7J6GEE4_CANSA	Q9XGT9	32.0	472	516	511	3.12e-73	230	88.2	87.1
tr|A0A7J6GEE4|A0A7J6GEE4_CANSA	Q0JFI2	31.8	488	516	516	2.63e-72	228	91.9	89.1
tr|A0A7J6GF44|A0A7J6GF44_CANSA	E9KBR8	29.2	535	817	527	2.03e-62	208	63.4	98.5
tr|A0A7J6GF44|A0A7J6GF44_CANSA	Q0JFI2	31.9	486	817	516	9.97e-61	203	58.1	90.7
tr|A0A7J6GF44|A0A7J6GF44_CANSA	Q9XGT9	31.0	455	817	511	4.00e-59	198	54.3	86.1
tr|A0A7J6GHP1|A0A7J6GHP1_CANSA	Q9XGT9	27.7	481	491	511	1.78e-30	112	90.4	92.8
tr|A0A7J6GHP1|A0A7J6GHP1_CANSA	Q0JFI2	22.5	448	491	516	1.79e-20	82.0	84.5	85.7
tr|A0A7J6GHV4|A0A7J6GHV4_CANSA	Q9XGT9	23.1	433	513	511	1.17e-23	92.0	78.6	81.4
tr|A0A7J6GHV4|A0A7J6GHV4_CANSA	E9KBR8	30.3	221	513	527	2.93e-23	90.9	41.1	40.6
tr|A0A7J6GHV4|A0A7J6GHV4_CANSA	Q0JFI2	28.4	211	513	516	2.79e-22	87.8	38.6	39.3
tr|A0A7J6GIN0|A0A7J6GIN0_CANSA	E9KBR8	21.6	510	945	527	4.28e-18	76.3	49.6	93.5
tr|A0A7J6GIN0|A0A7J6GIN0_CANSA	Q0JFI2	21.0	452	945	516	4.78e-13	60.1	43.9	84.3
tr|A0A7J6GK00|A0A7J6GK00_CANSA	Q9XGT9	34.6	511	514	511	8.88e-99	297	96.5	96.5
tr|A0A7J6GK00|A0A7J6GK00_CANSA	Q0JFI2	35.5	484	514	516	1.04e-94	286	92.4	90.1
tr|A0A7J6GK00|A0A7J6GK00_CANSA	E9KBR8	33.5	490	514	527	3.04e-93	283	92.2	91.7
tr|A0A7J6GKP1|A0A7J6GKP1_CANSA	Q9XGT9	33.5	487	524	511	7.98e-92	279	91.4	93.0
tr|A0A7J6GKP1|A0A7J6GKP1_CANSA	E9KBR8	31.8	484	524	527	3.40e-91	278	90.8	90.1
tr|A0A7J6GKP1|A0A7J6GKP1_CANSA	Q0JFI2	30.1	475	524	516	8.50e-79	245	90.3	90.3
tr|A0A7J6GLC5|A0A7J6GLC5_CANSA	E9KBR8	34.7	496	545	527	3.35e-90	276	88.8	91.8
tr|A0A7J6GLC5|A0A7J6GLC5_CANSA	Q9XGT9	34.7	476	545	511	3.60e-88	270	86.4	89.4
tr|A0A7J6GLC5|A0A7J6GLC5_CANSA	Q0JFI2	33.2	491	545	516	7.15e-85	262	88.8	90.5
tr|A0A7J6GNC1|A0A7J6GNC1_CANSA	E9KBR8	30.0	210	510	527	1.61e-22	88.6	38.4	37.8
tr|A0A7J6GNC1|A0A7J6GNC1_CANSA	Q9XGT9	22.7	441	510	511	6.36e-22	86.7	80.4	83.0
tr|A0A7J6GNC1|A0A7J6GNC1_CANSA	Q0JFI2	28.4	211	510	516	1.78e-17	72.8	39.4	39.7
tr|A0A7J6GP59|A0A7J6GP59_CANSA	Q9XGT9	32.7	508	520	511	3.91e-91	277	96.5	95.7
tr|A0A7J6GP59|A0A7J6GP59_CANSA	E9KBR8	30.9	517	520	527	1.15e-86	266	97.1	97.0
tr|A0A7J6GP59|A0A7J6GP59_CANSA	Q0JFI2	33.9	490	520	516	1.16e-82	255	93.3	90.9
tr|A0A7J6GQU1|A0A7J6GQU1_CANSA	Q0JFI2	24.4	217	498	516	1.16e-15	67.0	43.0	40.5
tr|A0A7J6GR30|A0A7J6GR30_CANSA	Q9XGT9	35.6	505	504	511	1.25e-102	306	97.6	96.7
tr|A0A7J6GR30|A0A7J6GR30_CANSA	E9KBR8	34.1	502	504	527	5.17e-99	298	95.6	93.7
tr|A0A7J6GR30|A0A7J6GR30_CANSA	Q0JFI2	30.5	465	504	516	5.06e-73	229	88.5	88.0
tr|A0A7J6GU40|A0A7J6GU40_CANSA	Q9XGT9	33.5	487	524	511	1.45e-92	281	91.4	93.0
tr|A0A7J6GU40|A0A7J6GU40_CANSA	E9KBR8	32.0	484	524	527	2.23e-92	281	90.8	90.1
tr|A0A7J6GU40|A0A7J6GU40_CANSA	Q0JFI2	30.1	475	524	516	1.67e-78	244	90.3	90.3
tr|A0A7J6GUW0|A0A7J6GUW0_CANSA	Q9XGT9	29.6	196	562	511	5.74e-20	80.9	34.0	35.6
tr|A0A7J6GUW0|A0A7J6GUW0_CANSA	Q0JFI2	31.1	206	562	516	9.82e-19	77.0	35.2	37.6
tr|A0A7J6GVN4|A0A7J6GVN4_CANSA	Q9XGT9	24.1	435	505	511	4.65e-22	87.0	76.0	80.0
tr|A0A7J6GVN4|A0A7J6GVN4_CANSA	E9KBR8	24.4	250	505	527	2.13e-15	66.2	42.8	45.9
tr|A0A7J6GX28|A0A7J6GX28_CANSA	E9KBR8	33.9	487	514	527	1.38e-98	297	90.9	91.8
tr|A0A7J6GX28|A0A7J6GX28_CANSA	Q9XGT9	33.3	505	514	511	3.83e-97	293	96.7	97.8
tr|A0A7J6GX28|A0A7J6GX28_CANSA	Q0JFI2	32.3	473	514	516	3.46e-92	280	90.9	90.5
tr|A0A7J6GXE3|A0A7J6GXE3_CANSA	Q9XGT9	23.2	461	566	511	3.53e-22	87.8	78.6	83.8
tr|A0A7J6GXE3|A0A7J6GXE3_CANSA	E9KBR8	25.9	243	566	527	2.72e-21	85.1	41.7	43.6
tr|A0A7J6GXE3|A0A7J6GXE3_CANSA	Q0JFI2	24.1	449	566	516	3.49e-21	84.7	76.5	82.0
tr|A0A7J6GY93|A0A7J6GY93_CANSA	Q9XGT9	25.3	471	507	511	5.98e-27	102	86.0	89.8
tr|A0A7J6GY93|A0A7J6GY93_CANSA	E9KBR8	22.6	491	507	527	8.03e-19	77.0	86.6	89.0
tr|A0A7J6GY93|A0A7J6GY93_CANSA	Q0JFI2	23.7	451	507	516	1.38e-18	76.3	82.6	85.5
tr|A0A7J6GZD9|A0A7J6GZD9_CANSA	Q9XGT9	28.2	461	503	511	2.43e-52	174	88.9	87.1
tr|A0A7J6GZD9|A0A7J6GZD9_CANSA	E9KBR8	26.3	453	503	527	7.11e-48	162	87.7	84.3
tr|A0A7J6GZD9|A0A7J6GZD9_CANSA	Q0JFI2	27.1	490	503	516	6.85e-45	154	94.6	91.1
tr|A0A7J6H0Q6|A0A7J6H0Q6_CANSA	E9KBR8	30.2	189	488	527	1.41e-23	91.7	38.3	34.9
tr|A0A7J6H2I5|A0A7J6H2I5_CANSA	Q9XGT9	28.3	494	1040	511	4.15e-58	197	46.8	90.6
tr|A0A7J6H2I5|A0A7J6H2I5_CANSA	E9KBR8	28.9	481	1040	527	1.06e-57	196	44.8	86.0
tr|A0A7J6H2I5|A0A7J6H2I5_CANSA	Q0JFI2	27.7	501	1040	516	6.76e-55	188	47.2	90.9
tr|A0A7J6H3L3|A0A7J6H3L3_CANSA	Q9XGT9	53.0	506	541	511	5.86e-184	516	93.2	92.2
tr|A0A7J6H3L3|A0A7J6H3L3_CANSA	E9KBR8	49.7	543	541	527	4.83e-174	491	98.2	98.5
tr|A0A7J6H3L3|A0A7J6H3L3_CANSA	Q0JFI2	40.7	511	541	516	2.17e-128	374	93.9	91.5
tr|A0A7J6H4J5|A0A7J6H4J5_CANSA	Q9XGT9	32.5	480	500	511	1.16e-98	296	94.2	91.4
tr|A0A7J6H4J5|A0A7J6H4J5_CANSA	E9KBR8	33.1	490	500	527	2.54e-98	296	94.2	91.3
tr|A0A7J6H4J5|A0A7J6H4J5_CANSA	Q0JFI2	32.2	475	500	516	7.57e-94	284	93.8	89.5
tr|A0A7J6H5A8|A0A7J6H5A8_CANSA	Q9XGT9	24.9	229	480	511	1.47e-16	69.7	45.0	44.2
tr|A0A7J6H5A8|A0A7J6H5A8_CANSA	Q0JFI2	27.2	206	480	516	1.49e-16	69.7	40.6	39.1
tr|A0A7J6H5A8|A0A7J6H5A8_CANSA	E9KBR8	26.6	263	480	527	2.01e-16	69.3	51.3	49.0
tr|A0A7J6H658|A0A7J6H658_CANSA	E9KBR8	29.6	497	1500	527	3.11e-62	211	32.2	89.9
tr|A0A7J6H658|A0A7J6H658_CANSA	Q9XGT9	31.6	459	1500	511	6.05e-61	206	30.3	86.1
tr|A0A7J6H658|A0A7J6H658_CANSA	Q0JFI2	31.6	497	1500	516	6.24e-59	201	32.3	90.7
tr|A0A7J6H7E2|A0A7J6H7E2_CANSA	Q9XGT9	30.5	518	482	511	4.68e-74	231	97.5	97.3
tr|A0A7J6H7E2|A0A7J6H7E2_CANSA	E9KBR8	31.6	493	482	527	5.13e-73	229	92.1	91.7
tr|A0A7J6H7E2|A0A7J6H7E2_CANSA	Q0JFI2	31.0	481	482	516	5.89e-64	205	91.3	89.5
tr|A0A7J6H7F1|A0A7J6H7F1_CANSA	E9KBR8	35.5	493	2449	527	1.52e-89	291	19.3	92.8
tr|A0A7J6H7F1|A0A7J6H7F1_CANSA	Q9XGT9	33.5	501	2449	511	1.76e-87	285	19.9	95.3
tr|A0A7J6H7F1|A0A7J6H7F1_CANSA	Q0JFI2	33.8	471	2449	516	1.29e-77	256	18.1	89.5
tr|A0A7J6H7F2|A0A7J6H7F2_CANSA	Q0JFI2	34.1	466	3299	516	5.78e-82	269	13.8	87.8
tr|A0A7J6H7F2|A0A7J6H7F2_CANSA	E9KBR8	35.1	490	3299	527	1.94e-81	268	13.3	91.3
tr|A0A7J6H7F2|A0A7J6H7F2_CANSA	Q9XGT9	35.1	476	3299	511	1.45e-80	265	14.0	90.6
tr|A0A7J6H7F3|A0A7J6H7F3_CANSA	Q9XGT9	35.0	483	1066	511	5.67e-89	284	44.2	92.8
tr|A0A7J6H7F3|A0A7J6H7F3_CANSA	E9KBR8	35.1	530	1066	527	6.10e-88	282	47.4	97.7
tr|A0A7J6H7F3|A0A7J6H7F3_CANSA	Q0JFI2	32.2	484	1066	516	8.64e-77	251	44.1	91.1
tr|A0A7J6H7I5|A0A7J6H7I5_CANSA	E9KBR8	32.2	488	1049	527	3.02e-71	235	44.9	89.4
tr|A0A7J6H7I5|A0A7J6H7I5_CANSA	Q9XGT9	33.3	424	1049	511	6.52e-70	231	39.2	82.0
tr|A0A7J6H7I5|A0A7J6H7I5_CANSA	Q0JFI2	31.4	433	1049	516	1.49e-67	224	40.5	82.8
tr|A0A7J6H7Z4|A0A7J6H7Z4_CANSA	E9KBR8	24.9	466	543	527	4.59e-23	90.5	79.6	86.9
tr|A0A7J6H7Z4|A0A7J6H7Z4_CANSA	Q9XGT9	23.2	466	543	511	1.71e-20	82.4	78.5	87.5
tr|A0A7J6H8D5|A0A7J6H8D5_CANSA	E9KBR8	26.1	138	482	527	1.30e-09	47.8	27.4	23.7
tr|A0A7J6H8D5|A0A7J6H8D5_CANSA	Q9XGT9	26.0	150	482	511	1.19e-08	44.7	29.5	26.8
tr|A0A7J6H8H8|A0A7J6H8H8_CANSA	Q9XGT9	34.6	482	1387	511	4.45e-92	296	33.9	92.4
tr|A0A7J6H8H8|A0A7J6H8H8_CANSA	Q0JFI2	36.0	469	1387	516	2.41e-88	286	33.2	89.1
tr|A0A7J6H8H8|A0A7J6H8H8_CANSA	E9KBR8	32.8	460	1387	527	2.72e-72	240	30.5	86.9
tr|A0A7J6H9E4|A0A7J6H9E4_CANSA	Q9XGT9	35.2	469	475	511	2.85e-95	286	96.2	89.6
tr|A0A7J6H9E4|A0A7J6H9E4_CANSA	E9KBR8	35.9	479	475	527	1.89e-93	282	96.4	89.8
tr|A0A7J6H9E4|A0A7J6H9E4_CANSA	Q0JFI2	36.1	460	475	516	4.71e-91	276	94.9	87.0
tr|A0A7J6H9R5|A0A7J6H9R5_CANSA	E9KBR8	33.2	485	510	527	6.33e-91	277	91.0	91.3
tr|A0A7J6H9R5|A0A7J6H9R5_CANSA	Q9XGT9	32.5	480	510	511	3.77e-88	269	91.8	91.4
tr|A0A7J6H9R5|A0A7J6H9R5_CANSA	Q0JFI2	32.5	465	510	516	1.07e-84	260	90.0	89.0
tr|A0A7J6H9T2|A0A7J6H9T2_CANSA	Q9XGT9	33.8	476	1067	511	8.44e-91	289	43.7	91.4
tr|A0A7J6H9T2|A0A7J6H9T2_CANSA	E9KBR8	35.5	484	1067	527	1.75e-89	286	43.1	90.3
tr|A0A7J6H9T2|A0A7J6H9T2_CANSA	Q0JFI2	33.5	478	1067	516	1.82e-82	266	43.5	89.5
tr|A0A7J6HB21|A0A7J6HB21_CANSA	Q9XGT9	52.7	510	545	511	6.76e-184	516	93.2	92.2
tr|A0A7J6HB21|A0A7J6HB21_CANSA	E9KBR8	49.2	547	545	527	3.93e-174	492	98.2	98.5
tr|A0A7J6HB21|A0A7J6HB21_CANSA	Q0JFI2	40.2	515	545	516	1.56e-126	370	93.9	91.5
tr|A0A7J6HCV5|A0A7J6HCV5_CANSA	Q9XGT9	30.2	497	1169	511	9.76e-53	182	36.9	89.6
tr|A0A7J6HCV5|A0A7J6HCV5_CANSA	E9KBR8	27.1	532	1169	527	4.80e-51	177	39.9	96.2
tr|A0A7J6HCV5|A0A7J6HCV5_CANSA	Q0JFI2	26.5	491	1169	516	1.20e-39	143	37.7	90.1
tr|A0A7J6HD95|A0A7J6HD95_CANSA	E9KBR8	26.4	424	1459	527	5.08e-25	99.0	27.3	75.9
tr|A0A7J6HD95|A0A7J6HD95_CANSA	Q9XGT9	23.9	423	1459	511	3.07e-22	90.1	27.0	76.5
tr|A0A7J6HD95|A0A7J6HD95_CANSA	Q0JFI2	30.3	195	1459	516	1.60e-20	84.7	13.2	35.7
tr|A0A7J6HDN3|A0A7J6HDN3_CANSA	Q0JFI2	36.9	122	160	516	4.09e-26	91.7	76.3	23.6
tr|A0A7J6HDN3|A0A7J6HDN3_CANSA	E9KBR8	30.4	161	160	527	6.88e-25	88.2	98.8	30.6
tr|A0A7J6HDN3|A0A7J6HDN3_CANSA	Q9XGT9	37.6	117	160	511	2.34e-24	86.7	73.1	22.7
tr|A0A7J6HDS5|A0A7J6HDS5_CANSA	E9KBR8	28.4	109	483	527	1.31e-09	47.8	21.3	18.2
tr|A0A7J6HDS5|A0A7J6HDS5_CANSA	Q9XGT9	25.3	150	483	511	6.84e-09	45.4	29.4	26.8
tr|A0A7J6HF91|A0A7J6HF91_CANSA	Q9XGT9	23.5	421	474	511	1.21e-23	91.7	76.4	82.2
tr|A0A7J6HH71|A0A7J6HH71_CANSA	Q9XGT9	33.1	472	511	511	1.20e-81	252	87.5	89.6
tr|A0A7J6HH71|A0A7J6HH71_CANSA	E9KBR8	32.5	501	511	527	7.41e-80	248	92.8	92.8
tr|A0A7J6HH71|A0A7J6HH71_CANSA	Q0JFI2	30.7	488	511	516	6.35e-72	227	92.4	91.1
tr|A0A7J6HIJ4|A0A7J6HIJ4_CANSA	E9KBR8	27.8	180	518	527	4.38e-17	71.6	34.7	33.0
tr|A0A7J6HIJ4|A0A7J6HIJ4_CANSA	Q9XGT9	23.1	451	518	511	9.85e-17	70.5	84.2	84.7
tr|A0A7J6HJM5|A0A7J6HJM5_CANSA	Q9XGT9	32.8	464	511	511	1.93e-79	246	86.5	88.3
tr|A0A7J6HJM5|A0A7J6HJM5_CANSA	E9KBR8	32.1	498	511	527	2.04e-79	247	92.4	92.0
tr|A0A7J6HJM5|A0A7J6HJM5_CANSA	Q0JFI2	31.3	486	511	516	1.98e-75	236	92.8	91.1
tr|A0A7J6HLD2|A0A7J6HLD2_CANSA	Q9XGT9	30.9	515	482	511	2.53e-73	229	96.9	96.7
tr|A0A7J6HLD2|A0A7J6HLD2_CANSA	E9KBR8	31.6	493	482	527	2.76e-72	227	92.1	91.7
tr|A0A7J6HLD2|A0A7J6HLD2_CANSA	Q0JFI2	31.2	481	482	516	4.34e-63	202	91.3	89.5
tr|A0A7J6HLD3|A0A7J6HLD3_CANSA	Q9XGT9	34.0	450	1111	511	2.02e-84	272	39.5	86.9
tr|A0A7J6HLD3|A0A7J6HLD3_CANSA	E9KBR8	33.0	463	1111	527	1.22e-80	262	40.3	87.3
tr|A0A7J6HLD3|A0A7J6HLD3_CANSA	Q0JFI2	32.5	461	1111	516	3.81e-78	255	40.8	87.6
tr|A0A7J6HLE1|A0A7J6HLE1_CANSA	Q9XGT9	44.0	470	526	511	2.95e-143	412	88.4	90.2
tr|A0A7J6HLE1|A0A7J6HLE1_CANSA	E9KBR8	42.0	483	526	527	2.84e-139	402	89.5	91.3
tr|A0A7J6HLE1|A0A7J6HLE1_CANSA	Q0JFI2	40.4	478	526	516	1.69e-126	369	90.1	90.5
tr|A0A7J6HM74|A0A7J6HM74_CANSA	Q9XGT9	32.8	485	533	511	5.99e-81	251	82.6	93.2
tr|A0A7J6HM74|A0A7J6HM74_CANSA	E9KBR8	33.2	494	533	527	1.18e-75	238	82.0	92.4
tr|A0A7J6HM74|A0A7J6HM74_CANSA	Q0JFI2	30.3	489	533	516	3.84e-73	231	83.7	92.8
tr|A0A7J6HM80|A0A7J6HM80_CANSA	E9KBR8	23.8	529	479	527	7.17e-20	80.1	96.2	94.9
tr|A0A7J6HM80|A0A7J6HM80_CANSA	Q9XGT9	24.0	495	479	511	3.80e-19	77.8	93.1	91.6
tr|A0A7J6HMY6|A0A7J6HMY6_CANSA	Q0JFI2	27.7	465	459	516	3.86e-58	189	87.4	89.1
tr|A0A7J6HMY6|A0A7J6HMY6_CANSA	Q9XGT9	28.2	451	459	511	6.96e-55	180	83.0	87.3
tr|A0A7J6HMY6|A0A7J6HMY6_CANSA	E9KBR8	28.0	464	459	527	9.29e-55	180	85.0	87.1
tr|A0A7J6HMZ6|A0A7J6HMZ6_CANSA	Q0JFI2	31.7	419	525	516	2.86e-67	215	78.3	80.2
tr|A0A7J6HMZ6|A0A7J6HMZ6_CANSA	Q9XGT9	33.0	400	525	511	9.99e-66	211	73.7	77.5
tr|A0A7J6HMZ6|A0A7J6HMZ6_CANSA	E9KBR8	31.4	439	525	527	3.90e-64	207	79.0	82.5
tr|A0A7J6HN16|A0A7J6HN16_CANSA	Q9XGT9	40.1	471	498	511	4.64e-123	359	87.8	90.2
tr|A0A7J6HN16|A0A7J6HN16_CANSA	E9KBR8	39.0	484	498	527	1.34e-120	353	89.0	91.3
tr|A0A7J6HN16|A0A7J6HN16_CANSA	Q0JFI2	38.4	479	498	516	2.30e-109	324	89.6	90.5
tr|A0A7J6HPA6|A0A7J6HPA6_CANSA	E9KBR8	28.4	215	487	527	4.24e-20	80.9	43.3	38.1
tr|A0A7J6HPC4|A0A7J6HPC4_CANSA	E9KBR8	30.2	480	460	527	6.52e-70	220	90.2	90.7
tr|A0A7J6HPC4|A0A7J6HPC4_CANSA	Q9XGT9	29.8	477	460	511	3.60e-68	215	92.4	92.6
tr|A0A7J6HPC4|A0A7J6HPC4_CANSA	Q0JFI2	28.4	469	460	516	1.86e-62	200	91.5	90.7
tr|A0A7J6HQ10|A0A7J6HQ10_CANSA	E9KBR8	21.7	442	1647	527	2.21e-22	90.9	25.7	79.9
tr|A0A7J6HQ10|A0A7J6HQ10_CANSA	Q0JFI2	28.1	217	1647	516	1.41e-20	85.1	12.7	39.9
tr|A0A7J6HQ10|A0A7J6HQ10_CANSA	Q9XGT9	24.1	191	1647	511	5.91e-17	73.6	11.4	35.2
tr|A0A7J6HQF5|A0A7J6HQF5_CANSA	E9KBR8	36.8	497	704	527	3.66e-104	317	67.0	92.0
tr|A0A7J6HQF5|A0A7J6HQF5_CANSA	Q9XGT9	35.3	482	704	511	6.09e-100	306	66.5	92.0
tr|A0A7J6HQF5|A0A7J6HQF5_CANSA	Q0JFI2	33.1	472	704	516	1.40e-87	273	66.3	90.1
tr|A0A7J6HQL2|A0A7J6HQL2_CANSA	E9KBR8	21.2	463	1118	527	2.00e-16	71.2	39.3	79.7
tr|A0A7J6HQL2|A0A7J6HQL2_CANSA	Q9XGT9	21.1	456	1118	511	5.83e-16	69.7	39.9	82.0
tr|A0A7J6HQL2|A0A7J6HQL2_CANSA	Q0JFI2	23.2	203	1118	516	8.60e-14	62.8	17.2	38.4
tr|A0A7J6HQP0|A0A7J6HQP0_CANSA	Q9XGT9	36.3	421	1699	511	9.40e-89	288	24.1	81.8
tr|A0A7J6HQP0|A0A7J6HQP0_CANSA	E9KBR8	35.0	426	1699	527	2.64e-86	281	24.2	80.5
tr|A0A7J6HQP0|A0A7J6HQP0_CANSA	Q0JFI2	33.1	477	1699	516	2.30e-76	252	24.3	91.1
tr|A0A7J6HQR2|A0A7J6HQR2_CANSA	E9KBR8	22.1	371	502	527	9.98e-18	73.6	70.5	66.6
tr|A0A7J6HQR2|A0A7J6HQR2_CANSA	Q0JFI2	26.4	265	502	516	9.32e-17	70.5	51.2	48.6
tr|A0A7J6HQR2|A0A7J6HQR2_CANSA	Q9XGT9	21.9	370	502	511	2.85e-16	68.9	71.9	69.3
tr|A0A7J6HRN6|A0A7J6HRN6_CANSA	Q9XGT9	24.4	180	410	511	2.44e-06	37.0	40.5	34.1
tr|A0A7J6HRX4|A0A7J6HRX4_CANSA	Q9XGT9	25.8	457	514	511	1.57e-23	91.7	82.9	84.7
tr|A0A7J6HRX4|A0A7J6HRX4_CANSA	E9KBR8	23.7	460	514	527	2.85e-21	84.7	83.1	83.3
tr|A0A7J6HRX4|A0A7J6HRX4_CANSA	Q0JFI2	24.2	426	514	516	2.50e-18	75.5	78.0	76.6
tr|A0A7J6HRY8|A0A7J6HRY8_CANSA	E9KBR8	28.4	215	540	527	1.28e-19	79.7	39.1	38.1
tr|A0A7J6HT28|A0A7J6HT28_CANSA	Q9XGT9	30.8	247	1565	511	1.81e-21	87.8	15.1	46.4
tr|A0A7J6HT28|A0A7J6HT28_CANSA	E9KBR8	26.0	250	1565	527	2.08e-18	78.2	15.1	45.9
tr|A0A7J6HT33|A0A7J6HT33_CANSA	Q9XGT9	21.5	228	403	511	3.02e-17	71.2	52.4	44.6
tr|A0A7J6HT33|A0A7J6HT33_CANSA	E9KBR8	24.5	208	403	527	3.83e-14	61.6	47.1	39.5
tr|A0A7J6HT33|A0A7J6HT33_CANSA	Q0JFI2	22.3	242	403	516	1.98e-12	56.2	52.9	46.1
tr|A0A7J6HVC9|A0A7J6HVC9_CANSA	Q9XGT9	30.8	556	552	511	1.29e-81	253	96.2	96.9
tr|A0A7J6HVC9|A0A7J6HVC9_CANSA	E9KBR8	30.2	547	552	527	3.37e-77	242	93.5	92.4
tr|A0A7J6HVC9|A0A7J6HVC9_CANSA	Q0JFI2	30.1	522	552	516	2.72e-76	239	92.0	89.5
tr|A0A7J6HWE5|A0A7J6HWE5_CANSA	E9KBR8	40.9	110	362	527	1.21e-24	93.2	30.4	20.1
tr|A0A7J6HWE5|A0A7J6HWE5_CANSA	Q9XGT9	25.1	303	362	511	5.52e-23	88.2	64.1	56.6
tr|A0A7J6HWE5|A0A7J6HWE5_CANSA	Q0JFI2	33.8	130	362	516	5.10e-18	73.2	35.1	24.6
tr|A0A7J6HWI0|A0A7J6HWI0_CANSA	Q0JFI2	24.5	485	508	516	1.72e-47	161	94.1	91.1
tr|A0A7J6HWI0|A0A7J6HWI0_CANSA	Q9XGT9	27.1	458	508	511	2.20e-47	160	87.6	86.1
tr|A0A7J6HWI0|A0A7J6HWI0_CANSA	E9KBR8	25.2	480	508	527	1.78e-45	155	92.3	88.8
tr|A0A7J6HX34|A0A7J6HX34_CANSA	Q9XGT9	35.8	204	581	511	1.23e-33	122	34.4	34.6
tr|A0A7J6HX34|A0A7J6HX34_CANSA	Q0JFI2	29.8	265	581	516	1.67e-28	107	42.7	46.5
tr|A0A7J6HX34|A0A7J6HX34_CANSA	E9KBR8	29.1	261	581	527	7.60e-28	105	43.7	44.0
tr|A0A7J6HXD2|A0A7J6HXD2_CANSA	Q9XGT9	36.9	377	375	511	9.11e-82	248	96.5	72.2
tr|A0A7J6HXD2|A0A7J6HXD2_CANSA	E9KBR8	37.2	390	375	527	2.86e-76	234	97.1	72.9
tr|A0A7J6HXD2|A0A7J6HXD2_CANSA	Q0JFI2	34.6	382	375	516	9.46e-70	217	98.1	71.9
tr|A0A7J6HYL7|A0A7J6HYL7_CANSA	Q9XGT9	26.8	179	472	511	1.19e-20	82.4	36.2	34.4
tr|A0A7J6HYL7|A0A7J6HYL7_CANSA	E9KBR8	27.1	177	472	527	1.52e-17	72.8	36.2	33.0
tr|A0A7J6HYL7|A0A7J6HYL7_CANSA	Q0JFI2	24.3	226	472	516	4.43e-16	68.2	46.0	42.6
tr|A0A7J6HZA2|A0A7J6HZA2_CANSA	Q0JFI2	33.5	474	540	516	6.10e-74	233	85.7	88.6
tr|A0A7J6HZA2|A0A7J6HZA2_CANSA	Q9XGT9	34.4	465	540	511	7.58e-74	233	84.1	87.9
tr|A0A7J6HZA2|A0A7J6HZA2_CANSA	E9KBR8	29.6	490	540	527	1.04e-64	209	88.3	89.8
tr|A0A7J6HZS1|A0A7J6HZS1_CANSA	Q9XGT9	30.5	210	510	511	6.36e-22	86.7	39.4	39.1
tr|A0A7J6HZS1|A0A7J6HZS1_CANSA	Q0JFI2	28.8	212	510	516	2.63e-20	81.6	39.6	38.8
tr|A0A7J6I086|A0A7J6I086_CANSA	Q9XGT9	29.7	464	744	511	5.75e-63	208	60.5	89.4
tr|A0A7J6I086|A0A7J6I086_CANSA	E9KBR8	27.8	482	744	527	2.27e-58	196	60.9	89.9
tr|A0A7J6I086|A0A7J6I086_CANSA	Q0JFI2	30.0	464	744	516	6.50e-58	194	60.1	87.4
tr|A0A7J6I0B5|A0A7J6I0B5_CANSA	Q9XGT9	30.0	464	534	511	1.26e-64	208	84.3	89.4
tr|A0A7J6I0B5|A0A7J6I0B5_CANSA	Q0JFI2	30.8	477	534	516	1.95e-64	207	86.1	89.9
tr|A0A7J6I0B5|A0A7J6I0B5_CANSA	E9KBR8	27.3	494	534	527	2.53e-62	202	86.7	92.4
tr|A0A7J6I0Q0|A0A7J6I0Q0_CANSA	E9KBR8	28.7	317	538	527	1.03e-21	86.3	55.0	58.1
tr|A0A7J6I0Q0|A0A7J6I0Q0_CANSA	Q9XGT9	27.1	314	538	511	1.26e-20	82.8	55.0	59.1
tr|A0A7J6I162|A0A7J6I162_CANSA	E9KBR8	36.1	482	500	527	1.85e-94	286	92.4	90.9
tr|A0A7J6I162|A0A7J6I162_CANSA	Q9XGT9	34.7	475	500	511	7.11e-85	260	92.6	91.2
tr|A0A7J6I162|A0A7J6I162_CANSA	Q0JFI2	33.6	470	500	516	9.39e-83	255	91.8	89.0
tr|A0A7J6I190|A0A7J6I190_CANSA	Q9XGT9	25.7	179	472	511	8.59e-19	76.6	36.2	34.4
tr|A0A7J6I190|A0A7J6I190_CANSA	E9KBR8	26.1	184	472	527	1.46e-16	69.7	37.7	34.3
tr|A0A7J6I190|A0A7J6I190_CANSA	Q0JFI2	26.0	177	472	516	4.22e-15	65.1	35.8	33.5
tr|A0A7J6I1G0|A0A7J6I1G0_CANSA	Q9XGT9	32.1	483	1048	511	2.61e-83	268	44.4	91.4
tr|A0A7J6I1G0|A0A7J6I1G0_CANSA	E9KBR8	31.4	522	1048	527	1.04e-82	267	46.8	96.2
tr|A0A7J6I1G0|A0A7J6I1G0_CANSA	Q0JFI2	32.5	471	1048	516	9.08e-80	259	43.3	87.8
tr|A0A7J6I2M1|A0A7J6I2M1_CANSA	Q9XGT9	25.7	460	476	511	1.92e-27	103	88.2	88.1
tr|A0A7J6I2M1|A0A7J6I2M1_CANSA	Q0JFI2	22.8	452	476	516	1.21e-19	79.3	87.2	85.7
tr|A0A7J6I3A2|A0A7J6I3A2_CANSA	Q9XGT9	36.3	446	946	511	5.16e-83	266	46.4	85.3
tr|A0A7J6I3A2|A0A7J6I3A2_CANSA	Q0JFI2	35.4	463	946	516	2.10e-81	262	48.4	87.4
tr|A0A7J6I3A2|A0A7J6I3A2_CANSA	E9KBR8	33.0	485	946	527	6.88e-79	255	49.7	90.3
tr|A0A7J6I663|A0A7J6I663_CANSA	Q9XGT9	39.1	481	510	511	1.61e-108	322	92.2	91.8
tr|A0A7J6I663|A0A7J6I663_CANSA	E9KBR8	36.5	491	510	527	1.07e-103	310	92.2	91.7
tr|A0A7J6I663|A0A7J6I663_CANSA	Q0JFI2	36.3	479	510	516	5.85e-100	300	92.4	90.5
tr|A0A7J6I6F5|A0A7J6I6F5_CANSA	Q9XGT9	34.9	495	505	511	3.01e-89	272	92.7	93.2
tr|A0A7J6I6F5|A0A7J6I6F5_CANSA	E9KBR8	33.7	501	505	527	1.38e-87	268	92.9	92.2
tr|A0A7J6I6F5|A0A7J6I6F5_CANSA	Q0JFI2	32.2	475	505	516	1.07e-71	226	90.1	88.2
tr|A0A7J6I6S8|A0A7J6I6S8_CANSA	E9KBR8	31.4	529	519	527	1.69e-85	263	98.1	97.9
tr|A0A7J6I6S8|A0A7J6I6S8_CANSA	Q9XGT9	32.2	485	519	511	3.59e-83	256	92.3	93.2
tr|A0A7J6I6S8|A0A7J6I6S8_CANSA	Q0JFI2	32.5	465	519	516	1.93e-73	231	88.2	87.6
tr|A0A7J6I6Y9|A0A7J6I6Y9_CANSA	Q9XGT9	38.5	480	514	511	3.27e-109	324	92.2	91.8
tr|A0A7J6I6Y9|A0A7J6I6Y9_CANSA	E9KBR8	37.9	491	514	527	5.20e-109	324	92.2	91.7
tr|A0A7J6I6Y9|A0A7J6I6Y9_CANSA	Q0JFI2	36.0	480	514	516	1.84e-99	299	92.4	90.5
tr|A0A7J6I7B0|A0A7J6I7B0_CANSA	Q9XGT9	23.5	452	515	511	3.39e-28	105	80.6	84.1
tr|A0A7J6I7N9|A0A7J6I7N9_CANSA	Q9XGT9	33.7	486	520	511	3.19e-85	262	91.3	91.4
tr|A0A7J6I7N9|A0A7J6I7N9_CANSA	E9KBR8	33.4	470	520	527	1.24e-80	250	87.9	86.0
tr|A0A7J6I7N9|A0A7J6I7N9_CANSA	Q0JFI2	33.1	481	520	516	1.69e-76	239	90.8	89.3
tr|A0A7J6I7U0|A0A7J6I7U0_CANSA	Q9XGT9	39.0	356	360	511	2.22e-77	236	96.4	66.9
tr|A0A7J6I7U0|A0A7J6I7U0_CANSA	E9KBR8	39.0	367	360	527	3.25e-77	236	97.5	68.1
tr|A0A7J6I7U0|A0A7J6I7U0_CANSA	Q0JFI2	39.4	317	360	516	2.45e-73	226	86.7	60.3
tr|A0A7J6I878|A0A7J6I878_CANSA	Q0JFI2	31.3	480	514	516	2.53e-83	257	91.8	91.1
tr|A0A7J6I878|A0A7J6I878_CANSA	Q9XGT9	32.9	453	514	511	4.72e-82	253	85.6	86.9
tr|A0A7J6I878|A0A7J6I878_CANSA	E9KBR8	31.6	491	514	527	7.53e-81	251	91.1	91.7
tr|A0A7J6I8D1|A0A7J6I8D1_CANSA	E9KBR8	29.4	544	1210	527	5.10e-67	224	43.4	98.1
tr|A0A7J6I8D1|A0A7J6I8D1_CANSA	Q0JFI2	30.3	495	1210	516	4.47e-59	201	40.2	90.9
tr|A0A7J6I8D1|A0A7J6I8D1_CANSA	Q9XGT9	32.0	462	1210	511	5.44e-59	200	37.5	86.1
tr|A0A7J6I8D3|A0A7J6I8D3_CANSA	E9KBR8	28.2	202	563	527	2.03e-21	85.5	35.2	36.1
tr|A0A7J6I8D3|A0A7J6I8D3_CANSA	Q9XGT9	26.9	260	563	511	7.94e-21	83.6	44.2	48.5
tr|A0A7J6I8D3|A0A7J6I8D3_CANSA	Q0JFI2	26.5	324	563	516	5.85e-20	80.9	54.7	58.3
tr|A0A7J6I8H4|A0A7J6I8H4_CANSA	Q9XGT9	32.8	503	522	511	2.47e-89	273	94.4	94.9
tr|A0A7J6I8H4|A0A7J6I8H4_CANSA	E9KBR8	32.0	497	522	527	1.72e-81	253	91.0	91.1
tr|A0A7J6I8H4|A0A7J6I8H4_CANSA	Q0JFI2	33.5	480	522	516	7.58e-80	248	90.6	89.3
tr|A0A7J6I8J8|A0A7J6I8J8_CANSA	Q0JFI2	27.1	192	407	516	1.00e-18	75.9	45.7	36.4
tr|A0A7J6I8J8|A0A7J6I8J8_CANSA	Q9XGT9	21.8	225	407	511	5.40e-16	67.4	53.1	43.2
tr|A0A7J6I8X4|A0A7J6I8X4_CANSA	E9KBR8	33.3	519	524	527	2.18e-100	302	95.0	96.8
tr|A0A7J6I8X4|A0A7J6I8X4_CANSA	Q9XGT9	33.3	495	524	511	1.43e-96	291	92.7	95.1
tr|A0A7J6I8X4|A0A7J6I8X4_CANSA	Q0JFI2	29.5	478	524	516	5.00e-82	254	90.3	91.1
tr|A0A7J6I924|A0A7J6I924_CANSA	E9KBR8	34.9	507	1051	527	8.49e-101	317	46.4	95.6
tr|A0A7J6I924|A0A7J6I924_CANSA	Q9XGT9	33.5	477	1051	511	1.02e-94	300	44.6	91.2
tr|A0A7J6I924|A0A7J6I924_CANSA	Q0JFI2	32.6	478	1051	516	9.66e-87	278	45.1	90.7
tr|A0A7J6I941|A0A7J6I941_CANSA	Q9XGT9	32.2	475	523	511	1.03e-83	258	90.1	91.6
tr|A0A7J6I941|A0A7J6I941_CANSA	E9KBR8	30.4	494	523	527	5.52e-79	246	90.8	92.2
tr|A0A7J6I941|A0A7J6I941_CANSA	Q0JFI2	31.1	485	523	516	9.85e-76	237	90.8	90.9
tr|A0A7J6I9G2|A0A7J6I9G2_CANSA	E9KBR8	22.8	429	517	527	1.83e-12	57.0	71.8	79.3
tr|A0A7J6I9U0|A0A7J6I9U0_CANSA	E9KBR8	32.1	498	502	527	1.31e-82	255	93.4	92.4
tr|A0A7J6I9U0|A0A7J6I9U0_CANSA	Q0JFI2	30.0	477	502	516	1.52e-69	220	91.0	89.3
tr|A0A7J6I9U0|A0A7J6I9U0_CANSA	Q9XGT9	29.0	500	502	511	7.52e-68	216	95.4	95.7
tr|A0A7J6I9Z2|A0A7J6I9Z2_CANSA	E9KBR8	36.2	495	499	527	1.13e-99	299	94.8	93.4
tr|A0A7J6I9Z2|A0A7J6I9Z2_CANSA	Q9XGT9	34.5	472	499	511	2.75e-88	269	92.8	91.2
tr|A0A7J6I9Z2|A0A7J6I9Z2_CANSA	Q0JFI2	33.3	462	499	516	4.63e-83	256	90.4	87.4
tr|A0A7J6IAH3|A0A7J6IAH3_CANSA	Q9XGT9	28.1	487	436	511	3.06e-65	207	91.1	94.9
tr|A0A7J6IAH3|A0A7J6IAH3_CANSA	E9KBR8	26.4	485	436	527	1.22e-63	203	87.6	91.8
tr|A0A7J6IAH3|A0A7J6IAH3_CANSA	Q0JFI2	26.9	468	436	516	1.58e-58	189	87.6	90.5
tr|A0A7J6IAI1|A0A7J6IAI1_CANSA	Q9XGT9	31.1	501	544	511	3.33e-84	260	90.8	93.0
tr|A0A7J6IAI1|A0A7J6IAI1_CANSA	E9KBR8	27.0	500	544	527	2.28e-74	234	89.5	91.5
tr|A0A7J6IAI1|A0A7J6IAI1_CANSA	Q0JFI2	29.3	491	544	516	2.22e-68	218	89.2	90.1
tr|A0A7J6IAK7|A0A7J6IAK7_CANSA	Q9XGT9	24.7	312	362	511	2.54e-10	49.3	79.3	58.5
tr|A0A7J6IAY9|A0A7J6IAY9_CANSA	E9KBR8	35.8	530	513	527	1.23e-106	318	99.8	98.7
tr|A0A7J6IAY9|A0A7J6IAY9_CANSA	Q9XGT9	37.1	518	513	511	1.89e-104	311	98.8	97.8
tr|A0A7J6IAY9|A0A7J6IAY9_CANSA	Q0JFI2	34.1	492	513	516	1.11e-89	273	94.5	91.5
tr|A0A7J6IB39|A0A7J6IB39_CANSA	E9KBR8	35.6	495	1348	527	4.04e-92	296	35.7	91.3
tr|A0A7J6IB39|A0A7J6IB39_CANSA	Q9XGT9	34.8	485	1348	511	3.56e-86	279	35.5	90.8
tr|A0A7J6IB39|A0A7J6IB39_CANSA	Q0JFI2	32.4	481	1348	516	1.70e-75	249	35.4	89.1
tr|A0A7J6IB81|A0A7J6IB81_CANSA	Q9XGT9	29.1	453	528	511	3.03e-63	204	82.8	87.3
tr|A0A7J6IB81|A0A7J6IB81_CANSA	Q0JFI2	29.2	473	528	516	1.78e-61	199	86.6	89.9
tr|A0A7J6IB81|A0A7J6IB81_CANSA	E9KBR8	27.8	446	528	527	3.07e-57	188	80.7	83.3
tr|A0A7J6IBG3|A0A7J6IBG3_CANSA	Q9XGT9	38.8	196	221	511	1.55e-42	139	78.3	38.0
tr|A0A7J6IBG3|A0A7J6IBG3_CANSA	E9KBR8	43.5	161	221	527	3.42e-40	133	66.1	30.4
tr|A0A7J6IBG3|A0A7J6IBG3_CANSA	Q0JFI2	34.0	194	221	516	1.25e-34	117	80.5	36.4
tr|A0A7J6IBM6|A0A7J6IBM6_CANSA	E9KBR8	34.0	512	516	527	5.07e-103	308	93.8	95.8
tr|A0A7J6IBM6|A0A7J6IBM6_CANSA	Q9XGT9	33.9	490	516	511	8.57e-100	300	92.2	95.1
tr|A0A7J6IBM6|A0A7J6IBM6_CANSA	Q0JFI2	32.4	472	516	516	1.20e-89	273	89.1	90.3
tr|A0A7J6IBP1|A0A7J6IBP1_CANSA	Q9XGT9	34.7	501	581	511	4.77e-88	271	84.0	94.3
tr|A0A7J6IBP1|A0A7J6IBP1_CANSA	E9KBR8	33.2	494	581	527	1.23e-84	263	82.3	92.0
tr|A0A7J6IBP1|A0A7J6IBP1_CANSA	Q0JFI2	33.4	470	581	516	1.24e-79	249	79.2	88.0
tr|A0A7J6ICL0|A0A7J6ICL0_CANSA	E9KBR8	34.7	524	999	527	4.83e-87	278	50.2	97.0
tr|A0A7J6ICL0|A0A7J6ICL0_CANSA	Q9XGT9	34.8	486	999	511	2.71e-82	265	47.9	92.4
tr|A0A7J6ICL0|A0A7J6ICL0_CANSA	Q0JFI2	32.4	472	999	516	1.12e-75	247	46.4	88.0
tr|A0A7J6ICZ1|A0A7J6ICZ1_CANSA	Q9XGT9	36.4	473	509	511	4.06e-102	305	90.4	90.2
tr|A0A7J6ICZ1|A0A7J6ICZ1_CANSA	E9KBR8	34.6	456	509	527	4.75e-90	275	87.2	85.4
tr|A0A7J6ICZ1|A0A7J6ICZ1_CANSA	Q0JFI2	32.2	463	509	516	2.54e-81	251	88.2	87.4
tr|A0A7J6ICZ5|A0A7J6ICZ5_CANSA	Q9XGT9	35.4	492	510	511	1.76e-89	273	93.3	92.6
tr|A0A7J6ICZ5|A0A7J6ICZ5_CANSA	E9KBR8	32.9	501	510	527	5.50e-84	259	93.7	92.2
tr|A0A7J6ICZ5|A0A7J6ICZ5_CANSA	Q0JFI2	32.4	503	510	516	1.52e-79	247	95.3	92.2
tr|A0A7J6IDZ0|A0A7J6IDZ0_CANSA	Q9XGT9	36.3	488	510	511	2.42e-97	293	93.5	93.3
tr|A0A7J6IDZ0|A0A7J6IDZ0_CANSA	E9KBR8	35.1	498	510	527	1.76e-90	276	93.9	92.0
tr|A0A7J6IDZ0|A0A7J6IDZ0_CANSA	Q0JFI2	32.5	486	510	516	1.99e-80	249	93.1	91.1
tr|A0A7J6IE02|A0A7J6IE02_CANSA	Q9XGT9	34.8	488	1442	511	2.29e-87	283	32.8	93.5
tr|A0A7J6IE02|A0A7J6IE02_CANSA	Q0JFI2	33.1	472	1442	516	1.53e-81	266	31.9	89.5
tr|A0A7J6IE02|A0A7J6IE02_CANSA	E9KBR8	32.8	485	1442	527	4.36e-78	257	32.1	91.1
tr|A0A7J6DTJ7|A0A7J6DTJ7_CANSA	E9KBR8	37.4	147	158	527	5.98e-30	102	89.9	27.7
tr|A0A7J6DTJ7|A0A7J6DTJ7_CANSA	Q9XGT9	33.1	148	158	511	3.09e-27	94.7	92.4	28.8
tr|A0A7J6DTJ7|A0A7J6DTJ7_CANSA	Q0JFI2	35.2	108	158	516	1.43e-23	84.3	66.5	20.9
tr|A0A7J6E3K2|A0A7J6E3K2_CANSA	Q9XGT9	30.5	59	75	511	8.67e-07	33.1	72.0	11.5
tr|A0A7J6E417|A0A7J6E417_CANSA	Q9XGT9	38.5	122	127	511	1.67e-20	74.3	90.6	23.9
tr|A0A7J6E417|A0A7J6E417_CANSA	Q0JFI2	44.3	70	127	516	5.09e-19	70.1	55.1	13.6
tr|A0A7J6E417|A0A7J6E417_CANSA	E9KBR8	42.9	70	127	527	5.36e-17	64.3	55.1	13.3
tr|A0A7J6EFL6|A0A7J6EFL6_CANSA	Q9XGT9	45.7	35	180	511	8.99e-07	36.2	19.4	6.8
tr|A0A7J6EQP2|A0A7J6EQP2_CANSA	E9KBR8	29.6	250	241	527	6.49e-31	108	98.3	46.5
tr|A0A7J6EQP2|A0A7J6EQP2_CANSA	Q9XGT9	30.2	235	241	511	1.54e-30	107	94.6	44.8
tr|A0A7J6EQP2|A0A7J6EQP2_CANSA	Q0JFI2	35.7	115	241	516	7.34e-25	90.9	47.7	22.3
tr|A0A7J6EU64|A0A7J6EU64_CANSA	Q9XGT9	45.3	75	95	511	1.21e-19	70.5	78.9	14.7
tr|A0A7J6EU64|A0A7J6EU64_CANSA	E9KBR8	39.8	88	95	527	1.07e-18	67.8	92.6	16.5
tr|A0A7J6EU64|A0A7J6EU64_CANSA	Q0JFI2	38.9	72	95	516	2.60e-15	58.2	75.8	13.8
tr|A0A7J6FIW0|A0A7J6FIW0_CANSA	Q9XGT9	25.4	197	261	511	5.21e-19	74.3	45.2	38.0
tr|A0A7J6FIW0|A0A7J6FIW0_CANSA	E9KBR8	25.4	201	261	527	2.25e-15	63.5	68.2	37.6
tr|A0A7J6FIW0|A0A7J6FIW0_CANSA	Q0JFI2	37.3	59	261	516	1.46e-12	55.1	22.6	11.4
tr|A0A7J6FJ25|A0A7J6FJ25_CANSA	Q9XGT9	42.2	102	316	511	3.32e-21	82.0	32.3	19.4
tr|A0A7J6FJ25|A0A7J6FJ25_CANSA	E9KBR8	35.9	128	316	527	1.61e-19	77.0	39.9	23.9
tr|A0A7J6FJ25|A0A7J6FJ25_CANSA	Q0JFI2	34.8	92	316	516	1.08e-14	62.4	29.1	17.4
tr|A0A7J6FS03|A0A7J6FS03_CANSA	E9KBR8	46.9	49	308	527	1.02e-10	50.1	15.9	9.1
tr|A0A7J6FS03|A0A7J6FS03_CANSA	Q9XGT9	47.1	51	308	511	1.79e-10	49.3	16.6	9.8
tr|A0A7J6FS03|A0A7J6FS03_CANSA	Q0JFI2	44.4	45	308	516	2.89e-07	39.3	14.3	8.3
tr|A0A7J6G8Y7|A0A7J6G8Y7_CANSA	Q9XGT9	37.4	492	511	511	3.11e-115	339	94.5	94.5
tr|A0A7J6G8Y7|A0A7J6G8Y7_CANSA	E9KBR8	36.3	518	511	527	1.47e-107	320	97.1	97.2
tr|A0A7J6G8Y7|A0A7J6G8Y7_CANSA	Q0JFI2	35.8	486	511	516	1.61e-103	309	93.5	91.5
tr|A0A7J6GD42|A0A7J6GD42_CANSA	Q9XGT9	39.4	155	195	511	4.11e-31	107	77.4	29.9
tr|A0A7J6GD42|A0A7J6GD42_CANSA	E9KBR8	34.3	175	195	527	1.74e-28	99.8	84.6	32.8
tr|A0A7J6GD42|A0A7J6GD42_CANSA	Q0JFI2	31.0	184	195	516	9.03e-24	86.3	92.3	34.9
tr|A0A7J6GD77|A0A7J6GD77_CANSA	E9KBR8	22.1	208	198	527	3.26e-12	52.8	100	36.8
tr|A0A7J6HNS1|A0A7J6HNS1_CANSA	Q9XGT9	49.2	476	609	511	3.57e-158	453	77.8	88.3
tr|A0A7J6HNS1|A0A7J6HNS1_CANSA	E9KBR8	45.1	450	609	527	7.38e-145	419	71.1	83.9
tr|A0A7J6HNS1|A0A7J6HNS1_CANSA	Q0JFI2	46.1	436	609	516	1.67e-134	392	71.1	82.4
tr|A0A7J6I3T9|A0A7J6I3T9_CANSA	Q0JFI2	36.8	144	340	516	2.71e-27	100	42.1	27.9
tr|A0A7J6I3T9|A0A7J6I3T9_CANSA	E9KBR8	36.6	145	340	527	3.18e-26	97.4	41.8	27.3
tr|A0A7J6I3T9|A0A7J6I3T9_CANSA	Q9XGT9	36.9	141	340	511	3.72e-24	91.3	40.9	27.4
tr|A0A7J6I8P1|A0A7J6I8P1_CANSA	Q9XGT9	28.3	113	139	511	3.30e-09	42.4	78.4	20.4
tr|A0A7J6IDP5|A0A7J6IDP5_CANSA	Q9XGT9	42.9	35	69	511	5.07e-07	33.5	50.7	6.8
