tr|A0A7J6HV66|A0A7J6HV66_CANSA	Q8L3C7	41.5	65	3853	701	1.82e-06	48.5	1.7	8.6
tr|A0A7J6DNH5|A0A7J6DNH5_CANSA	A6URC7	27.5	142	473	185	2.14e-11	57.8	27.3	75.1
tr|A0A7J6DNH5|A0A7J6DNH5_CANSA	A4G043	27.5	142	473	185	1.32e-10	55.5	27.3	75.1
tr|A0A7J6DNH5|A0A7J6DNH5_CANSA	A9A8E9	26.8	142	473	185	1.32e-10	55.5	27.3	75.1
tr|A0A7J6DNH5|A0A7J6DNH5_CANSA	D3DYU7	23.2	181	473	188	1.39e-10	55.5	35.5	92.6
tr|A0A7J6DNH5|A0A7J6DNH5_CANSA	F7XQS2	25.4	181	473	190	1.43e-10	55.5	35.5	90.5
tr|A0A7J6DNH5|A0A7J6DNH5_CANSA	A6VID5	26.8	142	473	185	1.79e-10	55.1	27.3	75.1
tr|A0A7J6DNH5|A0A7J6DNH5_CANSA	Q6M0X3	26.8	142	473	185	1.79e-10	55.1	27.3	75.1
tr|A0A7J6DNH5|A0A7J6DNH5_CANSA	F8AJL1	25.7	140	473	183	3.59e-09	51.2	26.8	74.9
tr|A0A7J6DNH5|A0A7J6DNH5_CANSA	O33174	23.4	141	473	193	4.14e-09	51.2	27.1	73.1
tr|A0A7J6DNH5|A0A7J6DNH5_CANSA	D3S0H7	26.4	144	473	187	9.41e-09	50.1	27.3	75.9
tr|A0A7J6DNH5|A0A7J6DNH5_CANSA	A0B870	24.8	141	473	190	9.81e-09	50.1	27.3	72.6
tr|A0A7J6DNH5|A0A7J6DNH5_CANSA	D7DQT8	26.4	140	473	187	3.14e-08	48.5	26.8	73.3
tr|A0A7J6DNH5|A0A7J6DNH5_CANSA	O27375	22.5	142	473	193	2.05e-07	46.2	27.3	72.0
tr|A0A7J6DNH5|A0A7J6DNH5_CANSA	Q8PVT4	29.0	124	473	189	2.87e-06	42.7	23.5	64.0
tr|A0A7J6DNH5|A0A7J6DNH5_CANSA	Q8TSS8	25.0	124	473	189	5.22e-06	42.0	23.5	64.0
tr|A0A7J6DQ93|A0A7J6DQ93_CANSA	Q3AG69	21.2	312	1204	392	5.81e-06	44.7	25.7	71.4
tr|A0A7J6E0B4|A0A7J6E0B4_CANSA	Q79FW0	26.5	257	408	289	4.40e-10	55.1	59.8	83.0
tr|A0A7J6E0B4|A0A7J6E0B4_CANSA	Q56693	29.6	81	408	271	1.29e-08	50.4	19.9	29.9
tr|A0A7J6E0B4|A0A7J6E0B4_CANSA	Q9KQI0	30.4	92	408	267	1.72e-07	47.0	22.5	33.7
tr|A0A7J6E0B4|A0A7J6E0B4_CANSA	P28821	34.0	94	408	293	1.95e-07	47.0	22.5	30.7
tr|A0A7J6E0B4|A0A7J6E0B4_CANSA	P28305	27.3	110	408	269	2.34e-06	43.5	27.0	39.8
tr|A0A7J6E2T0|A0A7J6E2T0_CANSA	D3DYU7	23.2	181	483	188	1.93e-10	55.1	34.8	92.6
tr|A0A7J6E2T0|A0A7J6E2T0_CANSA	F7XQS2	24.9	181	483	190	3.65e-10	54.3	34.8	90.5
tr|A0A7J6E2T0|A0A7J6E2T0_CANSA	F8AJL1	25.0	140	483	183	9.13e-09	50.1	26.3	74.9
tr|A0A7J6E2T0|A0A7J6E2T0_CANSA	D7DQT8	26.4	140	483	187	2.39e-08	48.9	26.3	73.3
tr|A0A7J6E2T0|A0A7J6E2T0_CANSA	A0B870	24.1	141	483	190	2.48e-08	48.9	26.7	72.6
tr|A0A7J6E2T0|A0A7J6E2T0_CANSA	O33174	22.0	141	483	193	3.49e-08	48.5	26.5	73.1
tr|A0A7J6E2T0|A0A7J6E2T0_CANSA	D3S0H7	25.0	144	483	187	7.95e-08	47.4	26.7	75.9
tr|A0A7J6E2T0|A0A7J6E2T0_CANSA	O27375	22.4	143	483	193	9.36e-07	44.3	26.7	72.0
tr|A0A7J6E2T0|A0A7J6E2T0_CANSA	Q8PVT4	28.2	124	483	189	7.21e-06	41.6	23.0	64.0
tr|A0A7J6ECR2|A0A7J6ECR2_CANSA	Q3AG69	21.2	312	1198	392	3.32e-06	45.4	25.8	71.4
tr|A0A7J6ECR2|A0A7J6ECR2_CANSA	Q0I600	21.4	308	1198	389	7.58e-06	44.3	25.5	71.0
tr|A0A7J6FXY7|A0A7J6FXY7_CANSA	A8QL52	41.4	87	575	517	5.42e-11	59.7	14.6	16.4
tr|A0A7J6FXY7|A0A7J6FXY7_CANSA	P81382	42.3	71	575	516	1.53e-09	55.1	12.3	12.8
tr|A0A7J6DJY1|A0A7J6DJY1_CANSA	Q5D1D6	26.8	406	584	590	1.03e-25	106	61.0	65.9
tr|A0A7J6DJY1|A0A7J6DJY1_CANSA	Q01514	25.4	409	584	589	5.70e-25	103	62.3	68.1
tr|A0A7J6DJY1|A0A7J6DJY1_CANSA	Q5RBE1	26.3	433	584	592	5.76e-25	103	65.2	68.6
tr|A0A7J6DJY1|A0A7J6DJY1_CANSA	Q8N8V2	25.7	408	584	638	8.80e-25	103	62.3	62.1
tr|A0A7J6DJY1|A0A7J6DJY1_CANSA	Q91Z40	24.5	413	584	638	1.17e-24	103	63.2	63.2
tr|A0A7J6DJY1|A0A7J6DJY1_CANSA	P32455	25.9	433	584	592	5.65e-24	100	65.2	68.6
tr|A0A7J6DLH3|A0A7J6DLH3_CANSA	A5GX22	25.4	335	748	393	3.56e-12	63.5	42.6	76.3
tr|A0A7J6DLH3|A0A7J6DLH3_CANSA	A8ACE0	23.5	327	748	402	5.85e-10	56.6	42.9	76.6
tr|A0A7J6DLH3|A0A7J6DLH3_CANSA	A6Q6K6	22.7	321	748	387	3.01e-09	54.3	42.6	77.0
tr|A0A7J6DLH3|A0A7J6DLH3_CANSA	Q3AUF2	22.0	332	748	392	3.06e-09	54.3	43.0	76.8
tr|A0A7J6DLH3|A0A7J6DLH3_CANSA	Q72LY0	22.2	293	748	387	9.24e-09	52.8	38.9	70.3
tr|A0A7J6DLH3|A0A7J6DLH3_CANSA	Q8EYF0	22.2	293	748	387	9.24e-09	52.8	38.9	70.3
tr|A0A7J6DLH3|A0A7J6DLH3_CANSA	A5GPT7	25.2	337	748	389	9.29e-09	52.8	42.8	77.4
tr|A0A7J6DLH3|A0A7J6DLH3_CANSA	Q3AG69	23.7	333	748	392	9.37e-09	52.8	42.6	76.5
tr|A0A7J6DLH3|A0A7J6DLH3_CANSA	C4LDC0	21.8	362	748	394	9.42e-09	52.8	47.3	84.8
tr|A0A7J6DLH3|A0A7J6DLH3_CANSA	Q7M8I0	22.0	327	748	387	1.22e-08	52.4	43.2	78.0
tr|A0A7J6DLH3|A0A7J6DLH3_CANSA	A0R2Y2	24.3	181	748	400	2.21e-08	51.6	23.8	41.8
tr|A0A7J6DLH3|A0A7J6DLH3_CANSA	Q46KI4	24.5	339	748	387	3.75e-08	50.8	42.9	77.8
tr|A0A7J6DLH3|A0A7J6DLH3_CANSA	A2C2S8	24.5	339	748	387	6.55e-08	50.1	42.9	77.8
tr|A0A7J6DLH3|A0A7J6DLH3_CANSA	Q7U3B3	21.6	379	748	388	8.69e-08	49.7	50.1	86.6
tr|A0A7J6DLH3|A0A7J6DLH3_CANSA	Q8YXB6	22.1	326	748	391	2.02e-07	48.5	42.9	77.2
tr|A0A7J6DLH3|A0A7J6DLH3_CANSA	A7Z0Z2	23.0	326	748	384	3.48e-07	47.8	42.9	78.4
tr|A0A7J6DLH3|A0A7J6DLH3_CANSA	Q8A9W1	27.2	246	748	388	6.13e-07	47.0	31.7	59.8
tr|A0A7J6DLH3|A0A7J6DLH3_CANSA	Q2N8K3	25.7	179	748	390	6.16e-07	47.0	23.8	42.3
tr|A0A7J6DLH3|A0A7J6DLH3_CANSA	Q30UL7	21.8	330	748	387	8.08e-07	46.6	43.9	79.3
tr|A0A7J6DLH3|A0A7J6DLH3_CANSA	Q6D4B6	22.0	328	748	392	1.08e-06	46.2	42.9	76.3
tr|A0A7J6DLH3|A0A7J6DLH3_CANSA	Q3M8Q4	21.7	350	748	391	2.48e-06	45.1	45.3	83.4
tr|A0A7J6DLH3|A0A7J6DLH3_CANSA	Q5LD90	26.6	252	748	388	4.31e-06	44.3	31.7	59.8
tr|A0A7J6DLH3|A0A7J6DLH3_CANSA	Q7V3S4	21.5	331	748	388	4.31e-06	44.3	42.8	77.1
tr|A0A7J6DLH3|A0A7J6DLH3_CANSA	Q7VBB3	21.7	240	748	393	4.35e-06	44.3	29.5	56.2
tr|A0A7J6DM42|A0A7J6DM42_CANSA	P45078	41.5	176	1470	179	1.88e-42	148	11.8	95.5
tr|A0A7J6DM42|A0A7J6DM42_CANSA	P37472	42.3	175	1470	180	1.47e-40	143	11.9	93.9
tr|A0A7J6DM42|A0A7J6DM42_CANSA	O33799	41.9	172	1470	178	4.78e-40	141	11.6	93.8
tr|A0A7J6DM42|A0A7J6DM42_CANSA	Q839B2	41.1	175	1470	181	5.23e-40	141	11.9	93.4
tr|A0A7J6DM42|A0A7J6DM42_CANSA	P0A9M2	41.3	172	1470	178	1.65e-39	140	11.6	93.8
tr|A0A7J6DM42|A0A7J6DM42_CANSA	P0A9M3	41.3	172	1470	178	1.65e-39	140	11.6	93.8
tr|A0A7J6DM42|A0A7J6DM42_CANSA	P0A9M4	41.3	172	1470	178	1.65e-39	140	11.6	93.8
tr|A0A7J6DM42|A0A7J6DM42_CANSA	P18134	40.9	171	1470	176	3.42e-38	136	11.6	94.3
tr|A0A7J6DM42|A0A7J6DM42_CANSA	P37171	40.0	160	1470	182	3.57e-37	133	10.9	85.2
tr|A0A7J6DM42|A0A7J6DM42_CANSA	Q8K9U8	38.4	172	1470	177	5.71e-37	132	11.6	94.4
tr|A0A7J6DM42|A0A7J6DM42_CANSA	Q54NJ8	39.4	170	1470	180	6.24e-37	132	11.4	91.7
tr|A0A7J6DM42|A0A7J6DM42_CANSA	O69537	40.6	175	1470	203	1.67e-36	132	11.6	83.7
tr|A0A7J6DM42|A0A7J6DM42_CANSA	O66821	42.2	166	1470	178	3.76e-36	130	11.3	90.4
tr|A0A7J6DM42|A0A7J6DM42_CANSA	Q8DRP8	38.3	175	1470	180	3.99e-36	130	11.9	93.9
tr|A0A7J6DM42|A0A7J6DM42_CANSA	Q97TC4	38.3	175	1470	180	3.99e-36	130	11.9	93.9
tr|A0A7J6DM42|A0A7J6DM42_CANSA	Q5HRP4	37.8	180	1470	179	5.28e-36	130	12.2	97.2
tr|A0A7J6DM42|A0A7J6DM42_CANSA	Q8CQV4	37.8	180	1470	179	5.28e-36	130	12.2	97.2
tr|A0A7J6DM42|A0A7J6DM42_CANSA	P0DD40	34.9	175	1470	180	2.55e-35	128	11.9	93.9
tr|A0A7J6DM42|A0A7J6DM42_CANSA	P0DD41	34.9	175	1470	180	2.55e-35	128	11.9	93.9
tr|A0A7J6DM42|A0A7J6DM42_CANSA	Q5XEL6	34.9	175	1470	180	2.55e-35	128	11.9	93.9
tr|A0A7J6DM42|A0A7J6DM42_CANSA	Q7CNQ9	34.9	175	1470	180	2.55e-35	128	11.9	93.9
tr|A0A7J6DM42|A0A7J6DM42_CANSA	P65827	37.4	174	1470	179	3.38e-35	127	11.8	93.9
tr|A0A7J6DM42|A0A7J6DM42_CANSA	P65828	37.4	174	1470	179	3.38e-35	127	11.8	93.9
tr|A0A7J6DM42|A0A7J6DM42_CANSA	P99085	37.4	174	1470	179	3.38e-35	127	11.8	93.9
tr|A0A7J6DM42|A0A7J6DM42_CANSA	Q5HIG5	37.4	174	1470	179	3.38e-35	127	11.8	93.9
tr|A0A7J6DM42|A0A7J6DM42_CANSA	Q6GBX8	37.4	174	1470	179	3.38e-35	127	11.8	93.9
tr|A0A7J6DM42|A0A7J6DM42_CANSA	Q6GJG1	37.4	174	1470	179	3.38e-35	127	11.8	93.9
tr|A0A7J6DM42|A0A7J6DM42_CANSA	Q8E2H3	36.6	175	1470	180	4.74e-35	127	11.9	93.9
tr|A0A7J6DM42|A0A7J6DM42_CANSA	Q8E7Y1	36.6	175	1470	180	4.74e-35	127	11.9	93.9
tr|A0A7J6DM42|A0A7J6DM42_CANSA	Q92F56	39.7	179	1470	648	5.43e-35	138	12.2	26.7
tr|A0A7J6DM42|A0A7J6DM42_CANSA	Q8DWM8	36.0	175	1470	180	1.63e-34	125	11.9	93.9
tr|A0A7J6DM42|A0A7J6DM42_CANSA	Q724J4	38.5	179	1470	648	1.70e-34	136	12.2	26.7
tr|A0A7J6DM42|A0A7J6DM42_CANSA	Q8YAC7	38.5	179	1470	648	1.70e-34	136	12.2	26.7
tr|A0A7J6DM42|A0A7J6DM42_CANSA	Q5M216	37.7	175	1470	180	2.22e-34	125	11.9	93.9
tr|A0A7J6DM42|A0A7J6DM42_CANSA	Q5M6K8	37.7	175	1470	180	2.22e-34	125	11.9	93.9
tr|A0A7J6DM42|A0A7J6DM42_CANSA	P96794	38.9	175	1470	203	4.31e-34	125	11.6	83.7
tr|A0A7J6DM42|A0A7J6DM42_CANSA	P57291	36.6	172	1470	178	5.30e-34	124	11.6	93.8
tr|A0A7J6DM42|A0A7J6DM42_CANSA	Q02522	36.2	174	1470	183	3.40e-32	119	11.8	91.3
tr|A0A7J6DM42|A0A7J6DM42_CANSA	P0A5T1	38.3	175	1470	202	4.28e-32	119	11.6	84.2
tr|A0A7J6DM42|A0A7J6DM42_CANSA	P9WHQ8	38.3	175	1470	202	4.28e-32	119	11.6	84.2
tr|A0A7J6DM42|A0A7J6DM42_CANSA	P9WHQ9	38.3	175	1470	202	4.28e-32	119	11.6	84.2
tr|A0A7J6DM42|A0A7J6DM42_CANSA	P51900	35.3	173	1470	183	8.60e-32	118	11.8	91.3
tr|A0A7J6DM42|A0A7J6DM42_CANSA	Q27541	38.4	172	1470	208	7.05e-28	107	11.2	80.3
tr|A0A7J6DM42|A0A7J6DM42_CANSA	P43152	36.9	187	1470	211	6.56e-27	105	12.2	84.8
tr|A0A7J6DM42|A0A7J6DM42_CANSA	Q07010	32.6	175	1470	210	1.88e-25	100	11.3	81.0
tr|A0A7J6DM42|A0A7J6DM42_CANSA	P27605	32.6	178	1470	218	1.40e-20	87.0	11.4	78.4
tr|A0A7J6DM42|A0A7J6DM42_CANSA	P00493	32.6	178	1470	218	1.90e-20	86.7	11.4	78.4
tr|A0A7J6DM42|A0A7J6DM42_CANSA	P00494	32.6	178	1470	218	1.90e-20	86.7	11.4	78.4
tr|A0A7J6DM42|A0A7J6DM42_CANSA	Q45FY6	32.6	178	1470	218	1.90e-20	86.7	11.4	78.4
tr|A0A7J6DM42|A0A7J6DM42_CANSA	Q6WIT9	32.6	178	1470	218	2.57e-20	86.3	11.4	78.4
tr|A0A7J6DM42|A0A7J6DM42_CANSA	P47696	27.6	170	1470	175	3.16e-20	84.7	11.6	93.7
tr|A0A7J6DM42|A0A7J6DM42_CANSA	A5A6I1	32.0	178	1470	218	3.49e-20	85.9	11.4	78.4
tr|A0A7J6DM42|A0A7J6DM42_CANSA	Q9W719	33.1	178	1470	218	3.49e-20	85.9	11.4	78.4
tr|A0A7J6DM42|A0A7J6DM42_CANSA	Q3SZ18	32.6	178	1470	218	4.74e-20	85.5	11.4	78.4
tr|A0A7J6DM42|A0A7J6DM42_CANSA	P00492	32.0	178	1470	218	6.43e-20	85.1	11.4	78.4
tr|A0A7J6DM42|A0A7J6DM42_CANSA	Q6LDD9	32.0	178	1470	218	6.43e-20	85.1	11.4	78.4
tr|A0A7J6DM42|A0A7J6DM42_CANSA	P75119	32.4	136	1470	175	7.95e-20	83.6	9.3	74.9
tr|A0A7J6DM42|A0A7J6DM42_CANSA	P47959	32.0	178	1470	218	1.18e-19	84.3	11.4	78.4
tr|A0A7J6DM42|A0A7J6DM42_CANSA	P07833	35.7	112	1470	231	5.17e-14	68.2	7.6	45.5
tr|A0A7J6DM42|A0A7J6DM42_CANSA	P20035	35.7	112	1470	231	5.17e-14	68.2	7.6	45.5
tr|A0A7J6DM42|A0A7J6DM42_CANSA	P09383	35.4	147	1470	284	1.12e-13	68.2	9.0	47.5
tr|A0A7J6DM42|A0A7J6DM42_CANSA	Q26997	32.1	112	1470	230	5.79e-09	53.1	7.6	46.1
tr|A0A7J6DNS1|A0A7J6DNS1_CANSA	Q05865	33.5	316	523	430	4.75e-48	167	56.6	69.1
tr|A0A7J6DNS1|A0A7J6DNS1_CANSA	Q12676	32.5	317	523	427	9.08e-37	136	57.0	70.5
tr|A0A7J6DNS1|A0A7J6DNS1_CANSA	F4JYE9	28.6	517	523	530	1.04e-36	137	90.6	83.4
tr|A0A7J6DNS1|A0A7J6DNS1_CANSA	P08192	32.9	289	523	422	2.18e-29	115	52.2	62.8
tr|A0A7J6DNS1|A0A7J6DNS1_CANSA	P43775	41.6	154	523	437	3.54e-29	114	29.4	33.4
tr|A0A7J6DNS1|A0A7J6DNS1_CANSA	Q8K9X3	39.3	183	523	418	7.03e-29	113	34.6	40.9
tr|A0A7J6DNS1|A0A7J6DNS1_CANSA	Q9UTD0	30.1	319	523	417	9.41e-29	113	55.3	67.4
tr|A0A7J6DNS1|A0A7J6DNS1_CANSA	P57265	40.3	154	523	411	2.18e-28	112	29.4	35.8
tr|A0A7J6DNS1|A0A7J6DNS1_CANSA	Q89AT2	39.3	183	523	426	2.60e-28	112	34.6	41.3
tr|A0A7J6DNS1|A0A7J6DNS1_CANSA	I6Y0R5	32.6	242	523	487	1.91e-23	98.2	40.2	49.5
tr|A0A7J6DPH0|A0A7J6DPH0_CANSA	P42236	35.1	478	498	488	4.26e-84	263	94.0	96.7
tr|A0A7J6DPH0|A0A7J6DPH0_CANSA	D4GP41	32.9	483	498	482	2.80e-74	238	95.0	98.5
tr|A0A7J6DPH0|A0A7J6DPH0_CANSA	Q1JUP4	30.2	483	498	481	3.50e-70	227	94.6	97.3
tr|A0A7J6DPH0|A0A7J6DPH0_CANSA	Q97UA1	32.8	469	498	478	5.10e-68	221	90.6	94.8
tr|A0A7J6DPH0|A0A7J6DPH0_CANSA	Q0K4R1	30.2	169	498	527	1.74e-10	57.8	31.1	30.9
tr|A0A7J6DPP3|A0A7J6DPP3_CANSA	A8ACE0	28.6	399	634	402	5.31e-43	154	61.0	97.0
tr|A0A7J6DPP3|A0A7J6DPP3_CANSA	Q4JC46	29.6	379	634	398	6.72e-43	154	57.6	93.5
tr|A0A7J6DPP3|A0A7J6DPP3_CANSA	A5GX22	26.9	376	634	393	1.27e-37	139	58.0	94.4
tr|A0A7J6DPP3|A0A7J6DPP3_CANSA	Q18K60	26.0	361	634	401	5.07e-37	137	55.8	88.3
tr|A0A7J6DPP3|A0A7J6DPP3_CANSA	Q981B9	27.6	395	634	397	8.77e-37	137	60.6	97.0
tr|A0A7J6DPP3|A0A7J6DPP3_CANSA	Q96Y60	27.8	367	634	397	2.22e-36	135	56.0	90.9
tr|A0A7J6DPP3|A0A7J6DPP3_CANSA	A4IVS8	28.4	359	634	386	1.58e-35	133	55.5	91.2
tr|A0A7J6DPP3|A0A7J6DPP3_CANSA	Q14FN7	28.4	359	634	386	1.58e-35	133	55.5	91.2
tr|A0A7J6DPP3|A0A7J6DPP3_CANSA	Q5NE84	28.4	359	634	386	1.58e-35	133	55.5	91.2
tr|A0A7J6DPP3|A0A7J6DPP3_CANSA	A7N9C6	28.1	359	634	386	2.94e-35	132	55.5	91.2
tr|A0A7J6DPP3|A0A7J6DPP3_CANSA	Q0BP50	28.1	359	634	386	2.94e-35	132	55.5	91.2
tr|A0A7J6DPP3|A0A7J6DPP3_CANSA	Q2A5V8	28.1	359	634	386	2.94e-35	132	55.5	91.2
tr|A0A7J6DPP3|A0A7J6DPP3_CANSA	A0Q8N2	27.9	359	634	386	2.53e-34	129	55.5	91.2
tr|A0A7J6DPP3|A0A7J6DPP3_CANSA	A4G068	28.1	299	634	388	4.85e-34	129	46.1	76.3
tr|A0A7J6DPP3|A0A7J6DPP3_CANSA	Q39E61	28.2	387	634	404	6.34e-34	129	58.5	93.3
tr|A0A7J6DPP3|A0A7J6DPP3_CANSA	Q2SZW6	27.4	387	634	404	8.61e-34	128	58.5	93.3
tr|A0A7J6DPP3|A0A7J6DPP3_CANSA	A6VIB2	28.1	299	634	388	1.22e-33	127	46.1	76.3
tr|A0A7J6DPP3|A0A7J6DPP3_CANSA	Q3AUF2	27.5	375	634	392	1.77e-33	127	57.9	93.9
tr|A0A7J6DPP3|A0A7J6DPP3_CANSA	A0K993	28.2	387	634	404	2.15e-33	127	58.5	93.3
tr|A0A7J6DPP3|A0A7J6DPP3_CANSA	Q1BUU4	28.2	387	634	404	2.15e-33	127	58.5	93.3
tr|A0A7J6DPP3|A0A7J6DPP3_CANSA	Q6M0Z5	27.5	309	634	388	2.24e-33	127	47.6	78.6
tr|A0A7J6DPP3|A0A7J6DPP3_CANSA	A3N7B6	27.6	388	634	404	2.92e-33	127	58.5	93.3
tr|A0A7J6DPP3|A0A7J6DPP3_CANSA	Q58881	26.9	357	634	389	3.10e-33	126	55.2	89.5
tr|A0A7J6DPP3|A0A7J6DPP3_CANSA	A3NT04	27.3	388	634	404	7.28e-33	125	58.5	93.3
tr|A0A7J6DPP3|A0A7J6DPP3_CANSA	Q3JUJ4	27.3	388	634	404	7.28e-33	125	58.5	93.3
tr|A0A7J6DPP3|A0A7J6DPP3_CANSA	Q63VY4	27.3	388	634	404	7.28e-33	125	58.5	93.3
tr|A0A7J6DPP3|A0A7J6DPP3_CANSA	Q3A5Q4	26.4	382	634	393	8.27e-33	125	58.8	94.9
tr|A0A7J6DPP3|A0A7J6DPP3_CANSA	A1V2C2	27.3	388	634	404	9.87e-33	125	58.5	93.3
tr|A0A7J6DPP3|A0A7J6DPP3_CANSA	A2S4F3	27.3	388	634	404	9.87e-33	125	58.5	93.3
tr|A0A7J6DPP3|A0A7J6DPP3_CANSA	A3MI07	27.3	388	634	404	9.87e-33	125	58.5	93.3
tr|A0A7J6DPP3|A0A7J6DPP3_CANSA	Q62IF4	27.3	388	634	404	9.87e-33	125	58.5	93.3
tr|A0A7J6DPP3|A0A7J6DPP3_CANSA	A6URA6	27.2	309	634	388	1.40e-32	124	47.6	78.6
tr|A0A7J6DPP3|A0A7J6DPP3_CANSA	A2BWY5	24.4	360	634	390	1.97e-32	124	55.5	90.5
tr|A0A7J6DPP3|A0A7J6DPP3_CANSA	A4JGK4	27.4	387	634	404	2.46e-32	124	58.5	93.3
tr|A0A7J6DPP3|A0A7J6DPP3_CANSA	B7UYK0	28.8	371	634	393	3.79e-32	123	56.2	90.6
tr|A0A7J6DPP3|A0A7J6DPP3_CANSA	Q02RM4	28.8	371	634	393	3.79e-32	123	56.2	90.6
tr|A0A7J6DPP3|A0A7J6DPP3_CANSA	Q9HXP3	28.8	371	634	393	3.79e-32	123	56.2	90.6
tr|A0A7J6DPP3|A0A7J6DPP3_CANSA	Q0BD59	27.6	387	634	404	4.51e-32	123	58.5	93.3
tr|A0A7J6DPP3|A0A7J6DPP3_CANSA	Q7V3S4	28.6	378	634	388	4.74e-32	123	57.9	94.8
tr|A0A7J6DPP3|A0A7J6DPP3_CANSA	A6UUH1	28.7	310	634	391	4.98e-32	123	47.2	78.0
tr|A0A7J6DPP3|A0A7J6DPP3_CANSA	B4F1Q4	28.7	314	634	399	5.65e-32	123	47.3	76.2
tr|A0A7J6DPP3|A0A7J6DPP3_CANSA	B0BQ46	27.1	365	634	393	9.44e-32	122	56.2	90.6
tr|A0A7J6DPP3|A0A7J6DPP3_CANSA	C4LDC0	26.1	368	634	394	1.30e-31	122	56.6	91.4
tr|A0A7J6DPP3|A0A7J6DPP3_CANSA	Q31QP9	26.6	357	634	391	1.68e-31	121	55.2	89.8
tr|A0A7J6DPP3|A0A7J6DPP3_CANSA	Q55336	26.1	376	634	391	1.68e-31	121	57.7	93.6
tr|A0A7J6DPP3|A0A7J6DPP3_CANSA	Q5N3J5	26.6	357	634	391	1.68e-31	121	55.2	89.8
tr|A0A7J6DPP3|A0A7J6DPP3_CANSA	A2CE36	28.0	378	634	392	1.70e-31	121	57.9	93.9
tr|A0A7J6DPP3|A0A7J6DPP3_CANSA	C1DDZ2	26.9	368	634	393	1.73e-31	121	55.8	90.1
tr|A0A7J6DPP3|A0A7J6DPP3_CANSA	Q7V179	24.2	360	634	390	2.24e-31	121	55.5	90.5
tr|A0A7J6DPP3|A0A7J6DPP3_CANSA	Q9KSM8	27.3	363	634	391	3.08e-31	120	55.8	90.5
tr|A0A7J6DPP3|A0A7J6DPP3_CANSA	C3LLS4	27.3	363	634	393	3.17e-31	120	55.8	90.1
tr|A0A7J6DPP3|A0A7J6DPP3_CANSA	A1SWW0	26.4	390	634	396	3.32e-31	120	59.8	95.2
tr|A0A7J6DPP3|A0A7J6DPP3_CANSA	A6Q6K6	26.5	298	634	387	3.91e-31	120	46.1	76.2
tr|A0A7J6DPP3|A0A7J6DPP3_CANSA	A4SMX4	28.2	372	634	392	4.23e-31	120	56.2	91.1
tr|A0A7J6DPP3|A0A7J6DPP3_CANSA	A3N1B2	26.8	365	634	393	5.82e-31	120	56.2	90.6
tr|A0A7J6DPP3|A0A7J6DPP3_CANSA	B3GXZ2	26.8	365	634	393	5.82e-31	120	56.2	90.6
tr|A0A7J6DPP3|A0A7J6DPP3_CANSA	Q31DQ3	27.5	367	634	393	5.82e-31	120	56.2	91.1
tr|A0A7J6DPP3|A0A7J6DPP3_CANSA	A7MVH5	26.6	387	634	391	7.63e-31	119	59.6	95.9
tr|A0A7J6DPP3|A0A7J6DPP3_CANSA	Q6LRI4	28.3	364	634	391	7.63e-31	119	56.3	91.3
tr|A0A7J6DPP3|A0A7J6DPP3_CANSA	Q39QR8	26.0	384	634	392	1.05e-30	119	58.8	95.2
tr|A0A7J6DPP3|A0A7J6DPP3_CANSA	A4G4X3	28.1	381	634	407	1.31e-30	119	57.9	90.7
tr|A0A7J6DPP3|A0A7J6DPP3_CANSA	Q886V7	29.2	363	634	393	1.44e-30	119	54.9	88.5
tr|A0A7J6DPP3|A0A7J6DPP3_CANSA	Q07YK6	28.5	365	634	396	1.51e-30	119	55.2	88.4
tr|A0A7J6DPP3|A0A7J6DPP3_CANSA	A6Q186	27.4	299	634	388	1.81e-30	118	46.2	76.3
tr|A0A7J6DPP3|A0A7J6DPP3_CANSA	Q8D2R3	26.1	376	634	392	1.92e-30	118	56.5	91.1
tr|A0A7J6DPP3|A0A7J6DPP3_CANSA	Q48LW5	28.7	363	634	393	1.95e-30	118	54.9	88.5
tr|A0A7J6DPP3|A0A7J6DPP3_CANSA	Q4ZWZ4	29.2	363	634	393	2.64e-30	118	54.9	88.5
tr|A0A7J6DPP3|A0A7J6DPP3_CANSA	A1S9F3	26.3	365	634	392	3.51e-30	117	56.5	91.3
tr|A0A7J6DPP3|A0A7J6DPP3_CANSA	C3K1H6	29.3	369	634	393	3.56e-30	117	55.8	90.1
tr|A0A7J6DPP3|A0A7J6DPP3_CANSA	Q3KHJ9	29.3	369	634	393	4.82e-30	117	55.8	90.1
tr|A0A7J6DPP3|A0A7J6DPP3_CANSA	A7Z0Z2	24.7	384	634	384	5.68e-30	117	59.1	97.7
tr|A0A7J6DPP3|A0A7J6DPP3_CANSA	Q5E4R4	27.3	366	634	391	6.32e-30	117	56.3	91.3
tr|A0A7J6DPP3|A0A7J6DPP3_CANSA	Q142Q7	26.4	387	634	404	7.64e-30	117	58.5	93.3
tr|A0A7J6DPP3|A0A7J6DPP3_CANSA	Q7VBB3	23.8	357	634	393	8.80e-30	116	55.2	89.3
tr|A0A7J6DPP3|A0A7J6DPP3_CANSA	Q87Q53	26.4	368	634	391	1.15e-29	116	56.6	91.8
tr|A0A7J6DPP3|A0A7J6DPP3_CANSA	B8DJ34	26.7	371	634	393	1.19e-29	116	57.4	92.6
tr|A0A7J6DPP3|A0A7J6DPP3_CANSA	Q2IJJ5	27.8	370	634	387	1.47e-29	115	56.2	92.2
tr|A0A7J6DPP3|A0A7J6DPP3_CANSA	P46927	26.7	374	634	392	1.58e-29	115	56.6	91.3
tr|A0A7J6DPP3|A0A7J6DPP3_CANSA	Q4KHR3	27.6	369	634	393	1.61e-29	115	55.8	90.1
tr|A0A7J6DPP3|A0A7J6DPP3_CANSA	Q65VI3	25.9	363	634	393	1.61e-29	115	56.2	90.6
tr|A0A7J6DPP3|A0A7J6DPP3_CANSA	C5CP83	27.6	392	634	400	1.78e-29	115	58.7	94.3
tr|A0A7J6DPP3|A0A7J6DPP3_CANSA	Q1H1W4	27.4	387	634	400	1.78e-29	115	58.0	92.8
tr|A0A7J6DPP3|A0A7J6DPP3_CANSA	B2VJA4	27.1	369	634	392	2.14e-29	115	56.8	91.6
tr|A0A7J6DPP3|A0A7J6DPP3_CANSA	Q5JFN8	27.8	396	634	429	2.62e-29	115	57.9	89.0
tr|A0A7J6DPP3|A0A7J6DPP3_CANSA	A5GPT7	27.1	376	634	389	2.77e-29	115	57.9	94.6
tr|A0A7J6DPP3|A0A7J6DPP3_CANSA	A0KK42	27.4	361	634	392	2.89e-29	115	55.2	89.5
tr|A0A7J6DPP3|A0A7J6DPP3_CANSA	Q3AG69	26.8	377	634	392	2.89e-29	115	57.9	93.9
tr|A0A7J6DPP3|A0A7J6DPP3_CANSA	Q31AM1	25.0	372	634	391	3.85e-29	114	57.1	92.1
tr|A0A7J6DPP3|A0A7J6DPP3_CANSA	C4XMB3	25.7	378	634	393	3.96e-29	114	57.3	92.4
tr|A0A7J6DPP3|A0A7J6DPP3_CANSA	Q1I5Y3	28.7	369	634	393	5.35e-29	114	55.8	90.1
tr|A0A7J6DPP3|A0A7J6DPP3_CANSA	Q30UL7	25.7	374	634	387	6.62e-29	114	56.9	92.5
tr|A0A7J6DPP3|A0A7J6DPP3_CANSA	C6DFT2	28.3	364	634	392	7.12e-29	114	55.8	90.1
tr|A0A7J6DPP3|A0A7J6DPP3_CANSA	Q2NTH8	27.0	363	634	392	7.12e-29	114	55.8	90.1
tr|A0A7J6DPP3|A0A7J6DPP3_CANSA	Q9UY67	24.9	422	634	429	8.63e-29	114	62.6	96.0
tr|A0A7J6DPP3|A0A7J6DPP3_CANSA	A6SZI7	26.9	375	634	406	8.65e-29	114	56.3	89.2
tr|A0A7J6DPP3|A0A7J6DPP3_CANSA	A6L404	23.3	373	634	389	1.24e-28	113	57.3	94.3
tr|A0A7J6DPP3|A0A7J6DPP3_CANSA	Q6D4B6	28.3	364	634	392	1.75e-28	112	55.8	90.1
tr|A0A7J6DPP3|A0A7J6DPP3_CANSA	Q8KDJ0	24.6	374	634	392	1.75e-28	112	57.3	93.1
tr|A0A7J6DPP3|A0A7J6DPP3_CANSA	A4VIT1	26.2	370	634	393	1.77e-28	112	56.2	90.6
tr|A0A7J6DPP3|A0A7J6DPP3_CANSA	B1JDF0	28.5	369	634	393	1.77e-28	112	55.8	90.1
tr|A0A7J6DPP3|A0A7J6DPP3_CANSA	C6BV99	26.2	382	634	393	1.77e-28	112	57.6	92.9
tr|A0A7J6DPP3|A0A7J6DPP3_CANSA	Q0I203	24.3	370	634	393	1.77e-28	112	56.2	90.6
tr|A0A7J6DPP3|A0A7J6DPP3_CANSA	Q64UB2	23.2	375	634	388	3.01e-28	112	57.3	94.6
tr|A0A7J6DPP3|A0A7J6DPP3_CANSA	A7MEA0	27.9	383	634	392	3.19e-28	112	57.9	93.4
tr|A0A7J6DPP3|A0A7J6DPP3_CANSA	A1VFP6	26.4	367	634	393	3.23e-28	112	56.8	91.6
tr|A0A7J6DPP3|A0A7J6DPP3_CANSA	Q72E56	26.4	367	634	393	3.23e-28	112	56.8	91.6
tr|A0A7J6DPP3|A0A7J6DPP3_CANSA	A1A0S3	24.8	400	634	399	3.51e-28	112	59.1	98.2
tr|A0A7J6DPP3|A0A7J6DPP3_CANSA	Q47A50	26.8	385	634	399	3.51e-28	112	57.6	93.0
tr|A0A7J6DPP3|A0A7J6DPP3_CANSA	Q2KUD7	28.7	373	634	405	3.80e-28	112	56.2	89.4
tr|A0A7J6DPP3|A0A7J6DPP3_CANSA	Q0I600	27.6	359	634	389	4.12e-28	111	55.2	90.2
tr|A0A7J6DPP3|A0A7J6DPP3_CANSA	Q8XCJ9	27.1	377	634	392	4.30e-28	111	58.2	93.9
tr|A0A7J6DPP3|A0A7J6DPP3_CANSA	B0KRH6	28.5	369	634	393	4.36e-28	111	55.8	90.1
tr|A0A7J6DPP3|A0A7J6DPP3_CANSA	Q9CLZ5	25.6	395	634	393	4.36e-28	111	59.9	95.4
tr|A0A7J6DPP3|A0A7J6DPP3_CANSA	B8GRA4	26.1	395	634	399	4.73e-28	111	58.5	94.5
tr|A0A7J6DPP3|A0A7J6DPP3_CANSA	Q606K7	25.5	376	634	400	4.79e-28	111	56.6	91.0
tr|A0A7J6DPP3|A0A7J6DPP3_CANSA	Q8U3M7	25.2	417	634	429	5.13e-28	112	61.8	94.6
tr|A0A7J6DPP3|A0A7J6DPP3_CANSA	Q7M8I0	25.5	298	634	387	5.40e-28	111	46.1	76.2
tr|A0A7J6DPP3|A0A7J6DPP3_CANSA	A1RMT4	26.8	365	634	391	5.72e-28	111	55.2	89.5
tr|A0A7J6DPP3|A0A7J6DPP3_CANSA	A1K4Y1	25.5	368	634	393	5.88e-28	111	55.8	90.1
tr|A0A7J6DPP3|A0A7J6DPP3_CANSA	Q7W006	28.3	371	634	404	6.81e-28	111	55.8	89.1
tr|A0A7J6DPP3|A0A7J6DPP3_CANSA	O58056	26.9	402	634	430	6.98e-28	111	59.5	90.7
tr|A0A7J6DPP3|A0A7J6DPP3_CANSA	Q8A9W1	24.7	377	634	388	7.39e-28	110	57.3	94.6
tr|A0A7J6DPP3|A0A7J6DPP3_CANSA	Q0T3V7	27.2	379	634	392	7.82e-28	110	58.2	93.9
tr|A0A7J6DPP3|A0A7J6DPP3_CANSA	Q83KS0	27.2	379	634	392	7.82e-28	110	58.2	93.9
tr|A0A7J6DPP3|A0A7J6DPP3_CANSA	Q88MW1	28.5	369	634	393	7.92e-28	110	55.8	90.1
tr|A0A7J6DPP3|A0A7J6DPP3_CANSA	A1ANT6	24.0	383	634	394	8.03e-28	110	58.7	94.4
tr|A0A7J6DPP3|A0A7J6DPP3_CANSA	Q8FMB3	27.0	370	634	402	8.94e-28	110	55.8	89.6
tr|A0A7J6DPP3|A0A7J6DPP3_CANSA	Q5LD90	23.2	375	634	388	9.97e-28	110	57.3	94.6
tr|A0A7J6DPP3|A0A7J6DPP3_CANSA	A9MNE8	27.1	369	634	392	1.05e-27	110	56.8	91.6
tr|A0A7J6DPP3|A0A7J6DPP3_CANSA	Q7WEY0	27.6	373	634	406	1.27e-27	110	55.8	88.7
tr|A0A7J6DPP3|A0A7J6DPP3_CANSA	Q7VNI4	26.0	366	634	393	1.44e-27	110	56.2	90.6
tr|A0A7J6DPP3|A0A7J6DPP3_CANSA	Q0VRD0	27.5	382	634	397	1.52e-27	110	57.6	91.9
tr|A0A7J6DPP3|A0A7J6DPP3_CANSA	Q7W3K5	27.6	373	634	406	1.71e-27	110	55.8	88.7
tr|A0A7J6DPP3|A0A7J6DPP3_CANSA	Q46KI4	24.2	359	634	387	1.79e-27	109	55.2	90.4
tr|A0A7J6DPP3|A0A7J6DPP3_CANSA	B4SVD3	26.8	369	634	392	1.91e-27	109	56.8	91.6
tr|A0A7J6DPP3|A0A7J6DPP3_CANSA	B4TYQ6	26.8	369	634	392	1.91e-27	109	56.8	91.6
tr|A0A7J6DPP3|A0A7J6DPP3_CANSA	Q8ZNW5	26.2	385	634	392	1.91e-27	109	59.3	95.7
tr|A0A7J6DPP3|A0A7J6DPP3_CANSA	B2K0H3	26.6	364	634	393	1.94e-27	109	55.8	89.8
tr|A0A7J6DPP3|A0A7J6DPP3_CANSA	Q66BW5	26.6	364	634	393	1.94e-27	109	55.8	89.8
tr|A0A7J6DPP3|A0A7J6DPP3_CANSA	Q8EBB7	26.2	385	634	391	2.55e-27	109	58.0	94.4
tr|A0A7J6DPP3|A0A7J6DPP3_CANSA	B5BH72	26.8	369	634	392	2.58e-27	109	56.8	91.6
tr|A0A7J6DPP3|A0A7J6DPP3_CANSA	B5FSQ0	26.8	369	634	392	2.58e-27	109	56.8	91.6
tr|A0A7J6DPP3|A0A7J6DPP3_CANSA	C0Q2G8	26.8	369	634	392	2.58e-27	109	56.8	91.6
tr|A0A7J6DPP3|A0A7J6DPP3_CANSA	Q57NB7	26.8	369	634	392	2.58e-27	109	56.8	91.6
tr|A0A7J6DPP3|A0A7J6DPP3_CANSA	Q5PIA0	26.8	369	634	392	2.58e-27	109	56.8	91.6
tr|A0A7J6DPP3|A0A7J6DPP3_CANSA	Q8Z5X3	26.8	369	634	392	2.58e-27	109	56.8	91.6
tr|A0A7J6DPP3|A0A7J6DPP3_CANSA	A4QHG1	26.1	371	634	408	3.18e-27	109	55.8	88.2
tr|A0A7J6DPP3|A0A7J6DPP3_CANSA	Q8NM23	26.1	371	634	408	3.18e-27	109	55.8	88.2
tr|A0A7J6DPP3|A0A7J6DPP3_CANSA	A2C2S8	24.2	359	634	387	3.25e-27	108	55.2	90.4
tr|A0A7J6DPP3|A0A7J6DPP3_CANSA	Q7MK47	25.2	385	634	391	3.43e-27	108	59.3	95.4
tr|A0A7J6DPP3|A0A7J6DPP3_CANSA	Q8DA32	25.2	385	634	391	3.43e-27	108	59.3	95.4
tr|A0A7J6DPP3|A0A7J6DPP3_CANSA	Q8G5B0	25.5	385	634	399	3.81e-27	108	56.8	95.0
tr|A0A7J6DPP3|A0A7J6DPP3_CANSA	B1Y650	27.2	390	634	405	4.12e-27	108	57.7	92.8
tr|A0A7J6DPP3|A0A7J6DPP3_CANSA	Q7U3B3	26.7	378	634	388	4.44e-27	108	57.9	94.8
tr|A0A7J6DPP3|A0A7J6DPP3_CANSA	A1AC10	27.2	379	634	392	4.69e-27	108	58.2	93.9
tr|A0A7J6DPP3|A0A7J6DPP3_CANSA	A9MUY8	26.8	369	634	392	4.69e-27	108	56.8	91.6
tr|A0A7J6DPP3|A0A7J6DPP3_CANSA	B2U494	27.2	379	634	392	4.69e-27	108	58.2	93.9
tr|A0A7J6DPP3|A0A7J6DPP3_CANSA	Q0TGY3	27.2	379	634	392	4.69e-27	108	58.2	93.9
tr|A0A7J6DPP3|A0A7J6DPP3_CANSA	Q1RAT6	27.2	379	634	392	4.69e-27	108	58.2	93.9
tr|A0A7J6DPP3|A0A7J6DPP3_CANSA	Q32HB3	27.2	379	634	392	4.69e-27	108	58.2	93.9
tr|A0A7J6DPP3|A0A7J6DPP3_CANSA	Q2N8K3	25.5	369	634	390	6.15e-27	108	56.2	92.1
tr|A0A7J6DPP3|A0A7J6DPP3_CANSA	A4TKC7	26.4	364	634	393	6.40e-27	108	55.8	89.8
tr|A0A7J6DPP3|A0A7J6DPP3_CANSA	A9R5W9	26.4	364	634	393	6.40e-27	108	55.8	89.8
tr|A0A7J6DPP3|A0A7J6DPP3_CANSA	B1JP38	26.4	364	634	393	6.40e-27	108	55.8	89.8
tr|A0A7J6DPP3|A0A7J6DPP3_CANSA	Q1C8V8	26.4	364	634	393	6.40e-27	108	55.8	89.8
tr|A0A7J6DPP3|A0A7J6DPP3_CANSA	Q1CH54	26.4	364	634	393	6.40e-27	108	55.8	89.8
tr|A0A7J6DPP3|A0A7J6DPP3_CANSA	Q7CHW4	26.4	364	634	393	6.40e-27	108	55.8	89.8
tr|A0A7J6DPP3|A0A7J6DPP3_CANSA	A4Y447	26.8	365	634	391	8.39e-27	107	55.2	89.5
tr|A0A7J6DPP3|A0A7J6DPP3_CANSA	B1XHB7	27.2	379	634	392	8.50e-27	107	58.2	93.9
tr|A0A7J6DPP3|A0A7J6DPP3_CANSA	C4ZZK6	27.2	379	634	392	8.50e-27	107	58.2	93.9
tr|A0A7J6DPP3|A0A7J6DPP3_CANSA	P33221	27.2	379	634	392	8.50e-27	107	58.2	93.9
tr|A0A7J6DPP3|A0A7J6DPP3_CANSA	Q3Z2K0	27.2	379	634	392	8.50e-27	107	58.2	93.9
tr|A0A7J6DPP3|A0A7J6DPP3_CANSA	A0R2Y2	27.0	370	634	400	9.43e-27	107	55.8	90.0
tr|A0A7J6DPP3|A0A7J6DPP3_CANSA	Q0SEI4	27.9	387	634	403	9.79e-27	107	57.9	91.6
tr|A0A7J6DPP3|A0A7J6DPP3_CANSA	A3PD91	23.0	370	634	391	1.13e-26	107	57.1	92.1
tr|A0A7J6DPP3|A0A7J6DPP3_CANSA	A0L052	25.9	390	634	391	1.52e-26	107	59.0	94.9
tr|A0A7J6DPP3|A0A7J6DPP3_CANSA	A2BRG6	23.5	362	634	391	1.52e-26	107	55.5	90.3
tr|A0A7J6DPP3|A0A7J6DPP3_CANSA	Q0HFS6	25.9	390	634	391	1.52e-26	107	59.0	94.9
tr|A0A7J6DPP3|A0A7J6DPP3_CANSA	Q0HS20	25.9	390	634	391	1.52e-26	107	59.0	94.9
tr|A0A7J6DPP3|A0A7J6DPP3_CANSA	A6GWP9	24.2	363	634	386	2.58e-26	106	55.5	91.7
tr|A0A7J6DPP3|A0A7J6DPP3_CANSA	Q0KAH8	27.2	375	634	401	3.13e-26	106	56.2	90.3
tr|A0A7J6DPP3|A0A7J6DPP3_CANSA	A3M4Q9	26.1	376	634	402	3.17e-26	106	56.8	91.0
tr|A0A7J6DPP3|A0A7J6DPP3_CANSA	Q3M8Q4	26.0	362	634	391	3.71e-26	105	55.2	89.8
tr|A0A7J6DPP3|A0A7J6DPP3_CANSA	Q30XN3	26.6	369	634	393	3.81e-26	105	56.8	91.6
tr|A0A7J6DPP3|A0A7J6DPP3_CANSA	B1MKI7	25.6	390	634	402	4.26e-26	105	58.2	93.8
tr|A0A7J6DPP3|A0A7J6DPP3_CANSA	Q322G6	26.9	379	634	392	5.06e-26	105	58.2	93.9
tr|A0A7J6DPP3|A0A7J6DPP3_CANSA	Q6FAM6	26.9	376	634	404	5.87e-26	105	56.8	90.6
tr|A0A7J6DPP3|A0A7J6DPP3_CANSA	Q72LY0	23.9	372	634	387	6.39e-26	105	56.9	93.5
tr|A0A7J6DPP3|A0A7J6DPP3_CANSA	Q8EYF0	23.9	372	634	387	6.39e-26	105	56.9	93.5
tr|A0A7J6DPP3|A0A7J6DPP3_CANSA	A1U3I4	24.7	377	634	390	6.64e-26	105	57.3	93.1
tr|A0A7J6DPP3|A0A7J6DPP3_CANSA	Q3SKP9	26.5	374	634	398	7.34e-26	105	56.2	90.7
tr|A0A7J6DPP3|A0A7J6DPP3_CANSA	A4T9D5	26.2	405	634	400	7.52e-26	105	61.0	96.3
tr|A0A7J6DPP3|A0A7J6DPP3_CANSA	A1VT89	26.3	373	634	401	7.62e-26	105	55.8	89.8
tr|A0A7J6DPP3|A0A7J6DPP3_CANSA	A3D1A0	27.0	385	634	391	9.05e-26	104	58.0	94.4
tr|A0A7J6DPP3|A0A7J6DPP3_CANSA	A6LHW2	25.7	374	634	393	9.28e-26	104	57.3	92.4
tr|A0A7J6DPP3|A0A7J6DPP3_CANSA	B2FTB9	26.9	364	634	395	1.28e-25	104	56.2	90.1
tr|A0A7J6DPP3|A0A7J6DPP3_CANSA	B3R259	26.8	377	634	401	1.38e-25	104	56.2	90.3
tr|A0A7J6DPP3|A0A7J6DPP3_CANSA	Q04P21	23.8	361	634	387	1.56e-25	103	55.2	91.0
tr|A0A7J6DPP3|A0A7J6DPP3_CANSA	Q056L2	23.8	361	634	387	1.56e-25	103	55.2	91.0
tr|A0A7J6DPP3|A0A7J6DPP3_CANSA	A6WK72	27.0	385	634	391	2.20e-25	103	58.0	94.4
tr|A0A7J6DPP3|A0A7J6DPP3_CANSA	B5XQ21	26.5	373	634	392	2.23e-25	103	57.1	92.1
tr|A0A7J6DPP3|A0A7J6DPP3_CANSA	A1TE53	27.1	373	634	400	2.46e-25	103	55.8	90.0
tr|A0A7J6DPP3|A0A7J6DPP3_CANSA	Q470L8	27.7	376	634	401	2.49e-25	103	56.2	90.3
tr|A0A7J6DPP3|A0A7J6DPP3_CANSA	A1JLK9	26.1	368	634	393	3.04e-25	103	55.8	89.8
tr|A0A7J6DPP3|A0A7J6DPP3_CANSA	B4SP00	26.6	364	634	395	3.11e-25	103	56.2	90.1
tr|A0A7J6DPP3|A0A7J6DPP3_CANSA	Q4JXR6	24.1	370	634	411	3.75e-25	103	55.2	86.9
tr|A0A7J6DPP3|A0A7J6DPP3_CANSA	A9BNI6	27.1	380	634	405	4.70e-25	102	55.8	90.1
tr|A0A7J6DPP3|A0A7J6DPP3_CANSA	A1TV10	26.9	390	634	414	6.98e-25	102	56.2	90.6
tr|A0A7J6DPP3|A0A7J6DPP3_CANSA	Q1LMC7	26.5	377	634	400	8.01e-25	102	56.2	90.5
tr|A0A7J6DPP3|A0A7J6DPP3_CANSA	P39771	22.8	381	634	384	1.61e-24	100	58.4	97.4
tr|A0A7J6DPP3|A0A7J6DPP3_CANSA	C5BGW0	23.9	380	634	392	1.77e-24	100	58.2	93.9
tr|A0A7J6DPP3|A0A7J6DPP3_CANSA	Q2SJZ8	26.2	370	634	400	1.94e-24	100	55.5	88.0
tr|A0A7J6DPP3|A0A7J6DPP3_CANSA	Q12FU8	27.3	374	634	402	1.99e-24	100	55.8	89.6
tr|A0A7J6DPP3|A0A7J6DPP3_CANSA	B2SRI5	27.7	307	634	400	2.61e-24	100	47.2	76.0
tr|A0A7J6DPP3|A0A7J6DPP3_CANSA	Q2P047	27.7	307	634	400	2.61e-24	100	47.2	76.0
tr|A0A7J6DPP3|A0A7J6DPP3_CANSA	Q5GWZ8	27.7	307	634	400	2.61e-24	100	47.2	76.0
tr|A0A7J6DPP3|A0A7J6DPP3_CANSA	Q21SJ0	26.8	396	634	408	3.82e-24	100	57.9	92.6
tr|A0A7J6DPP3|A0A7J6DPP3_CANSA	Q3BW63	27.4	307	634	400	6.31e-24	99.4	47.2	76.0
tr|A0A7J6DPP3|A0A7J6DPP3_CANSA	A1BHN0	23.5	371	634	389	7.48e-24	99.0	57.3	93.8
tr|A0A7J6DPP3|A0A7J6DPP3_CANSA	B0RY47	27.7	307	634	400	1.14e-23	98.6	47.2	76.0
tr|A0A7J6DPP3|A0A7J6DPP3_CANSA	Q4US21	27.7	307	634	400	1.14e-23	98.6	47.2	76.0
tr|A0A7J6DPP3|A0A7J6DPP3_CANSA	Q8PBI2	27.7	307	634	400	1.14e-23	98.6	47.2	76.0
tr|A0A7J6DPP3|A0A7J6DPP3_CANSA	Q8PN36	27.4	307	634	400	2.74e-23	97.4	47.2	76.0
tr|A0A7J6DPP3|A0A7J6DPP3_CANSA	Q8YXB6	25.1	362	634	391	3.34e-23	97.1	55.2	89.8
tr|A0A7J6DPP3|A0A7J6DPP3_CANSA	Q0W4L8	24.9	393	634	426	1.52e-22	95.5	57.4	88.7
tr|A0A7J6DQR9|A0A7J6DQR9_CANSA	P42236	37.8	476	1475	488	3.37e-96	314	31.7	96.7
tr|A0A7J6DQR9|A0A7J6DQR9_CANSA	Q97UA1	38.4	469	1475	478	1.84e-93	306	31.1	96.2
tr|A0A7J6DQR9|A0A7J6DQR9_CANSA	D4GP41	37.4	463	1475	482	1.29e-84	281	30.4	93.8
tr|A0A7J6DQR9|A0A7J6DQR9_CANSA	Q1JUP4	33.3	472	1475	481	1.48e-83	278	31.9	97.3
tr|A0A7J6DQR9|A0A7J6DQR9_CANSA	Q08IC0	23.3	477	1475	525	1.13e-10	60.5	29.4	85.7
tr|A0A7J6DT29|A0A7J6DT29_CANSA	P42236	35.7	235	243	488	7.64e-44	149	96.3	46.7
tr|A0A7J6DT29|A0A7J6DT29_CANSA	Q1JUP4	32.3	223	243	481	6.56e-34	122	91.8	44.9
tr|A0A7J6DT29|A0A7J6DT29_CANSA	Q97UA1	30.6	222	243	478	9.84e-30	110	90.9	44.8
tr|A0A7J6DT29|A0A7J6DT29_CANSA	D4GP41	28.6	231	243	482	2.02e-26	101	94.7	46.5
tr|A0A7J6E0B1|A0A7J6E0B1_CANSA	C9RH78	29.9	127	182	183	1.42e-17	71.6	69.2	67.8
tr|A0A7J6E0B1|A0A7J6E0B1_CANSA	F6BB32	29.0	124	182	183	2.76e-17	70.9	67.6	66.1
tr|A0A7J6E0B1|A0A7J6E0B1_CANSA	E3GW42	30.6	124	182	189	4.32e-17	70.5	67.6	64.0
tr|A0A7J6E0B1|A0A7J6E0B1_CANSA	F0T7W2	27.4	124	182	190	8.56e-17	69.7	67.6	63.2
tr|A0A7J6E0B1|A0A7J6E0B1_CANSA	C7P7L7	27.4	124	182	183	3.99e-16	67.8	67.6	66.1
tr|A0A7J6E0B1|A0A7J6E0B1_CANSA	D7DQT8	32.3	124	182	187	4.29e-16	67.8	67.0	64.7
tr|A0A7J6E0B1|A0A7J6E0B1_CANSA	D3S8C7	28.2	124	182	196	9.71e-16	67.0	67.6	61.7
tr|A0A7J6E0B1|A0A7J6E0B1_CANSA	Q0W496	29.8	124	182	191	1.73e-15	66.2	67.6	62.8
tr|A0A7J6E0B1|A0A7J6E0B1_CANSA	D5E7U7	29.3	140	182	190	3.30e-15	65.5	76.4	70.5
tr|A0A7J6E0B1|A0A7J6E0B1_CANSA	D1YVK0	28.3	127	182	191	3.35e-15	65.5	69.2	64.4
tr|A0A7J6E0B1|A0A7J6E0B1_CANSA	D3S0H7	28.0	143	182	187	8.46e-15	64.3	78.0	74.3
tr|A0A7J6E0B1|A0A7J6E0B1_CANSA	O27375	29.8	124	182	193	9.33e-15	64.3	67.6	62.2
tr|A0A7J6E0B1|A0A7J6E0B1_CANSA	D5VT38	28.6	140	182	183	1.53e-14	63.5	76.4	73.8
tr|A0A7J6E0B1|A0A7J6E0B1_CANSA	A2SPY9	33.0	103	182	187	1.64e-14	63.5	56.0	53.5
tr|A0A7J6E0B1|A0A7J6E0B1_CANSA	B5IAJ6	24.6	122	182	185	2.20e-14	63.2	66.5	64.3
tr|A0A7J6E0B1|A0A7J6E0B1_CANSA	A0B870	27.7	141	182	190	2.39e-14	63.2	76.9	72.1
tr|A0A7J6E0B1|A0A7J6E0B1_CANSA	Q12W31	31.7	126	182	190	2.39e-14	63.2	68.7	64.2
tr|A0A7J6E0B1|A0A7J6E0B1_CANSA	O33174	31.7	126	182	193	2.50e-14	63.2	67.6	63.7
tr|A0A7J6E0B1|A0A7J6E0B1_CANSA	Q59049	26.6	124	182	183	2.97e-14	62.8	67.6	66.1
tr|A0A7J6E0B1|A0A7J6E0B1_CANSA	A6UX50	31.1	106	182	183	4.12e-14	62.4	57.7	56.3
tr|A0A7J6E0B1|A0A7J6E0B1_CANSA	F8AJL1	31.9	119	182	183	7.97e-14	61.6	64.8	62.3
tr|A0A7J6E0B1|A0A7J6E0B1_CANSA	F4BT36	30.1	123	182	189	8.76e-14	61.6	67.0	62.4
tr|A0A7J6E0B1|A0A7J6E0B1_CANSA	Q8PVT4	28.7	122	182	189	8.76e-14	61.6	66.5	62.4
tr|A0A7J6E0B1|A0A7J6E0B1_CANSA	A6URC7	27.4	124	182	185	1.14e-13	61.2	67.6	64.9
tr|A0A7J6E0B1|A0A7J6E0B1_CANSA	Q6M0X3	26.6	124	182	185	1.14e-13	61.2	67.6	64.9
tr|A0A7J6E0B1|A0A7J6E0B1_CANSA	A4G043	27.4	124	182	185	2.20e-13	60.5	67.6	64.9
tr|A0A7J6E0B1|A0A7J6E0B1_CANSA	A9A8E9	26.6	124	182	185	2.20e-13	60.5	67.6	64.9
tr|A0A7J6E0B1|A0A7J6E0B1_CANSA	A6VID5	27.4	124	182	185	3.06e-13	60.1	67.6	64.9
tr|A0A7J6E0B1|A0A7J6E0B1_CANSA	Q46C14	27.9	122	182	190	3.30e-13	60.1	66.5	62.6
tr|A0A7J6E0B1|A0A7J6E0B1_CANSA	Q8TSS8	27.9	122	182	189	4.51e-13	59.7	66.5	62.4
tr|A0A7J6E0B1|A0A7J6E0B1_CANSA	F6D512	27.4	124	182	190	6.34e-13	59.3	67.6	63.2
tr|A0A7J6E0B1|A0A7J6E0B1_CANSA	B8GDM8	27.6	134	182	182	1.50e-12	58.2	72.0	71.4
tr|A0A7J6E0B1|A0A7J6E0B1_CANSA	D3DYU7	25.2	123	182	188	1.64e-12	58.2	67.0	63.8
tr|A0A7J6E0B1|A0A7J6E0B1_CANSA	Q8TXQ0	29.5	122	182	187	5.93e-12	56.6	66.5	63.6
tr|A0A7J6E0B1|A0A7J6E0B1_CANSA	F7XQS2	28.8	125	182	190	1.18e-11	55.8	67.6	63.2
tr|A0A7J6E0B1|A0A7J6E0B1_CANSA	B1YHS1	28.7	136	182	194	1.72e-11	55.5	72.5	70.1
tr|A0A7J6E0B1|A0A7J6E0B1_CANSA	D7E9E7	25.2	123	182	190	2.25e-11	55.1	67.0	62.6
tr|A0A7J6E0B1|A0A7J6E0B1_CANSA	C4L0T7	30.1	136	182	193	2.34e-11	55.1	72.5	70.5
tr|A0A7J6E0B1|A0A7J6E0B1_CANSA	C1DBA1	28.0	143	182	190	3.11e-11	54.7	73.6	74.2
tr|A0A7J6E0B1|A0A7J6E0B1_CANSA	Q2FSD3	27.6	127	182	182	9.65e-10	50.4	67.0	65.9
tr|A0A7J6E0B1|A0A7J6E0B1_CANSA	Q0STE8	29.1	148	182	192	5.27e-09	48.5	76.4	76.0
tr|A0A7J6E0B1|A0A7J6E0B1_CANSA	Q0TQZ9	29.1	148	182	192	5.27e-09	48.5	76.4	76.0
tr|A0A7J6E0B1|A0A7J6E0B1_CANSA	Q8XKV0	29.1	148	182	192	5.27e-09	48.5	76.4	76.0
tr|A0A7J6E0B1|A0A7J6E0B1_CANSA	Q04GD7	24.3	144	182	206	8.19e-09	48.1	75.3	68.4
tr|A0A7J6E0B1|A0A7J6E0B1_CANSA	Q1J141	26.4	144	182	202	1.08e-08	47.8	75.8	71.3
tr|A0A7J6E0B1|A0A7J6E0B1_CANSA	A6L3C5	23.2	142	182	188	6.29e-08	45.4	76.4	75.5
tr|A0A7J6E0B1|A0A7J6E0B1_CANSA	C1CZX7	23.9	134	182	193	1.23e-07	44.7	71.4	69.4
tr|A0A7J6E0B1|A0A7J6E0B1_CANSA	Q9RTY2	25.7	167	182	193	5.79e-07	42.7	87.9	83.4
tr|A0A7J6E0B1|A0A7J6E0B1_CANSA	Q38VB9	22.9	144	182	195	5.87e-07	42.7	76.4	73.3
tr|A0A7J6E0B1|A0A7J6E0B1_CANSA	Q3K111	22.8	136	182	193	1.99e-06	41.2	72.5	70.5
tr|A0A7J6E0B1|A0A7J6E0B1_CANSA	Q8DZL5	22.8	136	182	193	1.99e-06	41.2	72.5	70.5
tr|A0A7J6E0B1|A0A7J6E0B1_CANSA	Q8E5B5	22.8	136	182	193	1.99e-06	41.2	72.5	70.5
tr|A0A7J6E0B1|A0A7J6E0B1_CANSA	Q5WI27	24.2	128	182	201	3.86e-06	40.4	67.6	63.7
tr|A0A7J6E1W5|A0A7J6E1W5_CANSA	P42236	33.7	475	510	488	1.18e-83	263	90.2	95.3
tr|A0A7J6E1W5|A0A7J6E1W5_CANSA	Q97UA1	32.1	452	510	478	5.67e-65	213	86.9	92.9
tr|A0A7J6E1W5|A0A7J6E1W5_CANSA	Q1JUP4	31.9	474	510	481	2.32e-64	212	89.8	96.9
tr|A0A7J6E1W5|A0A7J6E1W5_CANSA	D4GP41	32.0	463	510	482	6.72e-63	208	88.4	94.2
tr|A0A7J6E4R9|A0A7J6E4R9_CANSA	F4JYE9	63.6	44	190	530	7.13e-12	58.2	23.2	8.3
tr|A0A7J6E6K1|A0A7J6E6K1_CANSA	P0AFC0	33.0	100	239	150	1.04e-10	53.5	40.2	65.3
tr|A0A7J6E6K1|A0A7J6E6K1_CANSA	P0AFC1	33.0	100	239	150	1.04e-10	53.5	40.2	65.3
tr|A0A7J6E6K1|A0A7J6E6K1_CANSA	P0AFC2	33.0	100	239	150	1.04e-10	53.5	40.2	65.3
tr|A0A7J6EDY8|A0A7J6EDY8_CANSA	D0KG93	27.6	196	420	188	3.29e-06	42.4	44.3	95.7
tr|A0A7J6EDY8|A0A7J6EDY8_CANSA	B3PXI8	30.4	148	420	197	3.60e-06	42.4	34.0	71.1
tr|A0A7J6EF14|A0A7J6EF14_CANSA	A8QL52	40.7	91	551	517	2.19e-11	60.8	16.0	17.2
tr|A0A7J6EF14|A0A7J6EF14_CANSA	P81382	41.3	75	551	516	4.69e-10	56.6	13.6	13.6
tr|A0A7J6EK26|A0A7J6EK26_CANSA	P42236	39.1	476	506	488	1.43e-105	319	92.5	96.7
tr|A0A7J6EK26|A0A7J6EK26_CANSA	Q97UA1	38.8	469	506	478	4.55e-101	307	90.5	96.2
tr|A0A7J6EK26|A0A7J6EK26_CANSA	D4GP41	37.4	463	506	482	6.26e-92	284	89.1	93.8
tr|A0A7J6EK26|A0A7J6EK26_CANSA	Q1JUP4	32.2	472	506	481	1.45e-89	278	93.1	97.3
tr|A0A7J6EK26|A0A7J6EK26_CANSA	Q08IC0	23.4	478	506	525	2.03e-12	63.9	86.0	85.7
tr|A0A7J6EK34|A0A7J6EK34_CANSA	P42236	39.1	453	1611	488	2.10e-93	306	27.6	91.8
tr|A0A7J6EK34|A0A7J6EK34_CANSA	Q97UA1	38.1	462	1611	478	7.65e-91	299	28.0	94.8
tr|A0A7J6EK34|A0A7J6EK34_CANSA	Q1JUP4	32.5	462	1611	481	5.28e-76	256	28.6	95.2
tr|A0A7J6EK34|A0A7J6EK34_CANSA	D4GP41	38.2	395	1611	482	3.39e-75	254	24.1	81.1
tr|A0A7J6EK34|A0A7J6EK34_CANSA	Q08IC0	23.0	474	1611	525	1.83e-11	63.2	27.0	85.9
tr|A0A7J6ESC4|A0A7J6ESC4_CANSA	D7DQT8	33.1	133	267	187	5.68e-16	69.3	49.4	69.0
tr|A0A7J6ESC4|A0A7J6ESC4_CANSA	D5E7U7	31.7	145	267	190	1.08e-14	65.9	53.2	73.2
tr|A0A7J6ESC4|A0A7J6ESC4_CANSA	F6BB32	30.2	129	267	183	1.81e-14	65.1	47.9	68.9
tr|A0A7J6ESC4|A0A7J6ESC4_CANSA	C9RH78	31.5	124	267	183	2.49e-14	64.7	46.1	66.1
tr|A0A7J6ESC4|A0A7J6ESC4_CANSA	C7P7L7	30.2	129	267	183	3.43e-14	64.3	47.9	68.9
tr|A0A7J6ESC4|A0A7J6ESC4_CANSA	Q8PVT4	33.0	115	267	189	9.86e-14	63.2	42.7	59.3
tr|A0A7J6ESC4|A0A7J6ESC4_CANSA	A6URC7	31.5	124	267	185	1.27e-13	62.8	46.1	64.9
tr|A0A7J6ESC4|A0A7J6ESC4_CANSA	O27375	29.9	127	267	193	1.98e-13	62.4	47.2	63.7
tr|A0A7J6ESC4|A0A7J6ESC4_CANSA	A0B870	31.5	127	267	190	3.56e-13	61.6	47.2	65.3
tr|A0A7J6ESC4|A0A7J6ESC4_CANSA	F8AJL1	35.2	108	267	183	4.36e-13	61.2	40.1	57.4
tr|A0A7J6ESC4|A0A7J6ESC4_CANSA	D3S8C7	30.2	129	267	196	5.35e-13	61.2	47.9	64.3
tr|A0A7J6ESC4|A0A7J6ESC4_CANSA	F0T7W2	24.8	129	267	190	6.69e-13	60.8	47.9	65.8
tr|A0A7J6ESC4|A0A7J6ESC4_CANSA	B8GDM8	36.9	103	267	182	8.08e-13	60.5	38.2	54.9
tr|A0A7J6ESC4|A0A7J6ESC4_CANSA	E3GW42	27.6	127	267	189	9.03e-13	60.5	47.2	65.6
tr|A0A7J6ESC4|A0A7J6ESC4_CANSA	Q0W496	30.8	120	267	191	9.31e-13	60.5	44.6	60.7
tr|A0A7J6ESC4|A0A7J6ESC4_CANSA	A4G043	30.6	124	267	185	1.16e-12	60.1	46.1	64.9
tr|A0A7J6ESC4|A0A7J6ESC4_CANSA	A9A8E9	29.8	124	267	185	1.16e-12	60.1	46.1	64.9
tr|A0A7J6ESC4|A0A7J6ESC4_CANSA	Q8TSS8	31.8	110	267	189	1.24e-12	60.1	40.8	56.6
tr|A0A7J6ESC4|A0A7J6ESC4_CANSA	Q6M0X3	29.8	124	267	185	1.59e-12	59.7	46.1	64.9
tr|A0A7J6ESC4|A0A7J6ESC4_CANSA	Q46C14	28.7	122	267	190	1.72e-12	59.7	45.3	62.6
tr|A0A7J6ESC4|A0A7J6ESC4_CANSA	Q59049	37.0	100	267	183	2.12e-12	59.3	37.1	53.0
tr|A0A7J6ESC4|A0A7J6ESC4_CANSA	A6VID5	33.3	105	267	185	2.18e-12	59.3	39.0	55.1
tr|A0A7J6ESC4|A0A7J6ESC4_CANSA	F6D512	30.0	110	267	190	2.36e-12	59.3	40.8	56.3
tr|A0A7J6ESC4|A0A7J6ESC4_CANSA	D1YVK0	32.4	105	267	191	2.39e-12	59.3	39.0	53.4
tr|A0A7J6ESC4|A0A7J6ESC4_CANSA	A2SPY9	29.1	141	267	187	3.08e-12	58.9	50.2	73.8
tr|A0A7J6ESC4|A0A7J6ESC4_CANSA	A6UX50	31.4	105	267	183	5.44e-12	58.2	39.0	55.7
tr|A0A7J6ESC4|A0A7J6ESC4_CANSA	O33174	30.2	129	267	193	6.31e-12	58.2	47.2	65.3
tr|A0A7J6ESC4|A0A7J6ESC4_CANSA	F7XQS2	33.6	107	267	190	8.26e-12	57.8	39.7	54.7
tr|A0A7J6ESC4|A0A7J6ESC4_CANSA	D3S0H7	25.4	142	267	187	1.48e-11	57.0	52.8	73.8
tr|A0A7J6ESC4|A0A7J6ESC4_CANSA	B1YHS1	33.9	124	267	194	2.23e-11	56.6	44.9	63.9
tr|A0A7J6ESC4|A0A7J6ESC4_CANSA	D5VT38	31.4	102	267	183	9.06e-11	54.7	37.8	54.1
tr|A0A7J6ESC4|A0A7J6ESC4_CANSA	D3DYU7	26.3	137	267	188	1.81e-10	53.9	47.6	66.5
tr|A0A7J6ESC4|A0A7J6ESC4_CANSA	B5IAJ6	23.0	122	267	185	2.36e-10	53.5	45.3	64.3
tr|A0A7J6ESC4|A0A7J6ESC4_CANSA	F4BT36	29.1	110	267	189	4.63e-10	52.8	40.8	56.6
tr|A0A7J6ESC4|A0A7J6ESC4_CANSA	Q12W31	29.4	109	267	190	1.60e-09	51.2	40.4	54.7
tr|A0A7J6ESC4|A0A7J6ESC4_CANSA	B2GDT2	30.5	131	267	195	3.14e-09	50.4	47.6	67.2
tr|A0A7J6ESC4|A0A7J6ESC4_CANSA	D7E9E7	26.2	126	267	190	4.03e-09	50.1	46.8	64.2
tr|A0A7J6ESC4|A0A7J6ESC4_CANSA	Q8TXQ0	34.4	96	267	187	2.43e-08	47.8	35.2	49.2
tr|A0A7J6ESC4|A0A7J6ESC4_CANSA	Q2FSD3	30.9	110	267	182	4.22e-08	47.0	39.7	58.2
tr|A0A7J6ESC4|A0A7J6ESC4_CANSA	B9DM01	27.2	136	267	192	4.71e-08	47.0	49.4	70.8
tr|A0A7J6ESC4|A0A7J6ESC4_CANSA	A0RC17	27.2	114	267	197	4.96e-08	47.0	41.2	57.9
tr|A0A7J6ESC4|A0A7J6ESC4_CANSA	B7HHX2	27.2	114	267	197	4.96e-08	47.0	41.2	57.9
tr|A0A7J6ESC4|A0A7J6ESC4_CANSA	B7HL82	27.2	114	267	197	4.96e-08	47.0	41.2	57.9
tr|A0A7J6ESC4|A0A7J6ESC4_CANSA	B7IPE6	27.2	114	267	197	4.96e-08	47.0	41.2	57.9
tr|A0A7J6ESC4|A0A7J6ESC4_CANSA	B7JHT4	27.2	114	267	197	4.96e-08	47.0	41.2	57.9
tr|A0A7J6ESC4|A0A7J6ESC4_CANSA	B9IVT8	27.2	114	267	197	4.96e-08	47.0	41.2	57.9
tr|A0A7J6ESC4|A0A7J6ESC4_CANSA	C1ENK3	27.2	114	267	197	4.96e-08	47.0	41.2	57.9
tr|A0A7J6ESC4|A0A7J6ESC4_CANSA	C3L8M1	27.2	114	267	197	4.96e-08	47.0	41.2	57.9
tr|A0A7J6ESC4|A0A7J6ESC4_CANSA	C3P5T8	27.2	114	267	197	4.96e-08	47.0	41.2	57.9
tr|A0A7J6ESC4|A0A7J6ESC4_CANSA	Q63DG7	27.2	114	267	197	4.96e-08	47.0	41.2	57.9
tr|A0A7J6ESC4|A0A7J6ESC4_CANSA	Q6HKZ0	27.2	114	267	197	4.96e-08	47.0	41.2	57.9
tr|A0A7J6ESC4|A0A7J6ESC4_CANSA	Q73AS5	27.2	114	267	197	4.96e-08	47.0	41.2	57.9
tr|A0A7J6ESC4|A0A7J6ESC4_CANSA	Q81FL2	27.2	114	267	197	4.96e-08	47.0	41.2	57.9
tr|A0A7J6ESC4|A0A7J6ESC4_CANSA	Q81SQ5	27.2	114	267	197	4.96e-08	47.0	41.2	57.9
tr|A0A7J6ESC4|A0A7J6ESC4_CANSA	Q02Z29	28.4	155	267	197	6.71e-08	46.6	53.2	77.2
tr|A0A7J6ESC4|A0A7J6ESC4_CANSA	Q04CA6	31.0	116	267	189	8.37e-08	46.2	41.2	60.3
tr|A0A7J6ESC4|A0A7J6ESC4_CANSA	Q1GBU9	31.0	116	267	189	8.37e-08	46.2	41.2	60.3
tr|A0A7J6ESC4|A0A7J6ESC4_CANSA	A9VMH5	27.2	114	267	197	9.07e-08	46.2	41.2	57.9
tr|A0A7J6ESC4|A0A7J6ESC4_CANSA	A2RKX0	28.4	155	267	197	1.23e-07	45.8	53.2	77.2
tr|A0A7J6ESC4|A0A7J6ESC4_CANSA	A3CMY9	24.7	182	267	193	1.60e-07	45.4	65.9	85.5
tr|A0A7J6ESC4|A0A7J6ESC4_CANSA	Q9AGS1	28.0	150	267	192	3.91e-07	44.3	53.6	76.6
tr|A0A7J6ESC4|A0A7J6ESC4_CANSA	C1CZX7	25.4	138	267	193	5.33e-07	43.9	49.4	71.5
tr|A0A7J6ESC4|A0A7J6ESC4_CANSA	Q9CGF0	27.7	155	267	197	5.53e-07	43.9	53.2	77.2
tr|A0A7J6ESC4|A0A7J6ESC4_CANSA	Q1J141	37.1	62	267	202	5.77e-07	43.9	22.5	30.7
tr|A0A7J6ESC4|A0A7J6ESC4_CANSA	C0ZJ16	27.8	126	267	196	7.40e-07	43.5	44.9	63.3
tr|A0A7J6EW84|A0A7J6EW84_CANSA	A8QL52	21.6	505	2188	517	1.76e-10	60.5	22.4	86.7
tr|A0A7J6EW84|A0A7J6EW84_CANSA	Q8VPD4	40.4	89	2188	534	1.23e-09	57.8	3.7	16.5
tr|A0A7J6EW84|A0A7J6EW84_CANSA	D6A5I3	44.6	74	2188	664	1.65e-08	54.3	3.3	11.0
tr|A0A7J6EW84|A0A7J6EW84_CANSA	A0A1B1PF34	42.5	87	2188	657	1.45e-07	51.2	3.7	12.5
tr|A0A7J6EW84|A0A7J6EW84_CANSA	P81382	21.1	530	2188	516	5.00e-07	49.3	23.4	92.1
tr|A0A7J6EW84|A0A7J6EW84_CANSA	Q8L3C7	48.0	50	2188	701	1.71e-06	47.8	2.2	7.1
tr|A0A7J6EX77|A0A7J6EX77_CANSA	P37472	43.5	184	184	180	4.20e-49	152	100	98.9
tr|A0A7J6EX77|A0A7J6EX77_CANSA	Q839B2	42.4	184	184	181	8.68e-49	152	100	98.3
tr|A0A7J6EX77|A0A7J6EX77_CANSA	P45078	41.6	178	184	179	4.66e-48	150	95.7	96.6
tr|A0A7J6EX77|A0A7J6EX77_CANSA	O33799	42.5	174	184	178	1.18e-45	144	94.0	94.9
tr|A0A7J6EX77|A0A7J6EX77_CANSA	P0A9M2	41.4	174	184	178	6.74e-45	142	94.0	94.9
tr|A0A7J6EX77|A0A7J6EX77_CANSA	P0A9M3	41.4	174	184	178	6.74e-45	142	94.0	94.9
tr|A0A7J6EX77|A0A7J6EX77_CANSA	P0A9M4	41.4	174	184	178	6.74e-45	142	94.0	94.9
tr|A0A7J6EX77|A0A7J6EX77_CANSA	P18134	40.7	177	184	176	5.12e-44	139	96.2	97.7
tr|A0A7J6EX77|A0A7J6EX77_CANSA	O69537	40.5	185	184	203	5.58e-44	140	97.8	88.7
tr|A0A7J6EX77|A0A7J6EX77_CANSA	Q54NJ8	40.0	180	184	180	5.76e-44	139	96.2	97.2
tr|A0A7J6EX77|A0A7J6EX77_CANSA	P37171	39.4	165	184	182	3.47e-43	137	89.7	87.9
tr|A0A7J6EX77|A0A7J6EX77_CANSA	Q8DRP8	39.3	183	184	180	4.63e-43	137	99.5	98.3
tr|A0A7J6EX77|A0A7J6EX77_CANSA	Q97TC4	39.3	183	184	180	4.63e-43	137	99.5	98.3
tr|A0A7J6EX77|A0A7J6EX77_CANSA	P65827	38.3	183	184	179	6.36e-43	137	99.5	98.9
tr|A0A7J6EX77|A0A7J6EX77_CANSA	P65828	38.3	183	184	179	6.36e-43	137	99.5	98.9
tr|A0A7J6EX77|A0A7J6EX77_CANSA	P99085	38.3	183	184	179	6.36e-43	137	99.5	98.9
tr|A0A7J6EX77|A0A7J6EX77_CANSA	Q5HIG5	38.3	183	184	179	6.36e-43	137	99.5	98.9
tr|A0A7J6EX77|A0A7J6EX77_CANSA	Q6GBX8	38.3	183	184	179	6.36e-43	137	99.5	98.9
tr|A0A7J6EX77|A0A7J6EX77_CANSA	Q6GJG1	38.3	183	184	179	6.36e-43	137	99.5	98.9
tr|A0A7J6EX77|A0A7J6EX77_CANSA	Q92F56	40.4	183	184	648	7.94e-43	146	99.5	27.3
tr|A0A7J6EX77|A0A7J6EX77_CANSA	P0DD40	36.6	183	184	180	2.63e-42	135	99.5	98.3
tr|A0A7J6EX77|A0A7J6EX77_CANSA	P0DD41	36.6	183	184	180	2.63e-42	135	99.5	98.3
tr|A0A7J6EX77|A0A7J6EX77_CANSA	Q5XEL6	36.6	183	184	180	2.63e-42	135	99.5	98.3
tr|A0A7J6EX77|A0A7J6EX77_CANSA	Q7CNQ9	36.6	183	184	180	2.63e-42	135	99.5	98.3
tr|A0A7J6EX77|A0A7J6EX77_CANSA	Q724J4	39.3	183	184	648	2.87e-42	144	99.5	27.3
tr|A0A7J6EX77|A0A7J6EX77_CANSA	Q8YAC7	39.3	183	184	648	2.87e-42	144	99.5	27.3
tr|A0A7J6EX77|A0A7J6EX77_CANSA	Q5HRP4	38.3	183	184	179	3.61e-42	135	99.5	98.9
tr|A0A7J6EX77|A0A7J6EX77_CANSA	Q8CQV4	38.3	183	184	179	3.61e-42	135	99.5	98.9
tr|A0A7J6EX77|A0A7J6EX77_CANSA	Q8E2H3	38.3	183	184	180	3.72e-42	135	99.5	98.3
tr|A0A7J6EX77|A0A7J6EX77_CANSA	Q8E7Y1	38.3	183	184	180	3.72e-42	135	99.5	98.3
tr|A0A7J6EX77|A0A7J6EX77_CANSA	Q8K9U8	38.5	174	184	177	4.83e-42	134	94.0	95.5
tr|A0A7J6EX77|A0A7J6EX77_CANSA	Q5M216	39.3	183	184	180	2.11e-41	133	99.5	98.3
tr|A0A7J6EX77|A0A7J6EX77_CANSA	Q5M6K8	39.3	183	184	180	2.11e-41	133	99.5	98.3
tr|A0A7J6EX77|A0A7J6EX77_CANSA	Q8DWM8	37.7	183	184	180	2.99e-41	132	99.5	98.3
tr|A0A7J6EX77|A0A7J6EX77_CANSA	P96794	38.9	185	184	203	4.04e-41	133	97.8	88.7
tr|A0A7J6EX77|A0A7J6EX77_CANSA	Q02522	38.3	183	184	183	2.61e-40	130	99.5	96.2
tr|A0A7J6EX77|A0A7J6EX77_CANSA	O66821	42.3	168	184	178	3.20e-40	130	91.3	91.6
tr|A0A7J6EX77|A0A7J6EX77_CANSA	P0A5T1	38.4	185	184	202	7.06e-39	127	97.8	89.1
tr|A0A7J6EX77|A0A7J6EX77_CANSA	P9WHQ8	38.4	185	184	202	7.06e-39	127	97.8	89.1
tr|A0A7J6EX77|A0A7J6EX77_CANSA	P9WHQ9	38.4	185	184	202	7.06e-39	127	97.8	89.1
tr|A0A7J6EX77|A0A7J6EX77_CANSA	P57291	36.6	175	184	178	2.05e-38	125	94.0	95.5
tr|A0A7J6EX77|A0A7J6EX77_CANSA	P51900	35.5	183	184	183	4.72e-38	124	99.5	96.7
tr|A0A7J6EX77|A0A7J6EX77_CANSA	Q27541	38.6	184	184	208	2.04e-33	113	95.7	86.1
tr|A0A7J6EX77|A0A7J6EX77_CANSA	P43152	37.5	184	184	211	1.92e-31	108	95.7	84.8
tr|A0A7J6EX77|A0A7J6EX77_CANSA	Q07010	33.2	187	184	210	7.37e-31	107	96.7	86.7
tr|A0A7J6EX77|A0A7J6EX77_CANSA	P47696	29.0	176	184	175	2.80e-25	91.7	95.7	97.1
tr|A0A7J6EX77|A0A7J6EX77_CANSA	P75119	33.8	142	184	175	5.54e-25	90.9	77.2	78.3
tr|A0A7J6EX77|A0A7J6EX77_CANSA	P27605	36.5	148	184	218	1.11e-23	88.6	75.0	65.1
tr|A0A7J6EX77|A0A7J6EX77_CANSA	P00493	36.5	148	184	218	1.55e-23	88.2	75.0	65.1
tr|A0A7J6EX77|A0A7J6EX77_CANSA	Q45FY6	36.5	148	184	218	1.55e-23	88.2	75.0	65.1
tr|A0A7J6EX77|A0A7J6EX77_CANSA	P00494	35.8	148	184	218	2.18e-23	87.8	75.0	65.1
tr|A0A7J6EX77|A0A7J6EX77_CANSA	Q6WIT9	36.5	148	184	218	2.18e-23	87.8	75.0	65.1
tr|A0A7J6EX77|A0A7J6EX77_CANSA	A5A6I1	35.8	148	184	218	3.05e-23	87.4	75.0	65.1
tr|A0A7J6EX77|A0A7J6EX77_CANSA	Q9W719	35.8	148	184	218	3.05e-23	87.4	75.0	65.1
tr|A0A7J6EX77|A0A7J6EX77_CANSA	Q3SZ18	36.5	148	184	218	4.28e-23	87.0	75.0	65.1
tr|A0A7J6EX77|A0A7J6EX77_CANSA	P00492	35.8	148	184	218	5.99e-23	86.7	75.0	65.1
tr|A0A7J6EX77|A0A7J6EX77_CANSA	Q6LDD9	35.8	148	184	218	5.99e-23	86.7	75.0	65.1
tr|A0A7J6EX77|A0A7J6EX77_CANSA	P47959	35.8	148	184	218	1.18e-22	85.9	75.0	65.1
tr|A0A7J6EX77|A0A7J6EX77_CANSA	P09383	34.6	153	184	284	2.29e-16	70.1	75.0	49.6
tr|A0A7J6EX77|A0A7J6EX77_CANSA	P07833	36.4	110	184	231	8.87e-16	67.8	59.2	44.6
tr|A0A7J6EX77|A0A7J6EX77_CANSA	P20035	36.4	110	184	231	8.87e-16	67.8	59.2	44.6
tr|A0A7J6EX77|A0A7J6EX77_CANSA	Q26997	32.5	120	184	230	5.34e-12	57.4	65.2	49.6
tr|A0A7J6EXM6|A0A7J6EXM6_CANSA	P42236	37.7	477	543	488	1.13e-98	303	86.4	96.9
tr|A0A7J6EXM6|A0A7J6EXM6_CANSA	Q1JUP4	37.1	477	543	481	2.92e-93	288	87.3	98.3
tr|A0A7J6EXM6|A0A7J6EXM6_CANSA	Q97UA1	38.1	464	543	478	5.81e-92	285	84.3	96.2
tr|A0A7J6EXM6|A0A7J6EXM6_CANSA	D4GP41	37.2	479	543	482	4.63e-88	275	86.6	98.1
tr|A0A7J6EXM6|A0A7J6EXM6_CANSA	Q08IC0	24.9	485	543	525	1.25e-16	77.4	82.5	89.1
tr|A0A7J6EYH1|A0A7J6EYH1_CANSA	Q05865	33.2	316	523	430	3.36e-47	165	56.6	69.1
tr|A0A7J6EYH1|A0A7J6EYH1_CANSA	Q12676	32.5	317	523	427	6.63e-37	136	57.0	70.5
tr|A0A7J6EYH1|A0A7J6EYH1_CANSA	F4JYE9	27.7	516	523	530	1.92e-36	137	90.6	83.4
tr|A0A7J6EYH1|A0A7J6EYH1_CANSA	P08192	32.5	292	523	422	2.18e-29	115	52.2	62.8
tr|A0A7J6EYH1|A0A7J6EYH1_CANSA	Q9UTD0	30.4	319	523	417	2.78e-29	114	55.3	67.4
tr|A0A7J6EYH1|A0A7J6EYH1_CANSA	P43775	41.6	154	523	437	3.54e-29	114	29.4	33.4
tr|A0A7J6EYH1|A0A7J6EYH1_CANSA	Q8K9X3	39.3	183	523	418	7.03e-29	113	34.6	40.9
tr|A0A7J6EYH1|A0A7J6EYH1_CANSA	P57265	40.3	154	523	411	2.18e-28	112	29.4	35.8
tr|A0A7J6EYH1|A0A7J6EYH1_CANSA	Q89AT2	39.3	183	523	426	2.60e-28	112	34.6	41.3
tr|A0A7J6EYH1|A0A7J6EYH1_CANSA	I6Y0R5	32.6	242	523	487	1.91e-23	98.2	40.2	49.5
tr|A0A7J6EZ64|A0A7J6EZ64_CANSA	P42236	37.5	477	543	488	1.13e-98	303	86.4	96.9
tr|A0A7J6EZ64|A0A7J6EZ64_CANSA	Q1JUP4	37.1	477	543	481	1.05e-93	290	87.3	98.3
tr|A0A7J6EZ64|A0A7J6EZ64_CANSA	Q97UA1	37.9	464	543	478	5.81e-92	285	84.3	96.2
tr|A0A7J6EZ64|A0A7J6EZ64_CANSA	D4GP41	37.0	479	543	482	4.63e-88	275	86.6	98.1
tr|A0A7J6EZ64|A0A7J6EZ64_CANSA	Q08IC0	24.9	485	543	525	7.08e-17	78.2	82.5	89.1
tr|A0A7J6F441|A0A7J6F441_CANSA	A8QL52	21.0	472	500	517	2.17e-14	70.1	87.4	87.2
tr|A0A7J6F441|A0A7J6F441_CANSA	P81382	23.2	478	500	516	4.25e-11	59.7	87.2	87.2
tr|A0A7J6F6F6|A0A7J6F6F6_CANSA	F8AJL1	35.0	120	190	183	1.77e-16	68.9	63.2	63.4
tr|A0A7J6F6F6|A0A7J6F6F6_CANSA	A6URC7	31.1	122	190	185	1.35e-15	66.6	64.2	64.3
tr|A0A7J6F6F6|A0A7J6F6F6_CANSA	D5E7U7	28.6	133	190	190	2.04e-15	66.2	69.5	67.4
tr|A0A7J6F6F6|A0A7J6F6F6_CANSA	D1YVK0	32.8	125	190	191	2.89e-15	65.9	65.3	63.9
tr|A0A7J6F6F6|A0A7J6F6F6_CANSA	D7DQT8	33.3	114	190	187	3.75e-15	65.5	60.0	58.8
tr|A0A7J6F6F6|A0A7J6F6F6_CANSA	Q0W496	36.5	104	190	191	4.02e-15	65.5	54.2	52.9
tr|A0A7J6F6F6|A0A7J6F6F6_CANSA	Q6M0X3	30.2	139	190	185	5.05e-15	65.1	73.2	72.4
tr|A0A7J6F6F6|A0A7J6F6F6_CANSA	A6VID5	32.5	120	190	185	7.02e-15	64.7	63.2	62.7
tr|A0A7J6F6F6|A0A7J6F6F6_CANSA	A9A8E9	30.2	139	190	185	9.76e-15	64.3	73.2	72.4
tr|A0A7J6F6F6|A0A7J6F6F6_CANSA	A4G043	31.7	120	190	185	1.89e-14	63.5	63.2	62.7
tr|A0A7J6F6F6|A0A7J6F6F6_CANSA	F6D512	29.6	108	190	190	1.05e-13	61.6	56.8	55.8
tr|A0A7J6F6F6|A0A7J6F6F6_CANSA	A6UX50	32.0	103	190	183	1.31e-13	61.2	54.2	55.2
tr|A0A7J6F6F6|A0A7J6F6F6_CANSA	E3GW42	35.3	116	190	189	1.44e-13	61.2	60.5	59.8
tr|A0A7J6F6F6|A0A7J6F6F6_CANSA	F0T7W2	23.0	122	190	190	1.46e-13	61.2	64.2	62.6
tr|A0A7J6F6F6|A0A7J6F6F6_CANSA	O27375	35.0	123	190	193	1.53e-13	61.2	64.2	61.7
tr|A0A7J6F6F6|A0A7J6F6F6_CANSA	C9RH78	29.3	123	190	183	3.50e-13	60.1	64.2	65.6
tr|A0A7J6F6F6|A0A7J6F6F6_CANSA	A2SPY9	37.1	89	190	187	5.15e-13	59.7	46.3	46.0
tr|A0A7J6F6F6|A0A7J6F6F6_CANSA	Q8PVT4	28.1	135	190	189	5.31e-13	59.7	70.5	69.8
tr|A0A7J6F6F6|A0A7J6F6F6_CANSA	D3S0H7	26.6	143	190	187	7.14e-13	59.3	74.7	74.3
tr|A0A7J6F6F6|A0A7J6F6F6_CANSA	Q8TSS8	29.7	111	190	189	1.41e-12	58.5	57.9	57.1
tr|A0A7J6F6F6|A0A7J6F6F6_CANSA	F6BB32	26.8	123	190	183	4.73e-12	57.0	64.2	65.6
tr|A0A7J6F6F6|A0A7J6F6F6_CANSA	C7P7L7	30.4	125	190	183	6.55e-12	56.6	64.2	65.6
tr|A0A7J6F6F6|A0A7J6F6F6_CANSA	A0B870	29.5	129	190	190	9.97e-12	56.2	66.8	65.8
tr|A0A7J6F6F6|A0A7J6F6F6_CANSA	D3DYU7	27.1	118	190	188	1.34e-11	55.8	61.6	61.2
tr|A0A7J6F6F6|A0A7J6F6F6_CANSA	F4BT36	28.9	121	190	189	1.36e-11	55.8	63.2	61.4
tr|A0A7J6F6F6|A0A7J6F6F6_CANSA	O33174	34.4	125	190	193	1.43e-11	55.8	64.2	63.2
tr|A0A7J6F6F6|A0A7J6F6F6_CANSA	B1YHS1	31.5	124	190	194	1.45e-11	55.8	63.2	63.9
tr|A0A7J6F6F6|A0A7J6F6F6_CANSA	D3S8C7	31.5	111	190	196	2.82e-11	55.1	57.9	54.1
tr|A0A7J6F6F6|A0A7J6F6F6_CANSA	C0MF03	28.8	125	190	193	3.75e-11	54.7	63.7	64.8
tr|A0A7J6F6F6|A0A7J6F6F6_CANSA	Q59049	31.4	102	190	183	4.55e-11	54.3	53.2	54.1
tr|A0A7J6F6F6|A0A7J6F6F6_CANSA	C0MBC1	28.8	125	190	193	7.12e-11	53.9	63.7	64.8
tr|A0A7J6F6F6|A0A7J6F6F6_CANSA	F7XQS2	30.2	106	190	190	1.30e-10	53.1	55.3	54.2
tr|A0A7J6F6F6|A0A7J6F6F6_CANSA	C1CZX7	26.5	185	190	193	1.35e-10	53.1	92.1	94.3
tr|A0A7J6F6F6|A0A7J6F6F6_CANSA	B8GDM8	38.3	94	190	182	2.24e-10	52.4	48.9	49.5
tr|A0A7J6F6F6|A0A7J6F6F6_CANSA	D5VT38	29.7	101	190	183	2.26e-10	52.4	52.6	53.6
tr|A0A7J6F6F6|A0A7J6F6F6_CANSA	Q12W31	28.2	110	190	190	2.47e-10	52.4	57.4	55.3
tr|A0A7J6F6F6|A0A7J6F6F6_CANSA	B7HL82	25.9	143	190	197	2.67e-10	52.4	72.1	72.6
tr|A0A7J6F6F6|A0A7J6F6F6_CANSA	B7JHT4	25.9	143	190	197	2.67e-10	52.4	72.1	72.6
tr|A0A7J6F6F6|A0A7J6F6F6_CANSA	B9IVT8	25.9	143	190	197	2.67e-10	52.4	72.1	72.6
tr|A0A7J6F6F6|A0A7J6F6F6_CANSA	C3L8M1	25.9	143	190	197	2.67e-10	52.4	72.1	72.6
tr|A0A7J6F6F6|A0A7J6F6F6_CANSA	C3P5T8	25.9	143	190	197	2.67e-10	52.4	72.1	72.6
tr|A0A7J6F6F6|A0A7J6F6F6_CANSA	Q63DG7	25.9	143	190	197	2.67e-10	52.4	72.1	72.6
tr|A0A7J6F6F6|A0A7J6F6F6_CANSA	Q6HKZ0	25.9	143	190	197	2.67e-10	52.4	72.1	72.6
tr|A0A7J6F6F6|A0A7J6F6F6_CANSA	Q81SQ5	25.9	143	190	197	2.67e-10	52.4	72.1	72.6
tr|A0A7J6F6F6|A0A7J6F6F6_CANSA	D7E9E7	32.0	103	190	190	4.67e-10	51.6	53.7	52.6
tr|A0A7J6F6F6|A0A7J6F6F6_CANSA	Q9AGS1	22.5	182	190	192	4.77e-10	51.6	92.6	94.8
tr|A0A7J6F6F6|A0A7J6F6F6_CANSA	A3CMY9	28.0	125	190	193	4.83e-10	51.6	63.7	64.8
tr|A0A7J6F6F6|A0A7J6F6F6_CANSA	A9VMH5	26.1	142	190	197	9.50e-10	50.8	71.6	72.1
tr|A0A7J6F6F6|A0A7J6F6F6_CANSA	Q2FSD3	29.7	101	190	182	1.10e-09	50.4	52.6	53.8
tr|A0A7J6F6F6|A0A7J6F6F6_CANSA	B5IAJ6	23.8	122	190	185	1.14e-09	50.4	63.7	64.3
tr|A0A7J6F6F6|A0A7J6F6F6_CANSA	Q46C14	29.4	102	190	190	1.21e-09	50.4	53.2	52.1
tr|A0A7J6F6F6|A0A7J6F6F6_CANSA	Q3K111	24.7	154	190	193	1.25e-09	50.4	77.9	79.8
tr|A0A7J6F6F6|A0A7J6F6F6_CANSA	Q8DZL5	24.7	154	190	193	1.25e-09	50.4	77.9	79.8
tr|A0A7J6F6F6|A0A7J6F6F6_CANSA	Q8E5B5	24.7	154	190	193	1.25e-09	50.4	77.9	79.8
tr|A0A7J6F6F6|A0A7J6F6F6_CANSA	B7HHX2	26.1	142	190	197	1.30e-09	50.4	71.6	72.1
tr|A0A7J6F6F6|A0A7J6F6F6_CANSA	B7IPE6	26.1	142	190	197	1.30e-09	50.4	71.6	72.1
tr|A0A7J6F6F6|A0A7J6F6F6_CANSA	Q73AS5	26.1	142	190	197	1.30e-09	50.4	71.6	72.1
tr|A0A7J6F6F6|A0A7J6F6F6_CANSA	Q81FL2	26.1	142	190	197	1.30e-09	50.4	71.6	72.1
tr|A0A7J6F6F6|A0A7J6F6F6_CANSA	Q04CA6	32.2	115	190	189	3.09e-09	49.3	57.4	59.8
tr|A0A7J6F6F6|A0A7J6F6F6_CANSA	Q1GBU9	32.2	115	190	189	3.09e-09	49.3	57.4	59.8
tr|A0A7J6F6F6|A0A7J6F6F6_CANSA	Q92AC4	26.1	157	190	192	1.12e-08	47.8	77.9	80.2
tr|A0A7J6F6F6|A0A7J6F6F6_CANSA	A0RC17	25.4	142	190	197	1.18e-08	47.8	71.6	72.1
tr|A0A7J6F6F6|A0A7J6F6F6_CANSA	C1ENK3	25.4	142	190	197	1.18e-08	47.8	71.6	72.1
tr|A0A7J6F6F6|A0A7J6F6F6_CANSA	Q1J141	27.0	141	190	202	1.23e-08	47.8	71.1	69.8
tr|A0A7J6F6F6|A0A7J6F6F6_CANSA	A5WAY3	28.8	132	190	190	2.06e-08	47.0	65.8	67.9
tr|A0A7J6F6F6|A0A7J6F6F6_CANSA	B0KQ69	28.8	132	190	190	2.06e-08	47.0	65.8	67.9
tr|A0A7J6F6F6|A0A7J6F6F6_CANSA	Q1I2W1	28.8	132	190	190	2.06e-08	47.0	65.8	67.9
tr|A0A7J6F6F6|A0A7J6F6F6_CANSA	Q88CB6	28.8	132	190	190	2.06e-08	47.0	65.8	67.9
tr|A0A7J6F6F6|A0A7J6F6F6_CANSA	C4L0T7	31.0	113	190	193	2.12e-08	47.0	57.4	58.5
tr|A0A7J6F6F6|A0A7J6F6F6_CANSA	A2RKX0	24.2	165	190	197	2.20e-08	47.0	84.2	83.8
tr|A0A7J6F6F6|A0A7J6F6F6_CANSA	C4ZA66	28.4	141	190	192	2.88e-08	46.6	71.1	73.4
tr|A0A7J6F6F6|A0A7J6F6F6_CANSA	Q04GD7	26.7	135	190	206	4.41e-08	46.2	67.4	64.1
tr|A0A7J6F6F6|A0A7J6F6F6_CANSA	Q9RTY2	27.0	126	190	193	1.01e-07	45.1	64.2	65.3
tr|A0A7J6F6F6|A0A7J6F6F6_CANSA	Q9CGF0	23.6	165	190	197	1.04e-07	45.1	84.2	83.8
tr|A0A7J6F6F6|A0A7J6F6F6_CANSA	Q8TXQ0	29.8	94	190	187	1.31e-07	44.7	49.5	49.2
tr|A0A7J6F6F6|A0A7J6F6F6_CANSA	C1DBA1	26.0	146	190	190	1.83e-07	44.3	73.2	75.8
tr|A0A7J6F6F6|A0A7J6F6F6_CANSA	Q5WI27	30.5	131	190	201	2.72e-07	43.9	64.7	63.7
tr|A0A7J6F6F6|A0A7J6F6F6_CANSA	Q02Z29	24.3	136	190	197	3.59e-07	43.5	69.5	69.0
tr|A0A7J6F6F6|A0A7J6F6F6_CANSA	B9DM01	23.2	155	190	192	4.71e-07	43.1	78.4	80.7
tr|A0A7J6F6F6|A0A7J6F6F6_CANSA	Q97KP4	26.6	154	190	189	6.26e-07	42.7	76.8	80.4
tr|A0A7J6F6F6|A0A7J6F6F6_CANSA	Q6F7W2	28.3	113	190	191	6.36e-07	42.7	57.4	59.2
tr|A0A7J6F6F6|A0A7J6F6F6_CANSA	A3M938	29.2	113	190	191	8.65e-07	42.4	57.4	59.2
tr|A0A7J6F6F6|A0A7J6F6F6_CANSA	B2HZ61	29.2	113	190	191	8.65e-07	42.4	57.4	59.2
tr|A0A7J6F6F6|A0A7J6F6F6_CANSA	B7GW49	29.2	113	190	191	8.65e-07	42.4	57.4	59.2
tr|A0A7J6F6F6|A0A7J6F6F6_CANSA	B7I9E1	29.2	113	190	191	8.65e-07	42.4	57.4	59.2
tr|A0A7J6F6F6|A0A7J6F6F6_CANSA	C0ZJ16	26.5	113	190	196	8.97e-07	42.4	57.4	57.7
tr|A0A7J6F6F6|A0A7J6F6F6_CANSA	Q2RKK1	28.0	125	190	196	5.63e-06	40.0	62.1	62.8
tr|A0A7J6F755|A0A7J6F755_CANSA	A8QL52	24.1	489	817	517	8.94e-14	69.3	54.3	87.8
tr|A0A7J6F755|A0A7J6F755_CANSA	P81382	22.7	488	817	516	1.21e-10	59.3	53.4	86.4
tr|A0A7J6F755|A0A7J6F755_CANSA	Q8VPD4	36.8	95	817	534	1.11e-06	46.6	10.4	17.6
tr|A0A7J6FCF7|A0A7J6FCF7_CANSA	P42236	37.1	480	505	488	4.91e-96	295	94.1	96.7
tr|A0A7J6FCF7|A0A7J6FCF7_CANSA	D4GP41	35.4	486	505	482	1.13e-88	275	95.0	98.5
tr|A0A7J6FCF7|A0A7J6FCF7_CANSA	Q1JUP4	32.8	478	505	481	1.20e-83	262	94.7	97.3
tr|A0A7J6FCF7|A0A7J6FCF7_CANSA	Q97UA1	35.2	466	505	478	2.37e-82	259	90.7	94.8
tr|A0A7J6FCF7|A0A7J6FCF7_CANSA	Q0K4R1	27.2	265	505	527	1.16e-12	64.7	48.1	48.6
tr|A0A7J6FHJ4|A0A7J6FHJ4_CANSA	A5GX22	25.4	335	748	393	1.52e-12	64.7	42.6	76.3
tr|A0A7J6FHJ4|A0A7J6FHJ4_CANSA	A8ACE0	23.5	327	748	402	2.52e-10	57.8	42.9	76.6
tr|A0A7J6FHJ4|A0A7J6FHJ4_CANSA	A6Q6K6	22.7	321	748	387	1.30e-09	55.5	42.6	77.0
tr|A0A7J6FHJ4|A0A7J6FHJ4_CANSA	Q3AUF2	22.0	332	748	392	1.74e-09	55.1	43.0	76.8
tr|A0A7J6FHJ4|A0A7J6FHJ4_CANSA	Q72LY0	22.2	293	748	387	3.98e-09	53.9	38.9	70.3
tr|A0A7J6FHJ4|A0A7J6FHJ4_CANSA	Q8EYF0	22.2	293	748	387	3.98e-09	53.9	38.9	70.3
tr|A0A7J6FHJ4|A0A7J6FHJ4_CANSA	A5GPT7	25.2	337	748	389	4.01e-09	53.9	42.8	77.4
tr|A0A7J6FHJ4|A0A7J6FHJ4_CANSA	Q3AG69	23.7	333	748	392	4.04e-09	53.9	42.6	76.5
tr|A0A7J6FHJ4|A0A7J6FHJ4_CANSA	Q7M8I0	22.0	327	748	387	5.27e-09	53.5	43.2	78.0
tr|A0A7J6FHJ4|A0A7J6FHJ4_CANSA	C4LDC0	21.8	362	748	394	7.12e-09	53.1	47.3	84.8
tr|A0A7J6FHJ4|A0A7J6FHJ4_CANSA	Q46KI4	24.5	339	748	387	2.83e-08	51.2	42.9	77.8
tr|A0A7J6FHJ4|A0A7J6FHJ4_CANSA	A0R2Y2	24.3	181	748	400	2.93e-08	51.2	23.8	41.8
tr|A0A7J6FHJ4|A0A7J6FHJ4_CANSA	Q7U3B3	21.6	379	748	388	3.76e-08	50.8	50.1	86.6
tr|A0A7J6FHJ4|A0A7J6FHJ4_CANSA	A2C2S8	24.5	339	748	387	4.95e-08	50.4	42.9	77.8
tr|A0A7J6FHJ4|A0A7J6FHJ4_CANSA	Q8YXB6	22.1	326	748	391	8.75e-08	49.7	42.9	77.2
tr|A0A7J6FHJ4|A0A7J6FHJ4_CANSA	A7Z0Z2	23.0	326	748	384	1.50e-07	48.9	42.9	78.4
tr|A0A7J6FHJ4|A0A7J6FHJ4_CANSA	Q8A9W1	27.2	246	748	388	2.65e-07	48.1	31.7	59.8
tr|A0A7J6FHJ4|A0A7J6FHJ4_CANSA	Q2N8K3	25.7	179	748	390	2.67e-07	48.1	23.8	42.3
tr|A0A7J6FHJ4|A0A7J6FHJ4_CANSA	Q6D4B6	22.0	328	748	392	6.18e-07	47.0	42.9	76.3
tr|A0A7J6FHJ4|A0A7J6FHJ4_CANSA	Q3M8Q4	21.7	350	748	391	1.08e-06	46.2	45.3	83.4
tr|A0A7J6FHJ4|A0A7J6FHJ4_CANSA	Q5LD90	26.6	252	748	388	1.87e-06	45.4	31.7	59.8
tr|A0A7J6FHJ4|A0A7J6FHJ4_CANSA	Q7VBB3	21.7	240	748	393	1.89e-06	45.4	29.5	56.2
tr|A0A7J6FHJ4|A0A7J6FHJ4_CANSA	Q7V3S4	21.5	331	748	388	2.47e-06	45.1	42.8	77.1
tr|A0A7J6FHJ4|A0A7J6FHJ4_CANSA	A2BRG6	22.1	199	748	391	4.33e-06	44.3	25.4	46.5
tr|A0A7J6FHJ4|A0A7J6FHJ4_CANSA	A3PD91	22.7	194	748	391	4.33e-06	44.3	24.7	45.3
tr|A0A7J6FPJ2|A0A7J6FPJ2_CANSA	Q5D1D6	27.2	415	610	590	3.76e-26	107	62.6	65.9
tr|A0A7J6FPJ2|A0A7J6FPJ2_CANSA	Q01514	25.8	418	610	589	6.63e-26	107	63.9	68.1
tr|A0A7J6FPJ2|A0A7J6FPJ2_CANSA	Q5RBE1	26.7	442	610	592	2.10e-25	105	66.7	68.6
tr|A0A7J6FPJ2|A0A7J6FPJ2_CANSA	Q91Z40	24.4	422	610	638	2.44e-25	105	64.8	63.2
tr|A0A7J6FPJ2|A0A7J6FPJ2_CANSA	Q8N8V2	26.1	417	610	638	4.31e-25	104	63.9	62.1
tr|A0A7J6FPJ2|A0A7J6FPJ2_CANSA	P32455	26.2	442	610	592	2.05e-24	102	66.7	68.6
tr|A0A7J6FUR4|A0A7J6FUR4_CANSA	A8QL52	38.5	52	780	517	4.07e-06	44.7	6.5	10.1
tr|A0A7J6G2Q4|A0A7J6G2Q4_CANSA	P42236	35.0	474	532	488	2.82e-84	265	87.6	96.9
tr|A0A7J6G2Q4|A0A7J6G2Q4_CANSA	Q97UA1	36.2	464	532	478	3.81e-81	256	85.0	95.6
tr|A0A7J6G2Q4|A0A7J6G2Q4_CANSA	D4GP41	34.6	474	532	482	1.10e-76	245	87.6	97.9
tr|A0A7J6G2Q4|A0A7J6G2Q4_CANSA	Q1JUP4	30.2	450	532	481	4.55e-53	182	83.3	92.5
tr|A0A7J6GES2|A0A7J6GES2_CANSA	P42236	35.0	474	532	488	1.10e-83	263	87.6	96.9
tr|A0A7J6GES2|A0A7J6GES2_CANSA	Q97UA1	36.4	464	532	478	2.52e-82	259	85.0	95.6
tr|A0A7J6GES2|A0A7J6GES2_CANSA	D4GP41	34.6	474	532	482	7.87e-77	245	87.6	97.9
tr|A0A7J6GES2|A0A7J6GES2_CANSA	Q1JUP4	30.7	450	532	481	3.28e-53	182	83.3	92.5
tr|A0A7J6GF93|A0A7J6GF93_CANSA	A8QL52	21.7	492	487	517	4.05e-07	47.0	87.9	86.8
tr|A0A7J6GRD4|A0A7J6GRD4_CANSA	P49961	27.2	493	757	510	2.97e-39	147	60.8	88.0
tr|A0A7J6GRD4|A0A7J6GRD4_CANSA	P97687	26.6	459	757	511	1.83e-34	133	56.0	80.2
tr|A0A7J6GRD4|A0A7J6GRD4_CANSA	O18956	26.0	496	757	513	6.10e-34	131	60.8	88.1
tr|A0A7J6GRD4|A0A7J6GRD4_CANSA	Q9MYU4	24.7	494	757	510	4.62e-33	129	60.9	88.2
tr|A0A7J6GRD4|A0A7J6GRD4_CANSA	P55772	26.7	460	757	510	1.12e-32	127	56.0	80.2
tr|A0A7J6GRD4|A0A7J6GRD4_CANSA	Q9UT35	24.5	458	757	556	7.54e-28	113	56.7	73.9
tr|A0A7J6GRD4|A0A7J6GRD4_CANSA	O35795	25.6	496	757	495	8.38e-28	112	61.3	89.7
tr|A0A7J6GRD4|A0A7J6GRD4_CANSA	Q8TGH6	24.7	469	757	599	4.00e-27	111	56.4	71.0
tr|A0A7J6GRD4|A0A7J6GRD4_CANSA	O75355	26.7	454	757	529	4.67e-27	110	56.0	77.5
tr|A0A7J6GRD4|A0A7J6GRD4_CANSA	O55026	24.8	496	757	495	3.61e-26	107	61.3	89.7
tr|A0A7J6GRD4|A0A7J6GRD4_CANSA	P79784	23.7	472	757	495	3.61e-26	107	58.7	87.3
tr|A0A7J6GRD4|A0A7J6GRD4_CANSA	Q9HEM6	24.9	469	757	522	1.05e-25	106	56.7	80.1
tr|A0A7J6GRD4|A0A7J6GRD4_CANSA	P32621	25.8	469	757	518	1.35e-25	106	56.7	80.9
tr|A0A7J6GRD4|A0A7J6GRD4_CANSA	Q9Y5L3	24.8	435	757	495	2.03e-24	102	53.0	75.6
tr|A0A7J6GRD4|A0A7J6GRD4_CANSA	Q8TGG8	23.2	466	757	503	6.53e-22	94.7	56.0	84.3
tr|A0A7J6GRD4|A0A7J6GRD4_CANSA	O75356	25.3	451	757	428	6.79e-22	94.0	56.1	86.9
tr|A0A7J6GRD4|A0A7J6GRD4_CANSA	Q9DBT4	22.1	489	757	613	1.26e-20	91.3	56.3	72.9
tr|A0A7J6GRD4|A0A7J6GRD4_CANSA	E1C1L6	24.9	445	757	428	2.91e-20	89.0	55.2	85.3
tr|A0A7J6GRD4|A0A7J6GRD4_CANSA	Q9Y227	22.3	484	757	616	2.93e-20	90.1	55.6	71.8
tr|A0A7J6GRD4|A0A7J6GRD4_CANSA	Q3U0P5	28.8	233	757	455	8.33e-20	87.8	29.7	45.7
tr|A0A7J6GRD4|A0A7J6GRD4_CANSA	D2GZV9	25.1	451	757	433	9.55e-20	87.4	56.1	87.1
tr|A0A7J6GRD4|A0A7J6GRD4_CANSA	O75354	28.4	271	757	484	1.31e-19	87.4	35.0	49.6
tr|A0A7J6GRD4|A0A7J6GRD4_CANSA	Q6P6S9	28.4	268	757	427	1.63e-19	86.7	33.3	57.6
tr|A0A7J6GRD4|A0A7J6GRD4_CANSA	Q9ER31	28.8	233	757	455	1.96e-19	86.7	29.7	45.7
tr|A0A7J6GRD4|A0A7J6GRD4_CANSA	Q9QYC8	28.9	277	757	469	8.83e-19	84.7	33.9	53.7
tr|A0A7J6GRD4|A0A7J6GRD4_CANSA	Q9WUZ9	28.7	268	757	427	9.11e-19	84.3	33.3	57.6
tr|A0A7J6GRD4|A0A7J6GRD4_CANSA	E1BPW0	29.2	226	757	432	2.19e-17	80.1	28.7	47.0
tr|A0A7J6GTH1|A0A7J6GTH1_CANSA	D4GP41	28.9	342	537	482	1.33e-32	125	61.6	70.3
tr|A0A7J6GTH1|A0A7J6GTH1_CANSA	Q97UA1	27.4	321	537	478	3.18e-32	124	58.5	66.7
tr|A0A7J6GTH1|A0A7J6GTH1_CANSA	Q1JUP4	28.5	340	537	481	1.11e-31	122	62.2	70.1
tr|A0A7J6GTH1|A0A7J6GTH1_CANSA	P42236	27.3	341	537	488	7.33e-31	120	61.5	69.5
tr|A0A7J6H3P5|A0A7J6H3P5_CANSA	P42236	29.1	454	550	488	2.78e-53	183	76.0	92.0
tr|A0A7J6H3P5|A0A7J6H3P5_CANSA	Q97UA1	29.6	470	550	478	3.97e-49	172	79.1	97.1
tr|A0A7J6H3P5|A0A7J6H3P5_CANSA	D4GP41	26.1	472	550	482	6.75e-41	149	78.7	94.6
tr|A0A7J6H3P5|A0A7J6H3P5_CANSA	Q1JUP4	28.0	475	550	481	6.63e-38	140	80.2	96.9
tr|A0A7J6H7M1|A0A7J6H7M1_CANSA	A0R2Y2	21.8	317	2261	400	3.92e-06	46.2	13.4	71.8
tr|A0A7J6HJ39|A0A7J6HJ39_CANSA	Q9SIB9	85.5	990	986	990	0.0	1691	99.9	100
tr|A0A7J6HJ39|A0A7J6HJ39_CANSA	P49608	92.5	898	986	898	0.0	1682	91.1	100
tr|A0A7J6HJ39|A0A7J6HJ39_CANSA	Q6YZX6	88.8	895	986	898	0.0	1628	90.8	99.7
tr|A0A7J6HJ39|A0A7J6HJ39_CANSA	Q42560	85.6	898	986	898	0.0	1573	91.1	100
tr|A0A7J6HJ39|A0A7J6HJ39_CANSA	Q94A28	81.4	929	986	995	0.0	1553	94.2	93.4
tr|A0A7J6HJ39|A0A7J6HJ39_CANSA	Q54X73	64.0	875	986	894	0.0	1116	88.5	97.5
tr|A0A7J6HJ39|A0A7J6HJ39_CANSA	Q90875	63.0	872	986	889	0.0	1109	88.4	97.6
tr|A0A7J6HJ39|A0A7J6HJ39_CANSA	P28271	61.5	892	986	889	0.0	1107	90.5	99.7
tr|A0A7J6HJ39|A0A7J6HJ39_CANSA	P21399	62.0	872	986	889	0.0	1101	88.4	97.6
tr|A0A7J6HJ39|A0A7J6HJ39_CANSA	Q01059	61.9	872	986	889	0.0	1099	88.4	97.6
tr|A0A7J6HJ39|A0A7J6HJ39_CANSA	Q0VCU1	61.1	891	986	889	0.0	1098	90.4	99.6
tr|A0A7J6HJ39|A0A7J6HJ39_CANSA	Q63270	61.2	892	986	889	0.0	1095	90.5	99.7
tr|A0A7J6HJ39|A0A7J6HJ39_CANSA	Q23500	60.9	879	986	887	0.0	1057	89.0	98.5
tr|A0A7J6HJ39|A0A7J6HJ39_CANSA	P09339	55.5	911	986	909	0.0	981	91.0	99.1
tr|A0A7J6HJ39|A0A7J6HJ39_CANSA	P37032	56.9	887	986	891	0.0	973	88.5	97.9
tr|A0A7J6HJ39|A0A7J6HJ39_CANSA	Q9RTN7	56.6	895	986	906	0.0	973	89.9	97.8
tr|A0A7J6HJ39|A0A7J6HJ39_CANSA	Q9I3F5	56.9	902	986	910	0.0	967	88.9	98.2
tr|A0A7J6HJ39|A0A7J6HJ39_CANSA	Q5SMF6	55.8	903	986	902	0.0	957	90.8	99.3
tr|A0A7J6HJ39|A0A7J6HJ39_CANSA	Q8ZP52	56.6	885	986	891	0.0	956	88.5	97.6
tr|A0A7J6HJ39|A0A7J6HJ39_CANSA	Q5HPJ0	55.9	891	986	901	0.0	955	89.1	98.2
tr|A0A7J6HJ39|A0A7J6HJ39_CANSA	Q8CPC2	55.9	891	986	901	0.0	954	89.1	98.2
tr|A0A7J6HJ39|A0A7J6HJ39_CANSA	P25516	56.2	884	986	891	0.0	951	88.4	97.5
tr|A0A7J6HJ39|A0A7J6HJ39_CANSA	P63433	55.2	891	986	901	0.0	939	89.1	98.2
tr|A0A7J6HJ39|A0A7J6HJ39_CANSA	P63434	55.2	891	986	901	0.0	939	89.1	98.2
tr|A0A7J6HJ39|A0A7J6HJ39_CANSA	P99148	55.2	891	986	901	0.0	939	89.1	98.2
tr|A0A7J6HJ39|A0A7J6HJ39_CANSA	Q5HG69	55.2	891	986	901	0.0	939	89.1	98.2
tr|A0A7J6HJ39|A0A7J6HJ39_CANSA	Q6G9K9	55.2	891	986	901	0.0	939	89.1	98.2
tr|A0A7J6HJ39|A0A7J6HJ39_CANSA	A0QX20	52.2	946	986	943	0.0	938	90.9	99.6
tr|A0A7J6HJ39|A0A7J6HJ39_CANSA	Q6GH55	55.0	891	986	901	0.0	938	89.1	98.2
tr|A0A7J6HJ39|A0A7J6HJ39_CANSA	O53166	52.7	913	986	943	0.0	931	87.5	96.5
tr|A0A7J6HJ39|A0A7J6HJ39_CANSA	P70920	54.9	895	986	906	0.0	926	88.3	97.5
tr|A0A7J6HJ39|A0A7J6HJ39_CANSA	Q4JVM4	51.8	911	986	936	0.0	921	87.6	96.7
tr|A0A7J6HJ39|A0A7J6HJ39_CANSA	Q8FTA8	51.2	938	986	937	0.0	919	90.6	99.4
tr|A0A7J6HJ39|A0A7J6HJ39_CANSA	Q2A1K3	54.6	903	986	937	0.0	916	90.3	95.3
tr|A0A7J6HJ39|A0A7J6HJ39_CANSA	D9X0I3	52.4	907	986	931	0.0	915	87.3	96.7
tr|A0A7J6HJ39|A0A7J6HJ39_CANSA	Q6NH63	52.6	908	986	934	0.0	914	87.4	96.6
tr|A0A7J6HJ39|A0A7J6HJ39_CANSA	Q59938	54.6	868	986	888	0.0	909	87.7	96.7
tr|A0A7J6HJ39|A0A7J6HJ39_CANSA	Q1RKD5	54.9	871	986	885	0.0	907	87.7	96.0
tr|A0A7J6HJ39|A0A7J6HJ39_CANSA	Q4UK20	55.3	864	986	878	0.0	906	87.2	95.8
tr|A0A7J6HJ39|A0A7J6HJ39_CANSA	Q92G90	55.4	866	986	878	6.19e-321	902	87.5	96.1
tr|A0A7J6HJ39|A0A7J6HJ39_CANSA	Q8NQ98	50.5	938	986	939	5.51e-319	899	90.6	99.1
tr|A0A7J6HJ39|A0A7J6HJ39_CANSA	Q68VV0	54.5	864	986	878	2.00e-316	890	87.2	95.8
tr|A0A7J6HJ39|A0A7J6HJ39_CANSA	Q9ZCF4	54.1	867	986	878	4.46e-310	874	87.2	95.8
tr|A0A7J6HJ39|A0A7J6HJ39_CANSA	O08451	49.1	908	986	961	3.95e-290	827	87.5	93.9
tr|A0A7J6HJ39|A0A7J6HJ39_CANSA	Q937N8	42.7	895	986	869	7.33e-229	666	89.5	98.3
tr|A0A7J6HJ39|A0A7J6HJ39_CANSA	Q8EJW3	42.9	862	986	867	1.72e-223	652	86.3	94.3
tr|A0A7J6HJ39|A0A7J6HJ39_CANSA	D4AT77	30.0	819	986	775	2.38e-64	227	82.0	88.1
tr|A0A7J6HJ39|A0A7J6HJ39_CANSA	P49609	29.9	789	986	779	2.52e-64	227	79.2	83.8
tr|A0A7J6HJ39|A0A7J6HJ39_CANSA	C8VG90	29.9	817	986	783	8.56e-62	220	82.6	87.9
tr|A0A7J6HJ39|A0A7J6HJ39_CANSA	P19414	29.2	787	986	778	2.23e-60	216	79.1	83.9
tr|A0A7J6HJ39|A0A7J6HJ39_CANSA	Q4WLN1	29.9	773	986	787	9.14e-59	211	77.6	81.1
tr|A0A7J6HJ39|A0A7J6HJ39_CANSA	P82611	27.5	822	986	777	1.20e-57	207	82.4	88.5
tr|A0A7J6HJ39|A0A7J6HJ39_CANSA	Q99798	28.8	757	986	780	9.99e-57	205	75.7	79.9
tr|A0A7J6HJ39|A0A7J6HJ39_CANSA	P34455	28.0	783	986	777	1.75e-56	204	78.6	82.4
tr|A0A7J6HJ39|A0A7J6HJ39_CANSA	P20004	29.2	753	986	780	1.81e-56	204	75.7	79.9
tr|A0A7J6HJ39|A0A7J6HJ39_CANSA	P16276	28.9	758	986	781	4.47e-56	203	75.7	79.8
tr|A0A7J6HJ39|A0A7J6HJ39_CANSA	Q54XS2	27.4	474	986	771	1.00e-24	105	47.4	52.3
tr|A0A7J6HJ39|A0A7J6HJ39_CANSA	Q99KI0	29.1	416	986	780	8.39e-23	99.4	41.2	44.0
tr|A0A7J6HJ39|A0A7J6HJ39_CANSA	Q9ER34	29.1	416	986	780	8.39e-23	99.4	41.2	44.0
tr|A0A7J6HJ39|A0A7J6HJ39_CANSA	O13966	30.4	401	986	789	1.08e-19	89.4	40.5	42.5
tr|A0A7J6HNT9|A0A7J6HNT9_CANSA	Q1JUP4	37.9	470	505	481	3.42e-101	308	89.7	97.7
tr|A0A7J6HNT9|A0A7J6HNT9_CANSA	P42236	35.7	471	505	488	3.98e-91	282	88.5	96.5
tr|A0A7J6HNT9|A0A7J6HNT9_CANSA	Q97UA1	32.2	469	505	478	5.23e-76	242	88.5	97.9
tr|A0A7J6HNT9|A0A7J6HNT9_CANSA	D4GP41	31.0	477	505	482	3.07e-70	227	89.3	98.3
tr|A0A7J6HNT9|A0A7J6HNT9_CANSA	Q08IB7	27.4	266	505	530	2.36e-10	57.4	49.7	47.5
tr|A0A7J6HNT9|A0A7J6HNT9_CANSA	Q0K4R1	24.8	286	505	527	1.88e-07	48.1	53.7	51.6
tr|A0A7J6HPY5|A0A7J6HPY5_CANSA	Q9HEM6	35.0	432	1436	522	2.37e-49	179	27.6	79.1
tr|A0A7J6HPY5|A0A7J6HPY5_CANSA	E1C1L6	31.7	420	1436	428	2.77e-49	176	27.9	88.6
tr|A0A7J6HPY5|A0A7J6HPY5_CANSA	O75354	31.3	432	1436	484	7.54e-48	174	29.2	77.3
tr|A0A7J6HPY5|A0A7J6HPY5_CANSA	Q6P6S9	32.0	422	1436	427	1.39e-47	171	27.9	89.0
tr|A0A7J6HPY5|A0A7J6HPY5_CANSA	E1BPW0	32.2	426	1436	432	1.29e-46	169	27.9	88.7
tr|A0A7J6HPY5|A0A7J6HPY5_CANSA	D2GZV9	32.0	415	1436	433	3.25e-46	167	27.9	88.7
tr|A0A7J6HPY5|A0A7J6HPY5_CANSA	Q8TGH6	32.9	447	1436	599	7.91e-46	170	27.6	70.5
tr|A0A7J6HPY5|A0A7J6HPY5_CANSA	Q9UT35	32.7	425	1436	556	4.36e-45	167	27.6	73.4
tr|A0A7J6HPY5|A0A7J6HPY5_CANSA	O75356	31.1	415	1436	428	5.98e-45	164	27.9	88.6
tr|A0A7J6HPY5|A0A7J6HPY5_CANSA	Q9QYC8	31.8	402	1436	469	7.55e-45	164	27.2	78.3
tr|A0A7J6HPY5|A0A7J6HPY5_CANSA	Q9WUZ9	31.7	416	1436	427	7.92e-45	163	27.9	89.0
tr|A0A7J6HPY5|A0A7J6HPY5_CANSA	Q8TGG8	30.7	440	1436	503	3.78e-43	160	27.6	84.7
tr|A0A7J6HPY5|A0A7J6HPY5_CANSA	Q3U0P5	30.5	406	1436	455	1.40e-41	154	27.3	80.4
tr|A0A7J6HPY5|A0A7J6HPY5_CANSA	Q9ER31	30.3	406	1436	455	1.14e-40	152	27.3	80.4
tr|A0A7J6HPY5|A0A7J6HPY5_CANSA	P32621	32.9	444	1436	518	1.84e-40	152	27.6	79.9
tr|A0A7J6HPY5|A0A7J6HPY5_CANSA	P79784	28.8	430	1436	495	7.21e-28	114	27.2	81.4
tr|A0A7J6HPY5|A0A7J6HPY5_CANSA	P55772	26.4	439	1436	510	1.49e-26	110	27.2	79.4
tr|A0A7J6HPY5|A0A7J6HPY5_CANSA	O35795	27.3	417	1436	495	3.08e-25	106	26.2	78.6
tr|A0A7J6HPY5|A0A7J6HPY5_CANSA	Q9Y5L3	28.3	400	1436	495	3.08e-25	106	25.3	75.8
tr|A0A7J6HPY5|A0A7J6HPY5_CANSA	P97687	25.3	443	1436	511	1.11e-24	104	27.2	79.5
tr|A0A7J6HPY5|A0A7J6HPY5_CANSA	O18956	25.3	430	1436	513	3.52e-24	103	26.7	78.9
tr|A0A7J6HPY5|A0A7J6HPY5_CANSA	O55026	27.6	402	1436	495	9.61e-24	101	25.3	75.6
tr|A0A7J6HPY5|A0A7J6HPY5_CANSA	Q9MYU4	26.1	440	1436	510	2.46e-22	97.4	27.2	79.4
tr|A0A7J6HPY5|A0A7J6HPY5_CANSA	O75355	25.3	450	1436	529	4.85e-22	96.7	27.2	76.7
tr|A0A7J6HPY5|A0A7J6HPY5_CANSA	P49961	25.9	437	1436	510	7.63e-22	95.9	27.2	79.4
tr|A0A7J6HPY5|A0A7J6HPY5_CANSA	Q9DBT4	28.6	262	1436	613	5.94e-20	90.5	15.7	42.6
tr|A0A7J6HPY5|A0A7J6HPY5_CANSA	Q9Y227	29.4	262	1436	616	1.04e-19	89.7	15.7	42.4
tr|A0A7J6HQ85|A0A7J6HQ85_CANSA	A0A1B1PF34	31.3	147	509	657	3.63e-07	47.4	26.9	21.8
tr|A0A7J6HQ85|A0A7J6HQ85_CANSA	A8QL52	32.0	97	509	517	5.72e-07	46.6	18.7	18.8
tr|A0A7J6HQ85|A0A7J6HQ85_CANSA	P81382	44.2	52	509	516	7.54e-07	46.2	10.2	10.1
tr|A0A7J6HQ85|A0A7J6HQ85_CANSA	D6A5I3	53.2	47	509	664	7.59e-06	43.1	9.0	7.1
tr|A0A7J6HQW9|A0A7J6HQW9_CANSA	P49961	29.4	473	545	510	3.10e-47	167	80.6	87.5
tr|A0A7J6HQW9|A0A7J6HQW9_CANSA	P79784	29.2	493	545	495	6.29e-47	166	84.0	95.6
tr|A0A7J6HQW9|A0A7J6HQW9_CANSA	P55772	28.8	423	545	510	3.77e-45	161	72.7	80.0
tr|A0A7J6HQW9|A0A7J6HQW9_CANSA	P97687	27.9	433	545	511	4.89e-44	158	72.7	80.0
tr|A0A7J6HQW9|A0A7J6HQW9_CANSA	O75355	28.6	462	545	529	2.07e-42	154	79.1	83.2
tr|A0A7J6HQW9|A0A7J6HQW9_CANSA	O18956	26.7	424	545	513	5.83e-42	152	72.7	80.1
tr|A0A7J6HQW9|A0A7J6HQW9_CANSA	D2GZV9	30.6	408	545	433	7.79e-42	150	72.3	86.1
tr|A0A7J6HQW9|A0A7J6HQW9_CANSA	O55026	31.6	456	545	495	2.97e-41	150	78.0	86.5
tr|A0A7J6HQW9|A0A7J6HQW9_CANSA	O75356	29.5	413	545	428	6.17e-40	145	72.3	86.0
tr|A0A7J6HQW9|A0A7J6HQW9_CANSA	Q9MYU4	27.2	423	545	510	5.56e-39	144	72.7	80.0
tr|A0A7J6HQW9|A0A7J6HQW9_CANSA	E1BPW0	29.5	417	545	432	1.14e-38	142	72.3	86.1
tr|A0A7J6HQW9|A0A7J6HQW9_CANSA	Q6P6S9	29.3	403	545	427	1.44e-38	141	72.3	86.2
tr|A0A7J6HQW9|A0A7J6HQW9_CANSA	E1C1L6	27.8	403	545	428	2.01e-38	141	72.3	86.0
tr|A0A7J6HQW9|A0A7J6HQW9_CANSA	Q9HEM6	28.7	425	545	522	2.25e-38	142	72.5	78.4
tr|A0A7J6HQW9|A0A7J6HQW9_CANSA	Q9WUZ9	29.8	406	545	427	2.71e-38	140	72.3	86.2
tr|A0A7J6HQW9|A0A7J6HQW9_CANSA	Q3U0P5	29.5	407	545	455	7.98e-38	140	72.3	80.4
tr|A0A7J6HQW9|A0A7J6HQW9_CANSA	Q9ER31	29.2	407	545	455	3.82e-37	138	72.3	80.4
tr|A0A7J6HQW9|A0A7J6HQW9_CANSA	Q9QYC8	28.3	463	545	469	4.68e-37	138	82.6	88.9
tr|A0A7J6HQW9|A0A7J6HQW9_CANSA	Q9UT35	28.0	421	545	556	5.25e-37	139	72.7	72.8
tr|A0A7J6HQW9|A0A7J6HQW9_CANSA	Q8TGH6	30.0	433	545	599	5.69e-37	139	72.3	69.6
tr|A0A7J6HQW9|A0A7J6HQW9_CANSA	O35795	29.1	454	545	495	9.05e-37	137	77.8	86.5
tr|A0A7J6HQW9|A0A7J6HQW9_CANSA	Q9Y5L3	28.5	460	545	495	7.88e-36	135	78.0	86.5
tr|A0A7J6HQW9|A0A7J6HQW9_CANSA	O75354	34.5	255	545	484	5.96e-35	132	45.7	50.8
tr|A0A7J6HQW9|A0A7J6HQW9_CANSA	Q9Y227	25.4	465	545	616	1.08e-34	133	73.8	73.1
tr|A0A7J6HQW9|A0A7J6HQW9_CANSA	Q9DBT4	25.5	462	545	613	1.93e-34	132	73.2	72.9
tr|A0A7J6HQW9|A0A7J6HQW9_CANSA	P32621	27.4	435	545	518	5.47e-34	130	73.9	80.7
tr|A0A7J6HQW9|A0A7J6HQW9_CANSA	Q8TGG8	27.1	435	545	503	3.68e-31	121	72.5	83.9
tr|A0A7J6HTX7|A0A7J6HTX7_CANSA	Q8N8V2	28.9	350	1007	638	1.50e-35	139	29.0	54.9
tr|A0A7J6HTX7|A0A7J6HTX7_CANSA	Q5D1D6	25.1	446	1007	590	3.12e-35	137	38.1	74.4
tr|A0A7J6HTX7|A0A7J6HTX7_CANSA	P32455	25.2	448	1007	592	1.01e-34	135	38.1	74.5
tr|A0A7J6HTX7|A0A7J6HTX7_CANSA	Q01514	26.9	476	1007	589	2.34e-34	134	40.1	78.3
tr|A0A7J6HTX7|A0A7J6HTX7_CANSA	Q5RBE1	25.0	432	1007	592	2.40e-34	134	36.5	72.5
tr|A0A7J6HTX7|A0A7J6HTX7_CANSA	Q91Z40	27.0	352	1007	638	1.04e-31	127	29.2	55.2
tr|A0A7J6HYF1|A0A7J6HYF1_CANSA	P0AFC0	36.4	66	447	150	1.61e-06	42.7	14.8	42.7
tr|A0A7J6HYF1|A0A7J6HYF1_CANSA	P0AFC1	36.4	66	447	150	1.61e-06	42.7	14.8	42.7
tr|A0A7J6HYF1|A0A7J6HYF1_CANSA	P0AFC2	36.4	66	447	150	1.61e-06	42.7	14.8	42.7
tr|A0A7J6HYF2|A0A7J6HYF2_CANSA	Q56693	26.4	106	289	271	4.00e-08	48.1	36.7	38.4
tr|A0A7J6HYF2|A0A7J6HYF2_CANSA	P28821	28.6	98	289	293	1.44e-06	43.5	32.9	33.4
tr|A0A7J6HYF2|A0A7J6HYF2_CANSA	Q9KQI0	32.6	92	289	267	7.52e-06	41.2	31.8	33.7
tr|A0A7J6I3K6|A0A7J6I3K6_CANSA	P42236	31.7	473	1430	488	6.89e-76	256	32.3	96.9
tr|A0A7J6I3K6|A0A7J6I3K6_CANSA	D4GP41	33.3	478	1430	482	1.23e-70	240	32.3	97.9
tr|A0A7J6I3K6|A0A7J6I3K6_CANSA	Q97UA1	31.2	477	1430	478	9.12e-68	232	32.2	98.1
tr|A0A7J6I3K6|A0A7J6I3K6_CANSA	Q1JUP4	28.3	456	1430	481	2.73e-54	192	31.5	93.8
tr|A0A7J6I5Q6|A0A7J6I5Q6_CANSA	Q42560	87.5	943	947	898	0.0	1662	99.6	99.8
tr|A0A7J6I5Q6|A0A7J6I5Q6_CANSA	P49608	83.7	943	947	898	0.0	1609	99.6	99.8
tr|A0A7J6I5Q6|A0A7J6I5Q6_CANSA	Q6YZX6	83.4	942	947	898	0.0	1603	99.5	99.7
tr|A0A7J6I5Q6|A0A7J6I5Q6_CANSA	Q9SIB9	82.7	942	947	990	0.0	1591	99.5	90.4
tr|A0A7J6I5Q6|A0A7J6I5Q6_CANSA	Q94A28	76.3	942	947	995	0.0	1477	99.5	89.9
tr|A0A7J6I5Q6|A0A7J6I5Q6_CANSA	Q54X73	61.1	946	947	894	0.0	1131	99.7	100
tr|A0A7J6I5Q6|A0A7J6I5Q6_CANSA	Q90875	59.3	938	947	889	0.0	1107	99.0	99.6
tr|A0A7J6I5Q6|A0A7J6I5Q6_CANSA	P28271	58.7	939	947	889	0.0	1102	99.2	99.7
tr|A0A7J6I5Q6|A0A7J6I5Q6_CANSA	Q0VCU1	58.4	938	947	889	0.0	1094	99.0	99.6
tr|A0A7J6I5Q6|A0A7J6I5Q6_CANSA	Q63270	58.6	939	947	889	0.0	1093	99.2	99.7
tr|A0A7J6I5Q6|A0A7J6I5Q6_CANSA	Q01059	58.2	938	947	889	0.0	1092	99.0	99.6
tr|A0A7J6I5Q6|A0A7J6I5Q6_CANSA	P21399	58.1	938	947	889	0.0	1090	99.0	99.6
tr|A0A7J6I5Q6|A0A7J6I5Q6_CANSA	Q23500	57.9	938	947	887	0.0	1048	98.9	99.7
tr|A0A7J6I5Q6|A0A7J6I5Q6_CANSA	Q9RTN7	53.9	941	947	906	0.0	965	98.5	97.8
tr|A0A7J6I5Q6|A0A7J6I5Q6_CANSA	P09339	53.6	933	947	909	0.0	962	97.3	96.9
tr|A0A7J6I5Q6|A0A7J6I5Q6_CANSA	P37032	53.9	934	947	891	0.0	957	97.5	97.9
tr|A0A7J6I5Q6|A0A7J6I5Q6_CANSA	Q5SMF6	54.3	939	947	902	0.0	954	97.6	97.6
tr|A0A7J6I5Q6|A0A7J6I5Q6_CANSA	Q9I3F5	52.9	949	947	910	0.0	941	97.6	98.2
tr|A0A7J6I5Q6|A0A7J6I5Q6_CANSA	Q8ZP52	53.0	932	947	891	0.0	938	97.1	97.6
tr|A0A7J6I5Q6|A0A7J6I5Q6_CANSA	Q5HPJ0	52.6	934	947	901	0.0	934	97.4	97.8
tr|A0A7J6I5Q6|A0A7J6I5Q6_CANSA	Q8CPC2	52.6	934	947	901	0.0	934	97.4	97.8
tr|A0A7J6I5Q6|A0A7J6I5Q6_CANSA	P25516	52.6	931	947	891	0.0	927	97.0	97.5
tr|A0A7J6I5Q6|A0A7J6I5Q6_CANSA	P63433	52.3	932	947	901	0.0	920	97.4	97.8
tr|A0A7J6I5Q6|A0A7J6I5Q6_CANSA	P63434	52.3	932	947	901	0.0	920	97.4	97.8
tr|A0A7J6I5Q6|A0A7J6I5Q6_CANSA	P99148	52.3	932	947	901	0.0	920	97.4	97.8
tr|A0A7J6I5Q6|A0A7J6I5Q6_CANSA	Q5HG69	52.3	932	947	901	0.0	920	97.4	97.8
tr|A0A7J6I5Q6|A0A7J6I5Q6_CANSA	Q6G9K9	52.3	932	947	901	0.0	920	97.4	97.8
tr|A0A7J6I5Q6|A0A7J6I5Q6_CANSA	Q6GH55	52.1	932	947	901	0.0	919	97.4	97.8
tr|A0A7J6I5Q6|A0A7J6I5Q6_CANSA	A0QX20	48.7	998	947	943	0.0	917	99.9	99.9
tr|A0A7J6I5Q6|A0A7J6I5Q6_CANSA	O53166	49.1	970	947	943	0.0	917	97.1	97.3
tr|A0A7J6I5Q6|A0A7J6I5Q6_CANSA	D9X0I3	50.6	951	947	931	0.0	914	95.7	96.5
tr|A0A7J6I5Q6|A0A7J6I5Q6_CANSA	Q4JVM4	48.7	969	947	936	0.0	910	97.4	97.6
tr|A0A7J6I5Q6|A0A7J6I5Q6_CANSA	P70920	51.3	942	947	906	1.45e-318	895	96.9	97.5
tr|A0A7J6I5Q6|A0A7J6I5Q6_CANSA	Q2A1K3	51.0	951	947	937	6.87e-317	892	98.8	95.5
tr|A0A7J6I5Q6|A0A7J6I5Q6_CANSA	Q4UK20	51.9	912	947	878	5.82e-316	888	95.8	95.8
tr|A0A7J6I5Q6|A0A7J6I5Q6_CANSA	Q1RKD5	51.5	917	947	885	7.43e-316	888	96.4	96.2
tr|A0A7J6I5Q6|A0A7J6I5Q6_CANSA	Q6NH63	48.3	989	947	934	1.00e-315	889	99.6	99.7
tr|A0A7J6I5Q6|A0A7J6I5Q6_CANSA	Q8FTA8	48.0	990	947	937	1.80e-314	886	99.3	99.4
tr|A0A7J6I5Q6|A0A7J6I5Q6_CANSA	Q59938	50.0	914	947	888	2.17e-313	882	96.3	96.7
tr|A0A7J6I5Q6|A0A7J6I5Q6_CANSA	Q92G90	51.8	917	947	878	2.48e-312	879	96.1	96.1
tr|A0A7J6I5Q6|A0A7J6I5Q6_CANSA	Q8NQ98	47.7	986	947	939	8.17e-311	877	99.3	99.1
tr|A0A7J6I5Q6|A0A7J6I5Q6_CANSA	Q68VV0	50.5	919	947	878	2.43e-307	866	95.8	95.8
tr|A0A7J6I5Q6|A0A7J6I5Q6_CANSA	Q9ZCF4	50.3	919	947	878	4.14e-303	855	95.8	95.8
tr|A0A7J6I5Q6|A0A7J6I5Q6_CANSA	O08451	45.2	977	947	961	4.22e-279	797	97.9	95.4
tr|A0A7J6I5Q6|A0A7J6I5Q6_CANSA	Q8EJW3	41.0	918	947	867	7.07e-227	660	96.0	95.6
tr|A0A7J6I5Q6|A0A7J6I5Q6_CANSA	Q937N8	41.3	924	947	869	3.00e-226	658	96.2	96.2
tr|A0A7J6I5Q6|A0A7J6I5Q6_CANSA	Q54XS2	27.9	823	947	771	2.32e-59	212	86.3	85.2
tr|A0A7J6I5Q6|A0A7J6I5Q6_CANSA	D4AT77	27.9	865	947	775	1.22e-57	207	90.4	88.1
tr|A0A7J6I5Q6|A0A7J6I5Q6_CANSA	P19414	27.5	877	947	778	1.03e-56	204	90.4	88.0
tr|A0A7J6I5Q6|A0A7J6I5Q6_CANSA	P82611	26.6	830	947	777	8.04e-52	190	85.5	83.7
tr|A0A7J6I5Q6|A0A7J6I5Q6_CANSA	P49609	29.3	369	947	779	1.37e-32	130	38.0	38.5
tr|A0A7J6I5Q6|A0A7J6I5Q6_CANSA	C8VG90	28.9	343	947	783	3.11e-28	116	36.2	35.4
tr|A0A7J6I5Q6|A0A7J6I5Q6_CANSA	Q4WLN1	28.3	343	947	787	3.14e-28	116	36.2	35.2
tr|A0A7J6I5Q6|A0A7J6I5Q6_CANSA	P20004	27.1	373	947	780	8.56e-16	76.6	39.0	39.0
tr|A0A7J6I5Q6|A0A7J6I5Q6_CANSA	Q99KI0	27.3	373	947	780	5.82e-15	73.9	39.0	39.0
tr|A0A7J6I5Q6|A0A7J6I5Q6_CANSA	Q9ER34	27.1	373	947	780	5.82e-15	73.9	39.0	39.0
tr|A0A7J6I5Q6|A0A7J6I5Q6_CANSA	Q99798	27.3	374	947	780	1.32e-14	72.8	39.0	39.0
tr|A0A7J6I5Q6|A0A7J6I5Q6_CANSA	P16276	26.5	373	947	781	1.18e-13	69.7	39.0	38.9
tr|A0A7J6I5Q6|A0A7J6I5Q6_CANSA	P34455	28.6	241	947	777	1.55e-13	69.3	25.1	25.0
tr|A0A7J6I5Q6|A0A7J6I5Q6_CANSA	O13966	26.4	383	947	789	9.78e-10	57.0	39.5	39.2
tr|A0A7J6I634|A0A7J6I634_CANSA	Q9CA40	71.6	134	161	147	5.42e-75	216	83.2	91.2
tr|A0A7J6I7M3|A0A7J6I7M3_CANSA	Q31AM1	22.1	258	521	391	4.69e-06	43.5	46.1	60.4
tr|A0A7J6I8N7|A0A7J6I8N7_CANSA	P42236	29.5	353	564	488	9.99e-33	126	60.6	70.1
tr|A0A7J6I8N7|A0A7J6I8N7_CANSA	Q97UA1	29.4	330	564	478	1.36e-31	122	57.3	66.7
tr|A0A7J6I8N7|A0A7J6I8N7_CANSA	Q1JUP4	25.8	430	564	481	6.35e-31	120	73.9	84.6
tr|A0A7J6IAK6|A0A7J6IAK6_CANSA	Q8VPD4	32.9	76	479	534	6.44e-06	43.1	15.4	14.2
tr|A0A7J6DLS9|A0A7J6DLS9_CANSA	Q1JUP4	26.1	345	435	481	3.85e-29	114	73.6	70.9
tr|A0A7J6DLS9|A0A7J6DLS9_CANSA	P42236	24.5	343	435	488	5.58e-23	95.9	71.7	69.5
tr|A0A7J6DLS9|A0A7J6DLS9_CANSA	Q97UA1	23.2	345	435	478	9.59e-23	95.1	72.6	71.3
tr|A0A7J6DLS9|A0A7J6DLS9_CANSA	D4GP41	25.5	349	435	482	1.86e-21	91.3	72.4	70.7
tr|A0A7J6DNC3|A0A7J6DNC3_CANSA	A8QL52	50.0	40	434	517	7.24e-06	42.7	9.2	7.7
tr|A0A7J6DPC2|A0A7J6DPC2_CANSA	D4AT77	30.5	223	407	775	9.96e-21	89.4	52.8	26.6
tr|A0A7J6DPC2|A0A7J6DPC2_CANSA	P19414	29.6	216	407	778	3.18e-20	87.8	50.9	25.6
tr|A0A7J6DPC2|A0A7J6DPC2_CANSA	O13966	29.5	224	407	789	7.69e-19	83.6	53.1	26.2
tr|A0A7J6DPC2|A0A7J6DPC2_CANSA	C8VG90	31.5	184	407	783	5.74e-18	80.9	45.2	21.3
tr|A0A7J6DPC2|A0A7J6DPC2_CANSA	P82611	29.9	214	407	777	7.63e-18	80.5	50.4	25.4
tr|A0A7J6DPC2|A0A7J6DPC2_CANSA	Q4WLN1	31.5	184	407	787	1.02e-17	80.1	45.2	21.2
tr|A0A7J6DPC2|A0A7J6DPC2_CANSA	P34455	32.7	147	407	777	1.35e-17	79.7	36.1	17.8
tr|A0A7J6DPC2|A0A7J6DPC2_CANSA	P49609	31.0	174	407	779	4.27e-17	78.2	42.8	20.2
tr|A0A7J6DPC2|A0A7J6DPC2_CANSA	P25516	27.1	229	407	891	6.05e-17	77.8	52.1	24.7
tr|A0A7J6DPC2|A0A7J6DPC2_CANSA	P37032	25.2	278	407	891	6.05e-17	77.8	60.2	30.1
tr|A0A7J6DPC2|A0A7J6DPC2_CANSA	Q54XS2	32.9	146	407	771	1.78e-16	76.3	35.9	17.8
tr|A0A7J6DPC2|A0A7J6DPC2_CANSA	Q8ZP52	26.2	229	407	891	7.90e-16	74.3	52.1	24.7
tr|A0A7J6DPC2|A0A7J6DPC2_CANSA	P20004	31.5	146	407	780	9.91e-16	73.9	35.9	17.6
tr|A0A7J6DPC2|A0A7J6DPC2_CANSA	Q99KI0	31.5	146	407	780	9.91e-16	73.9	35.9	17.6
tr|A0A7J6DPC2|A0A7J6DPC2_CANSA	P16276	31.5	146	407	781	9.91e-16	73.9	35.9	17.5
tr|A0A7J6DPC2|A0A7J6DPC2_CANSA	Q99798	31.5	146	407	780	1.32e-15	73.6	35.9	17.6
tr|A0A7J6DPC2|A0A7J6DPC2_CANSA	Q9ER34	31.5	146	407	780	1.32e-15	73.6	35.9	17.6
tr|A0A7J6DPC2|A0A7J6DPC2_CANSA	Q59938	24.9	209	407	888	1.39e-15	73.6	48.2	22.5
tr|A0A7J6DPC2|A0A7J6DPC2_CANSA	Q54X73	28.2	227	407	894	1.40e-15	73.6	52.1	24.3
tr|A0A7J6DPC2|A0A7J6DPC2_CANSA	Q6NH63	26.6	271	407	934	1.42e-15	73.6	59.7	27.9
tr|A0A7J6DPC2|A0A7J6DPC2_CANSA	Q9I3F5	27.1	229	407	910	3.30e-15	72.4	51.8	24.1
tr|A0A7J6DPC2|A0A7J6DPC2_CANSA	Q8NQ98	27.8	248	407	939	3.34e-15	72.4	54.8	25.2
tr|A0A7J6DPC2|A0A7J6DPC2_CANSA	Q8FTA8	26.5	272	407	937	4.44e-15	72.0	59.7	27.9
tr|A0A7J6DPC2|A0A7J6DPC2_CANSA	P63433	25.5	282	407	901	5.81e-15	71.6	62.9	29.5
tr|A0A7J6DPC2|A0A7J6DPC2_CANSA	P63434	25.5	282	407	901	5.81e-15	71.6	62.9	29.5
tr|A0A7J6DPC2|A0A7J6DPC2_CANSA	P99148	25.5	282	407	901	5.81e-15	71.6	62.9	29.5
tr|A0A7J6DPC2|A0A7J6DPC2_CANSA	Q5HG69	25.5	282	407	901	5.81e-15	71.6	62.9	29.5
tr|A0A7J6DPC2|A0A7J6DPC2_CANSA	Q6G9K9	25.5	282	407	901	5.81e-15	71.6	62.9	29.5
tr|A0A7J6DPC2|A0A7J6DPC2_CANSA	Q6GH55	25.5	282	407	901	5.81e-15	71.6	62.9	29.5
tr|A0A7J6DPC2|A0A7J6DPC2_CANSA	Q0VCU1	25.5	286	407	889	1.02e-14	70.9	61.4	31.2
tr|A0A7J6DPC2|A0A7J6DPC2_CANSA	Q01059	24.1	303	407	889	1.80e-14	70.1	65.6	33.1
tr|A0A7J6DPC2|A0A7J6DPC2_CANSA	Q5HPJ0	26.1	257	407	901	1.81e-14	70.1	59.0	27.4
tr|A0A7J6DPC2|A0A7J6DPC2_CANSA	Q8CPC2	26.1	257	407	901	1.81e-14	70.1	59.0	27.4
tr|A0A7J6DPC2|A0A7J6DPC2_CANSA	Q4JVM4	28.8	212	407	936	3.23e-14	69.3	46.7	21.7
tr|A0A7J6DPC2|A0A7J6DPC2_CANSA	O53166	28.4	183	407	943	4.30e-14	68.9	42.5	18.3
tr|A0A7J6DPC2|A0A7J6DPC2_CANSA	Q23500	28.2	202	407	887	5.58e-14	68.6	47.2	21.5
tr|A0A7J6DPC2|A0A7J6DPC2_CANSA	Q5SMF6	31.7	180	407	902	7.46e-14	68.2	40.0	18.8
tr|A0A7J6DPC2|A0A7J6DPC2_CANSA	P21399	23.8	286	407	889	9.84e-14	67.8	61.4	31.2
tr|A0A7J6DPC2|A0A7J6DPC2_CANSA	Q63270	25.2	286	407	889	9.84e-14	67.8	61.4	31.2
tr|A0A7J6DPC2|A0A7J6DPC2_CANSA	P28271	24.8	286	407	889	2.30e-13	66.6	61.4	31.2
tr|A0A7J6DPC2|A0A7J6DPC2_CANSA	Q90875	24.1	286	407	889	2.30e-13	66.6	61.4	31.2
tr|A0A7J6DPC2|A0A7J6DPC2_CANSA	D9X0I3	26.6	222	407	931	2.33e-13	66.6	51.1	22.8
tr|A0A7J6DPC2|A0A7J6DPC2_CANSA	P09339	25.8	225	407	909	3.07e-13	66.2	51.1	23.8
tr|A0A7J6DPC2|A0A7J6DPC2_CANSA	P70920	27.7	195	407	906	4.07e-13	65.9	47.4	20.3
tr|A0A7J6DPC2|A0A7J6DPC2_CANSA	P49608	26.7	210	407	898	5.38e-13	65.5	48.2	22.3
tr|A0A7J6DPC2|A0A7J6DPC2_CANSA	Q9RTN7	29.3	167	407	906	7.15e-13	65.1	38.1	17.5
tr|A0A7J6DPC2|A0A7J6DPC2_CANSA	A0QX20	26.1	199	407	943	1.27e-12	64.3	46.4	20.0
tr|A0A7J6DPC2|A0A7J6DPC2_CANSA	Q2A1K3	28.8	132	407	937	9.10e-12	61.6	32.4	13.2
tr|A0A7J6DPC2|A0A7J6DPC2_CANSA	Q8EJW3	23.2	263	407	867	3.40e-10	56.6	61.9	25.4
tr|A0A7J6DPC2|A0A7J6DPC2_CANSA	Q937N8	23.6	242	407	869	1.19e-07	48.5	57.7	23.8
tr|A0A7J6DPV2|A0A7J6DPV2_CANSA	A8QL52	23.7	489	748	517	2.36e-17	80.5	58.8	87.6
tr|A0A7J6DPV2|A0A7J6DPV2_CANSA	P81382	25.6	484	748	516	4.80e-15	73.2	58.0	86.6
tr|A0A7J6DPV2|A0A7J6DPV2_CANSA	Q8VPD4	21.9	488	748	534	2.75e-11	61.2	58.4	88.6
tr|A0A7J6DPX9|A0A7J6DPX9_CANSA	A8QL52	50.0	40	434	517	7.24e-06	42.7	9.2	7.7
tr|A0A7J6DRZ3|A0A7J6DRZ3_CANSA	A8QL52	20.5	492	1712	517	4.74e-09	55.5	27.5	83.2
tr|A0A7J6DRZ3|A0A7J6DRZ3_CANSA	Q8VPD4	22.0	491	1712	534	8.40e-09	54.7	27.0	83.3
tr|A0A7J6DRZ3|A0A7J6DRZ3_CANSA	P81382	22.3	511	1712	516	2.90e-07	49.7	28.3	86.0
tr|A0A7J6DRZ3|A0A7J6DRZ3_CANSA	A0A1B1PF34	40.2	92	1712	657	7.40e-07	48.5	5.1	13.2
tr|A0A7J6DRZ3|A0A7J6DRZ3_CANSA	D6A5I3	62.2	45	1712	664	9.76e-07	48.1	2.6	6.8
tr|A0A7J6DS67|A0A7J6DS67_CANSA	P42236	37.3	475	466	488	3.14e-92	283	92.3	96.7
tr|A0A7J6DS67|A0A7J6DS67_CANSA	Q97UA1	39.0	413	466	478	6.95e-88	272	86.9	86.0
tr|A0A7J6DS67|A0A7J6DS67_CANSA	Q1JUP4	30.9	470	466	481	8.73e-74	235	92.9	97.3
tr|A0A7J6DS67|A0A7J6DS67_CANSA	D4GP41	33.2	461	466	482	5.59e-71	228	88.6	93.8
tr|A0A7J6DS67|A0A7J6DS67_CANSA	Q08IC0	22.4	281	466	525	5.03e-07	46.6	55.8	50.3
tr|A0A7J6DSH4|A0A7J6DSH4_CANSA	Q8L493	65.9	337	403	373	1.98e-154	436	83.4	88.7
tr|A0A7J6DSH4|A0A7J6DSH4_CANSA	P28821	26.1	264	403	293	1.03e-10	57.0	64.3	86.3
tr|A0A7J6DSH4|A0A7J6DSH4_CANSA	P28305	25.6	250	403	269	2.17e-09	52.8	60.5	88.5
tr|A0A7J6DY30|A0A7J6DY30_CANSA	P42236	32.9	173	565	488	2.30e-18	82.8	30.1	34.6
tr|A0A7J6DY30|A0A7J6DY30_CANSA	D4GP41	32.2	171	565	482	4.92e-16	75.5	29.0	34.6
tr|A0A7J6DY30|A0A7J6DY30_CANSA	Q97UA1	33.9	165	565	478	1.99e-15	73.6	28.1	33.5
tr|A0A7J6DY30|A0A7J6DY30_CANSA	Q1JUP4	22.0	432	565	481	3.20e-13	66.6	66.0	86.7
tr|A0A7J6E2P3|A0A7J6E2P3_CANSA	Q724J4	28.6	213	689	648	2.97e-18	83.6	30.8	29.5
tr|A0A7J6E2P3|A0A7J6E2P3_CANSA	Q8YAC7	28.6	213	689	648	5.19e-18	82.8	30.8	29.5
tr|A0A7J6E2P3|A0A7J6E2P3_CANSA	Q92F56	28.2	213	689	648	1.10e-16	78.6	30.8	29.5
tr|A0A7J6E9G7|A0A7J6E9G7_CANSA	Q8YAC7	29.1	213	683	648	9.61e-19	85.1	31.0	29.5
tr|A0A7J6E9G7|A0A7J6E9G7_CANSA	Q724J4	28.6	213	683	648	1.68e-18	84.3	31.0	29.5
tr|A0A7J6E9G7|A0A7J6E9G7_CANSA	Q92F56	28.6	213	683	648	2.05e-17	80.9	31.0	29.5
tr|A0A7J6EAW1|A0A7J6EAW1_CANSA	Q05865	34.3	332	460	430	2.58e-43	153	69.8	70.7
tr|A0A7J6EAW1|A0A7J6EAW1_CANSA	Q12676	32.1	327	460	427	1.41e-33	126	67.0	71.4
tr|A0A7J6EAW1|A0A7J6EAW1_CANSA	F4JYE9	27.5	411	460	530	1.79e-33	127	82.6	74.2
tr|A0A7J6EAW1|A0A7J6EAW1_CANSA	Q9UTD0	31.5	343	460	417	2.86e-32	122	73.3	74.3
tr|A0A7J6EAW1|A0A7J6EAW1_CANSA	P43775	40.3	154	460	437	1.18e-28	112	33.5	33.4
tr|A0A7J6EAW1|A0A7J6EAW1_CANSA	Q8K9X3	36.3	179	460	418	2.40e-28	111	38.0	40.9
tr|A0A7J6EAW1|A0A7J6EAW1_CANSA	P08192	32.8	274	460	422	4.64e-28	110	58.5	58.3
tr|A0A7J6EAW1|A0A7J6EAW1_CANSA	P57265	35.2	179	460	411	4.77e-27	107	37.6	41.8
tr|A0A7J6EAW1|A0A7J6EAW1_CANSA	Q89AT2	38.0	171	460	426	8.64e-26	103	37.2	38.0
tr|A0A7J6EAW1|A0A7J6EAW1_CANSA	I6Y0R5	28.2	344	460	487	6.20e-25	102	69.8	65.1
tr|A0A7J6EC26|A0A7J6EC26_CANSA	Q56693	32.9	76	205	271	2.02e-09	50.8	37.1	28.0
tr|A0A7J6EC26|A0A7J6EC26_CANSA	P28821	39.4	66	205	293	2.89e-06	41.6	31.2	22.5
tr|A0A7J6EC26|A0A7J6EC26_CANSA	Q9KQI0	31.4	70	205	267	6.64e-06	40.4	34.1	26.2
tr|A0A7J6EKV3|A0A7J6EKV3_CANSA	P42236	28.5	467	606	488	5.40e-53	184	76.2	93.9
tr|A0A7J6EKV3|A0A7J6EKV3_CANSA	Q1JUP4	27.3	473	606	481	1.33e-47	169	76.9	94.6
tr|A0A7J6EKV3|A0A7J6EKV3_CANSA	D4GP41	27.1	414	606	482	5.26e-44	159	67.7	83.4
tr|A0A7J6EKV3|A0A7J6EKV3_CANSA	Q97UA1	26.5	437	606	478	8.20e-40	147	71.3	88.5
tr|A0A7J6ENL0|A0A7J6ENL0_CANSA	P42236	28.5	467	606	488	5.40e-53	184	76.2	93.9
tr|A0A7J6ENL0|A0A7J6ENL0_CANSA	Q1JUP4	27.3	473	606	481	1.33e-47	169	76.9	94.6
tr|A0A7J6ENL0|A0A7J6ENL0_CANSA	D4GP41	27.1	414	606	482	5.26e-44	159	67.7	83.4
tr|A0A7J6ENL0|A0A7J6ENL0_CANSA	Q97UA1	26.5	437	606	478	8.20e-40	147	71.3	88.5
tr|A0A7J6EWA7|A0A7J6EWA7_CANSA	O18956	19.2	464	424	513	5.84e-13	65.1	82.5	87.1
tr|A0A7J6EWA7|A0A7J6EWA7_CANSA	P49961	21.4	416	424	510	1.03e-12	64.3	74.5	78.4
tr|A0A7J6EWA7|A0A7J6EWA7_CANSA	P55772	21.0	419	424	510	1.36e-12	63.9	74.1	78.4
tr|A0A7J6EWA7|A0A7J6EWA7_CANSA	Q9MYU4	20.3	419	424	510	2.40e-12	63.2	74.5	78.4
tr|A0A7J6EWA7|A0A7J6EWA7_CANSA	Q9Y5L3	26.3	209	424	495	7.26e-12	61.6	32.8	41.8
tr|A0A7J6EWA7|A0A7J6EWA7_CANSA	Q8TGH6	27.6	170	424	599	1.38e-10	57.8	25.9	28.4
tr|A0A7J6EWA7|A0A7J6EWA7_CANSA	P79784	24.3	210	424	495	3.77e-10	56.2	32.5	42.4
tr|A0A7J6EWA7|A0A7J6EWA7_CANSA	O55026	21.5	400	424	495	5.00e-10	55.8	70.8	76.6
tr|A0A7J6EWA7|A0A7J6EWA7_CANSA	Q9HEM6	26.7	180	424	522	5.18e-10	55.8	28.3	33.3
tr|A0A7J6EWA7|A0A7J6EWA7_CANSA	O35795	23.5	226	424	495	1.16e-09	54.7	36.6	44.8
tr|A0A7J6EWA7|A0A7J6EWA7_CANSA	P32621	23.4	184	424	518	3.68e-09	53.1	29.0	35.5
tr|A0A7J6EWA7|A0A7J6EWA7_CANSA	Q9UT35	23.5	162	424	556	8.87e-09	52.0	24.3	29.1
tr|A0A7J6EWA7|A0A7J6EWA7_CANSA	Q9Y227	25.6	195	424	616	9.30e-09	52.0	24.5	31.7
tr|A0A7J6EWA7|A0A7J6EWA7_CANSA	Q9DBT4	25.1	195	424	613	1.62e-08	51.2	24.5	31.8
tr|A0A7J6EWA7|A0A7J6EWA7_CANSA	Q9WUZ9	22.8	197	424	427	2.32e-08	50.4	32.3	42.9
tr|A0A7J6EWA7|A0A7J6EWA7_CANSA	O75356	22.3	197	424	428	4.08e-08	49.7	32.3	42.8
tr|A0A7J6EWA7|A0A7J6EWA7_CANSA	O75354	22.5	169	424	484	1.35e-07	48.1	25.9	33.9
tr|A0A7J6EWA7|A0A7J6EWA7_CANSA	Q6P6S9	21.8	197	424	427	1.66e-07	47.8	32.3	42.9
tr|A0A7J6EWA7|A0A7J6EWA7_CANSA	Q3U0P5	21.4	187	424	455	1.73e-07	47.8	29.7	40.0
tr|A0A7J6EWA7|A0A7J6EWA7_CANSA	Q9ER31	21.4	187	424	455	1.73e-07	47.8	29.7	40.0
tr|A0A7J6EWA7|A0A7J6EWA7_CANSA	D2GZV9	22.3	197	424	433	2.22e-07	47.4	32.3	42.3
tr|A0A7J6EWA7|A0A7J6EWA7_CANSA	Q9QYC8	22.3	197	424	469	2.33e-07	47.4	32.3	39.0
tr|A0A7J6EWA7|A0A7J6EWA7_CANSA	E1C1L6	23.8	193	424	428	2.08e-06	44.3	31.4	41.8
tr|A0A7J6EWA7|A0A7J6EWA7_CANSA	E1BPW0	23.5	200	424	432	2.10e-06	44.3	32.3	43.1
tr|A0A7J6EWA7|A0A7J6EWA7_CANSA	O75355	24.9	173	424	529	5.33e-06	43.1	25.2	32.7
tr|A0A7J6FBM2|A0A7J6FBM2_CANSA	A8QL52	22.8	478	1001	517	2.09e-10	58.9	44.1	86.5
tr|A0A7J6FBM2|A0A7J6FBM2_CANSA	Q8VPD4	22.4	483	1001	534	4.90e-10	57.8	42.8	86.3
tr|A0A7J6FBM2|A0A7J6FBM2_CANSA	P81382	21.8	481	1001	516	4.66e-07	48.1	45.2	88.8
tr|A0A7J6FGM8|A0A7J6FGM8_CANSA	Q9DBT4	34.3	67	89	613	8.47e-12	54.3	75.3	10.9
tr|A0A7J6FGM8|A0A7J6FGM8_CANSA	Q9Y227	34.3	67	89	616	1.16e-11	53.9	75.3	10.9
tr|A0A7J6FGM8|A0A7J6FGM8_CANSA	Q8TGH6	37.5	64	89	599	1.12e-08	45.4	71.9	10.7
tr|A0A7J6FGM8|A0A7J6FGM8_CANSA	Q9Y5L3	41.7	48	89	495	1.51e-08	45.1	53.9	9.7
tr|A0A7J6FGM8|A0A7J6FGM8_CANSA	P32621	37.5	88	89	518	1.51e-08	45.1	95.5	16.8
tr|A0A7J6FGM8|A0A7J6FGM8_CANSA	Q8TGG8	40.3	67	89	503	5.27e-08	43.5	69.7	13.3
tr|A0A7J6FGM8|A0A7J6FGM8_CANSA	Q9HEM6	40.7	59	89	522	5.29e-08	43.5	66.3	11.3
tr|A0A7J6FGM8|A0A7J6FGM8_CANSA	Q9UT35	38.3	60	89	556	5.31e-08	43.5	67.4	10.8
tr|A0A7J6FGM8|A0A7J6FGM8_CANSA	E1C1L6	32.3	65	89	428	6.35e-07	40.4	73.0	15.2
tr|A0A7J6FGM8|A0A7J6FGM8_CANSA	P79784	33.3	51	89	495	1.64e-06	39.3	57.3	10.3
tr|A0A7J6FGM8|A0A7J6FGM8_CANSA	P55772	27.1	59	89	510	1.65e-06	39.3	66.3	11.6
tr|A0A7J6FGM8|A0A7J6FGM8_CANSA	Q6P6S9	33.8	65	89	427	2.22e-06	38.9	73.0	15.2
tr|A0A7J6FGM8|A0A7J6FGM8_CANSA	P49961	32.7	52	89	510	2.25e-06	38.9	58.4	10.2
tr|A0A7J6FGM8|A0A7J6FGM8_CANSA	E1BPW0	33.8	65	89	432	4.15e-06	38.1	73.0	15.0
tr|A0A7J6FGM8|A0A7J6FGM8_CANSA	Q9WUZ9	32.3	65	89	427	7.76e-06	37.4	73.0	15.2
tr|A0A7J6FKW9|A0A7J6FKW9_CANSA	A8QL52	23.7	489	748	517	2.36e-17	80.5	58.8	87.6
tr|A0A7J6FKW9|A0A7J6FKW9_CANSA	P81382	25.6	484	748	516	4.80e-15	73.2	58.0	86.6
tr|A0A7J6FKW9|A0A7J6FKW9_CANSA	Q8VPD4	21.9	488	748	534	2.75e-11	61.2	58.4	88.6
tr|A0A7J6FMD8|A0A7J6FMD8_CANSA	D4AT77	31.6	215	399	775	8.54e-23	95.5	51.9	26.6
tr|A0A7J6FMD8|A0A7J6FMD8_CANSA	P19414	30.8	208	399	778	4.94e-22	93.2	49.9	25.6
tr|A0A7J6FMD8|A0A7J6FMD8_CANSA	O13966	30.6	216	399	789	6.85e-21	89.7	52.1	26.2
tr|A0A7J6FMD8|A0A7J6FMD8_CANSA	C8VG90	33.0	176	399	783	5.21e-20	87.0	44.1	21.3
tr|A0A7J6FMD8|A0A7J6FMD8_CANSA	P82611	31.1	206	399	777	6.93e-20	86.7	49.4	25.4
tr|A0A7J6FMD8|A0A7J6FMD8_CANSA	Q4WLN1	33.0	176	399	787	9.32e-20	86.3	44.1	21.2
tr|A0A7J6FMD8|A0A7J6FMD8_CANSA	P34455	34.5	139	399	777	1.24e-19	85.9	34.8	17.8
tr|A0A7J6FMD8|A0A7J6FMD8_CANSA	P49609	33.1	166	399	779	9.38e-19	83.2	41.6	20.2
tr|A0A7J6FMD8|A0A7J6FMD8_CANSA	Q54XS2	34.8	138	399	771	1.66e-18	82.4	34.6	17.8
tr|A0A7J6FMD8|A0A7J6FMD8_CANSA	P37032	26.3	270	399	891	5.63e-18	80.9	59.4	30.1
tr|A0A7J6FMD8|A0A7J6FMD8_CANSA	P20004	33.3	138	399	780	9.42e-18	80.1	34.6	17.6
tr|A0A7J6FMD8|A0A7J6FMD8_CANSA	Q99KI0	33.3	138	399	780	9.42e-18	80.1	34.6	17.6
tr|A0A7J6FMD8|A0A7J6FMD8_CANSA	P16276	33.3	138	399	781	9.43e-18	80.1	34.6	17.5
tr|A0A7J6FMD8|A0A7J6FMD8_CANSA	Q99798	33.3	138	399	780	1.26e-17	79.7	34.6	17.6
tr|A0A7J6FMD8|A0A7J6FMD8_CANSA	Q9ER34	33.3	138	399	780	1.26e-17	79.7	34.6	17.6
tr|A0A7J6FMD8|A0A7J6FMD8_CANSA	P25516	28.1	221	399	891	1.34e-17	79.7	51.1	24.7
tr|A0A7J6FMD8|A0A7J6FMD8_CANSA	Q6NH63	27.8	263	399	934	1.35e-16	76.6	58.9	27.9
tr|A0A7J6FMD8|A0A7J6FMD8_CANSA	Q8ZP52	27.1	221	399	891	1.76e-16	76.3	51.1	24.7
tr|A0A7J6FMD8|A0A7J6FMD8_CANSA	Q54X73	28.3	219	399	894	2.35e-16	75.9	51.1	24.3
tr|A0A7J6FMD8|A0A7J6FMD8_CANSA	Q8NQ98	29.2	240	399	939	3.19e-16	75.5	53.9	25.2
tr|A0A7J6FMD8|A0A7J6FMD8_CANSA	Q8FTA8	27.7	264	399	937	4.24e-16	75.1	58.9	27.9
tr|A0A7J6FMD8|A0A7J6FMD8_CANSA	Q9I3F5	28.1	221	399	910	7.43e-16	74.3	50.9	24.1
tr|A0A7J6FMD8|A0A7J6FMD8_CANSA	Q4JVM4	30.4	204	399	936	3.13e-15	72.4	45.6	21.7
tr|A0A7J6FMD8|A0A7J6FMD8_CANSA	Q0VCU1	25.5	278	399	889	4.08e-15	72.0	60.7	31.2
tr|A0A7J6FMD8|A0A7J6FMD8_CANSA	P63433	25.3	273	399	901	5.45e-15	71.6	62.2	29.5
tr|A0A7J6FMD8|A0A7J6FMD8_CANSA	P63434	25.3	273	399	901	5.45e-15	71.6	62.2	29.5
tr|A0A7J6FMD8|A0A7J6FMD8_CANSA	P99148	25.3	273	399	901	5.45e-15	71.6	62.2	29.5
tr|A0A7J6FMD8|A0A7J6FMD8_CANSA	Q5HG69	25.3	273	399	901	5.45e-15	71.6	62.2	29.5
tr|A0A7J6FMD8|A0A7J6FMD8_CANSA	Q6G9K9	25.3	273	399	901	5.45e-15	71.6	62.2	29.5
tr|A0A7J6FMD8|A0A7J6FMD8_CANSA	Q6GH55	25.3	273	399	901	5.45e-15	71.6	62.2	29.5
tr|A0A7J6FMD8|A0A7J6FMD8_CANSA	Q5SMF6	32.2	171	399	902	5.45e-15	71.6	38.8	18.8
tr|A0A7J6FMD8|A0A7J6FMD8_CANSA	Q01059	24.1	295	399	889	7.20e-15	71.2	64.9	33.1
tr|A0A7J6FMD8|A0A7J6FMD8_CANSA	O53166	29.7	175	399	943	7.36e-15	71.2	41.4	18.3
tr|A0A7J6FMD8|A0A7J6FMD8_CANSA	Q23500	28.4	194	399	887	1.27e-14	70.5	46.1	21.5
tr|A0A7J6FMD8|A0A7J6FMD8_CANSA	Q5HPJ0	26.3	217	399	901	2.26e-14	69.7	50.4	24.1
tr|A0A7J6FMD8|A0A7J6FMD8_CANSA	Q8CPC2	26.3	217	399	901	2.26e-14	69.7	50.4	24.1
tr|A0A7J6FMD8|A0A7J6FMD8_CANSA	P21399	23.7	278	399	889	3.96e-14	68.9	60.7	31.2
tr|A0A7J6FMD8|A0A7J6FMD8_CANSA	Q63270	25.2	278	399	889	3.96e-14	68.9	60.7	31.2
tr|A0A7J6FMD8|A0A7J6FMD8_CANSA	P70920	29.4	187	399	906	3.99e-14	68.9	46.4	20.3
tr|A0A7J6FMD8|A0A7J6FMD8_CANSA	D9X0I3	27.6	214	399	931	5.35e-14	68.6	50.1	22.8
tr|A0A7J6FMD8|A0A7J6FMD8_CANSA	Q9RTN7	30.2	159	399	906	7.04e-14	68.2	36.8	17.5
tr|A0A7J6FMD8|A0A7J6FMD8_CANSA	P28271	24.8	278	399	889	9.28e-14	67.8	60.7	31.2
tr|A0A7J6FMD8|A0A7J6FMD8_CANSA	Q90875	24.1	278	399	889	9.28e-14	67.8	60.7	31.2
tr|A0A7J6FMD8|A0A7J6FMD8_CANSA	P49608	27.7	202	399	898	1.24e-13	67.4	47.1	22.3
tr|A0A7J6FMD8|A0A7J6FMD8_CANSA	P09339	25.5	216	399	909	2.90e-13	66.2	50.1	23.8
tr|A0A7J6FMD8|A0A7J6FMD8_CANSA	A0QX20	27.2	191	399	943	2.94e-13	66.2	45.4	20.0
tr|A0A7J6FMD8|A0A7J6FMD8_CANSA	Q2A1K3	29.0	124	399	937	9.08e-13	64.7	31.1	13.2
tr|A0A7J6FMD8|A0A7J6FMD8_CANSA	Q8EJW3	23.9	255	399	867	3.63e-12	62.8	61.2	25.4
tr|A0A7J6FMD8|A0A7J6FMD8_CANSA	Q937N8	23.3	283	399	869	9.96e-10	55.1	68.9	29.5
tr|A0A7J6FQ30|A0A7J6FQ30_CANSA	Q1JUP4	24.3	345	413	481	9.12e-20	85.9	72.6	70.9
tr|A0A7J6FQ30|A0A7J6FQ30_CANSA	Q97UA1	25.0	220	413	478	1.69e-17	79.0	51.8	45.2
tr|A0A7J6FQ30|A0A7J6FQ30_CANSA	P42236	26.7	217	413	488	7.36e-17	77.0	51.3	43.6
tr|A0A7J6FQ30|A0A7J6FQ30_CANSA	D4GP41	24.4	349	413	482	5.40e-15	71.2	71.4	70.7
tr|A0A7J6FRM8|A0A7J6FRM8_CANSA	F4JYE9	60.8	531	558	530	2.84e-198	560	94.4	94.5
tr|A0A7J6FRM8|A0A7J6FRM8_CANSA	Q05865	32.9	383	558	430	3.53e-54	184	68.3	80.5
tr|A0A7J6FRM8|A0A7J6FRM8_CANSA	I6Y0R5	31.4	366	558	487	2.42e-34	130	63.1	69.8
tr|A0A7J6FRM8|A0A7J6FRM8_CANSA	Q9UTD0	31.4	388	558	417	2.04e-33	127	68.3	82.7
tr|A0A7J6FRM8|A0A7J6FRM8_CANSA	Q12676	28.2	376	558	427	2.77e-32	124	67.0	80.3
tr|A0A7J6FRM8|A0A7J6FRM8_CANSA	P43775	27.6	373	558	437	4.14e-30	117	65.1	76.4
tr|A0A7J6FRM8|A0A7J6FRM8_CANSA	Q8K9X3	27.3	373	558	418	2.03e-26	106	65.8	77.0
tr|A0A7J6FRM8|A0A7J6FRM8_CANSA	P08192	29.1	344	558	422	3.84e-26	105	61.1	69.9
tr|A0A7J6FRM8|A0A7J6FRM8_CANSA	P57265	28.5	365	558	411	8.32e-26	104	64.0	75.7
tr|A0A7J6FRM8|A0A7J6FRM8_CANSA	Q89AT2	26.5	355	558	426	8.58e-23	95.9	63.1	72.1
tr|A0A7J6FSN6|A0A7J6FSN6_CANSA	D3DYU7	22.0	100	111	188	8.45e-06	37.7	79.3	53.2
tr|A0A7J6GEM1|A0A7J6GEM1_CANSA	P42236	37.8	74	200	488	1.94e-09	51.2	37.0	15.2
tr|A0A7J6GEM1|A0A7J6GEM1_CANSA	Q97UA1	34.4	90	200	478	8.63e-09	49.3	45.0	18.0
tr|A0A7J6GEM1|A0A7J6GEM1_CANSA	D4GP41	32.1	84	200	482	4.17e-07	44.3	42.0	17.4
tr|A0A7J6GQP3|A0A7J6GQP3_CANSA	Q05865	34.3	332	474	430	3.36e-43	153	67.7	70.7
tr|A0A7J6GQP3|A0A7J6GQP3_CANSA	Q12676	32.1	327	474	427	1.72e-33	126	65.0	71.4
tr|A0A7J6GQP3|A0A7J6GQP3_CANSA	F4JYE9	30.0	347	474	530	2.98e-33	127	67.7	62.5
tr|A0A7J6GQP3|A0A7J6GQP3_CANSA	Q9UTD0	31.5	343	474	417	3.43e-32	122	71.1	74.3
tr|A0A7J6GQP3|A0A7J6GQP3_CANSA	P43775	40.3	154	474	437	1.38e-28	112	32.5	33.4
tr|A0A7J6GQP3|A0A7J6GQP3_CANSA	Q8K9X3	36.3	179	474	418	2.79e-28	111	36.9	40.9
tr|A0A7J6GQP3|A0A7J6GQP3_CANSA	P08192	32.8	274	474	422	5.39e-28	110	56.8	58.3
tr|A0A7J6GQP3|A0A7J6GQP3_CANSA	P57265	35.2	179	474	411	5.48e-27	107	36.5	41.8
tr|A0A7J6GQP3|A0A7J6GQP3_CANSA	Q89AT2	38.0	171	474	426	9.84e-26	103	36.1	38.0
tr|A0A7J6GQP3|A0A7J6GQP3_CANSA	I6Y0R5	28.2	344	474	487	7.05e-25	102	67.7	65.1
tr|A0A7J6GSU8|A0A7J6GSU8_CANSA	F4JYE9	60.6	531	560	530	9.99e-197	556	94.1	94.5
tr|A0A7J6GSU8|A0A7J6GSU8_CANSA	Q05865	33.0	385	560	430	2.63e-53	182	68.0	80.5
tr|A0A7J6GSU8|A0A7J6GSU8_CANSA	Q9UTD0	31.4	388	560	417	1.53e-33	127	68.0	82.7
tr|A0A7J6GSU8|A0A7J6GSU8_CANSA	I6Y0R5	31.3	367	560	487	2.09e-33	128	62.9	69.8
tr|A0A7J6GSU8|A0A7J6GSU8_CANSA	Q12676	28.2	376	560	427	2.07e-32	124	66.8	80.3
tr|A0A7J6GSU8|A0A7J6GSU8_CANSA	P43775	27.3	373	560	437	5.69e-30	117	64.8	76.4
tr|A0A7J6GSU8|A0A7J6GSU8_CANSA	Q8K9X3	27.1	373	560	418	6.74e-26	105	65.5	77.0
tr|A0A7J6GSU8|A0A7J6GSU8_CANSA	P08192	28.8	344	560	422	5.61e-25	102	60.9	69.9
tr|A0A7J6GSU8|A0A7J6GSU8_CANSA	P57265	28.2	365	560	411	6.74e-25	102	63.8	75.7
tr|A0A7J6GSU8|A0A7J6GSU8_CANSA	Q89AT2	36.2	174	560	426	8.96e-22	92.8	30.9	38.0
tr|A0A7J6H498|A0A7J6H498_CANSA	P28821	29.7	296	592	293	2.74e-22	92.4	48.5	98.6
tr|A0A7J6H498|A0A7J6H498_CANSA	P28305	29.2	250	592	269	9.03e-15	69.7	41.4	89.6
tr|A0A7J6H498|A0A7J6H498_CANSA	Q8L493	24.6	281	592	373	9.74e-13	64.7	46.1	73.7
tr|A0A7J6H498|A0A7J6H498_CANSA	Q9KQI0	31.0	129	592	267	8.00e-12	60.8	21.3	46.4
tr|A0A7J6H498|A0A7J6H498_CANSA	Q56693	25.0	280	592	271	2.01e-11	59.7	45.8	97.4
tr|A0A7J6HES8|A0A7J6HES8_CANSA	Q3SGK8	29.6	186	288	190	8.73e-11	55.1	64.2	95.3
tr|A0A7J6HES8|A0A7J6HES8_CANSA	B3PXI8	26.3	190	288	197	5.07e-09	50.1	64.9	92.4
tr|A0A7J6HES8|A0A7J6HES8_CANSA	Q1GL02	32.3	186	288	190	1.16e-08	48.9	63.9	93.2
tr|A0A7J6HES8|A0A7J6HES8_CANSA	E3J0E1	29.8	181	288	190	5.29e-08	47.0	62.5	90.5
tr|A0A7J6HES8|A0A7J6HES8_CANSA	C0RJ73	26.3	152	288	192	1.34e-07	45.8	51.7	76.0
tr|A0A7J6HES8|A0A7J6HES8_CANSA	Q57D38	26.3	152	288	192	1.34e-07	45.8	51.7	76.0
tr|A0A7J6HG00|A0A7J6HG00_CANSA	Q8L493	56.5	301	339	373	1.97e-120	347	87.6	80.7
tr|A0A7J6HHA5|A0A7J6HHA5_CANSA	P42236	29.4	102	103	488	1.56e-07	42.7	96.1	20.9
tr|A0A7J6HHA5|A0A7J6HHA5_CANSA	D4GP41	33.3	96	103	482	3.97e-07	41.6	90.3	19.9
tr|A0A7J6HLB0|A0A7J6HLB0_CANSA	Q1JUP4	35.0	472	507	481	2.12e-85	267	87.0	97.3
tr|A0A7J6HLB0|A0A7J6HLB0_CANSA	Q97UA1	36.0	464	507	478	1.78e-82	259	84.4	96.2
tr|A0A7J6HLB0|A0A7J6HLB0_CANSA	P42236	34.3	475	507	488	1.79e-81	257	86.2	96.5
tr|A0A7J6HLB0|A0A7J6HLB0_CANSA	D4GP41	33.8	482	507	482	5.31e-73	234	87.4	98.8
tr|A0A7J6HLB0|A0A7J6HLB0_CANSA	Q08IC0	22.8	425	507	525	1.89e-07	48.1	72.4	77.7
tr|A0A7J6I2U8|A0A7J6I2U8_CANSA	Q8L493	60.2	362	406	373	3.69e-143	407	88.9	93.3
tr|A0A7J6I2U8|A0A7J6I2U8_CANSA	P28821	25.0	272	406	293	2.42e-11	58.9	65.8	88.4
tr|A0A7J6I2U8|A0A7J6I2U8_CANSA	P28305	26.2	187	406	269	4.04e-08	48.9	45.8	68.0
tr|A0A7J6I6M0|A0A7J6I6M0_CANSA	A8QL52	44.1	59	487	517	3.74e-06	43.9	11.7	11.4
tr|A0A7J6I8N0|A0A7J6I8N0_CANSA	D4GP41	22.4	441	595	482	1.51e-13	67.8	65.9	86.9
tr|A0A7J6I8N0|A0A7J6I8N0_CANSA	Q97UA1	24.7	372	595	478	9.37e-11	58.9	54.1	73.4
tr|A0A7J6I8N0|A0A7J6I8N0_CANSA	P42236	24.3	341	595	488	1.67e-10	58.2	49.2	67.0
tr|A0A7J6I8N0|A0A7J6I8N0_CANSA	Q1JUP4	28.5	200	595	481	2.87e-10	57.4	31.8	38.0
